case,cores,our_makespan,external_makespan,makespan_reduction_cycles,makespan_reduction_pct,our_speedup,external_speedup,our_added_bytes,external_added_bytes,external_partition_added_bytes,external_spill_added_bytes,external_method,external_tasks,external_candidate_count,external_search_seconds,external_final_seconds
case_001,1,233110,233110,0,0.0,1.0,1.0,0,0,0,0,official_singlecore,1,1,0.1688606140014599,0.0
case_001,2,123018,116868,6150,4.999268399746379,1.8949259457965502,1.9946435294520313,265344,1152,1152,0,component_round_robin,2,3,0.26612436399955186,0.0
case_001,3,85849,78545,7304,8.50796165360109,2.715349043087281,2.9678528232223567,241920,2304,2304,0,component_round_robin,3,2,0.09166107499913778,0.0
case_001,4,67883,58984,8899,13.109320448418602,3.4339967296672214,3.952088702020887,470400,3456,3456,0,component_round_robin,4,2,0.10345976199823781,0.0
case_001,5,50223,47502,2721,5.417836449435518,4.641498914839814,4.9073723211654245,45312,4608,4608,0,component_round_robin,5,2,0.08104591900337255,0.0
case_002,1,261945,261945,0,0.0,1.0,1.0,0,0,0,0,official_singlecore,1,1,0.6741832259976945,0.0
case_002,2,138077,133697,4380,3.172143079586028,1.8970936506442058,1.9592436629094145,477696,27648,27648,0,window16_heft,10,5,2.0297692909953184,0.0
case_002,3,95931,93813,2118,2.207836882759483,2.730556337367483,2.792203639154488,532992,27648,27648,0,window16_heft,10,5,1.8803133239998715,0.0
case_002,4,74618,93916,-19298,-25.862392452223325,3.5104800450293494,2.789141360364581,536064,27648,27648,0,window16_heft,10,5,1.9101233200017305,0.0
case_002,5,60651,86435,-25784,-42.51207729468599,4.3188900430330905,3.030543182738474,536064,640512,640512,0,window8_heft,208,5,1.6585626029991545,0.0
case_003,1,602212,602212,0,0.0,1.0,1.0,0,0,0,0,official_singlecore,1,1,28.586165812001127,0.0
case_003,2,462800,406278,56522,12.21305099394987,1.3012359550561798,1.4822658376776492,8565562,6325946,6325946,0,window16_heft,217,5,144.9212844970025,0.0
case_003,3,378576,333769,44807,11.835668399475932,1.5907294704365833,1.8042778089037628,9989392,6325946,6325946,0,window16_heft,217,5,136.79646960800164,0.0
case_003,4,329107,301609,27498,8.355337321904425,1.8298364969447627,1.9966645557659088,11891502,6325946,6325946,0,window16_heft,217,5,131.97733422300007,0.0
case_003,5,294109,287876,6233,2.119282306899823,2.047580998881367,2.0919145743306147,11891502,6325946,6325946,0,window16_heft,217,5,126.5130545869979,0.0
case_004,1,392357,392357,0,0.0,1.0,1.0,0,0,0,0,official_singlecore,1,1,0.1863137899999856,0.0
case_004,2,223999,199074,24925,11.127281818222404,1.7516015696498646,1.9709103147573264,3775488,110592,110592,0,component_round_robin,2,3,0.23571397999694454,0.0
case_004,3,154080,134043,20037,13.004283489096574,2.54644989615784,2.927098020784375,3812352,221184,221184,0,component_round_robin,3,3,0.24815914899954805,0.0
case_004,4,132261,104188,28073,21.225455727689948,2.966535864691784,3.765855952700887,3978240,331776,331776,0,component_round_robin,4,2,0.11829084499913733,0.0
case_004,5,110692,88341,22351,20.192064467170166,3.544583167708597,4.441391879195391,4171776,442368,442368,0,component_round_robin,5,2,0.08490876599898911,0.0
case_005,1,95618,95618,0,0.0,1.0,1.0,0,0,0,0,official_singlecore,1,1,3.0853133630007505,0.0
case_005,2,91571,73560,18011,19.668890806041215,1.0441952146421902,1.2998640565524742,2718104,1551834,1551834,0,window16_heft,59,5,13.681851654004276,0.0
case_005,3,88392,65325,23067,26.096253054575076,1.0817494795909133,1.4637275162648298,2736536,1551834,1551834,0,window16_heft,59,5,13.015445593002369,0.0
case_005,4,87624,63407,24217,27.637405277093034,1.0912307130466539,1.5080038481555664,2736440,1551834,1551834,0,window16_heft,59,5,12.365348244995403,0.0
case_005,5,87840,62867,24973,28.430100182149364,1.088547358834244,1.5209569408433679,2736440,1551834,1551834,0,window16_heft,59,5,12.299685838002915,0.0
case_006,1,82837,82837,0,0.0,1.0,1.0,16400,16400,0,16400,official_singlecore,1,1,0.1095762030017795,0.0
case_006,2,45330,42379,2951,6.510037502757556,1.8274211339069049,1.9546709455154676,566668,56200,43904,12296,component_lpt,2,5,0.516678692001733,0.0
case_006,3,31819,31152,667,2.096231811181998,2.603381627329583,2.659123009758603,582028,43904,43904,0,component_lpt,3,5,0.5247900629983633,0.0
case_006,4,31094,27328,3766,12.111661413777577,2.6640831028494243,3.0312134074941453,533902,511204,511204,0,window8_heft,51,8,1.1095205580022593,0.0
case_006,5,32579,27728,4851,14.889959790048804,2.5426501734245988,2.9874855741488746,566668,511204,511204,0,window8_heft,51,8,1.0599673430006078,0.0
case_007,1,1012562,1012562,0,0.0,1.0,1.0,0,0,0,0,official_singlecore,1,1,4.03206889500143,0.0
case_007,2,554554,507494,47060,8.48609873880632,1.8259033385387176,1.9952196479170197,3703296,27648,27648,0,component_round_robin,2,3,2.545831920000637,2.284269014002348
case_007,3,383009,338094,44915,11.726878480662334,2.6437028894882366,2.994912657426633,3675648,55296,55296,0,component_round_robin,3,3,2.440737391996663,1.4331258060010441
case_007,4,289431,254398,35033,12.104093894572454,3.4984573179790694,3.980227831979811,3821568,82944,82944,0,component_round_robin,4,3,2.1245449370035203,1.0262197789998027
case_007,5,240492,203834,36658,15.242918683365767,4.210377060359596,4.967581463347626,4365312,110592,110592,0,component_round_robin,5,3,2.0871106139966287,0.9775176880029903
case_008,1,487605,487605,0,0.0,1.0,1.0,0,0,0,0,official_singlecore,1,1,0.289581385000929,0.0
case_008,2,253697,244266,9431,3.717426694048412,1.9219975009558647,1.9962049568912579,73728,0,0,0,component_round_robin,2,3,0.4021841770008905,0.0
case_008,3,171575,163359,8216,4.78857642430424,2.841935013842343,2.984867684057811,0,0,0,0,component_round_robin,3,3,0.3871683649995248,0.0
case_008,4,135279,123060,12219,9.032444060053667,3.604439713481028,3.962335446123842,0,0,0,0,component_round_robin,4,2,0.14053055600015796,0.0
case_008,5,116950,100603,16347,13.97776827704147,4.169345874305258,4.846823653370178,0,0,0,0,component_round_robin,5,2,0.21152406600231188,0.0
case_009,1,153261,153261,0,0.0,1.0,1.0,0,0,0,0,official_singlecore,1,1,6.339272732999234,0.0
case_009,2,132262,92198,40064,30.291391329331177,1.1587682025071449,1.66230286991041,1481610,0,0,0,component_lpt,2,7,30.042246764001902,5.468899479998072
case_009,3,117616,91440,26176,22.255475445517618,1.3030625085022447,1.6760826771653543,1951934,809214,809214,0,window16_heft,177,8,31.94119686799968,0.0
case_009,4,117873,83225,34648,29.394348154369535,1.3002214247537605,1.8415259837789126,1951422,809214,809214,0,window16_heft,177,8,31.78375558900734,0.0
case_009,5,120100,75973,44127,36.74188176519567,1.2761115736885928,2.017308780751056,1948354,809214,809214,0,window16_heft,177,8,32.719902529006504,0.0
case_010,1,86969,86969,0,0.0,1.0,1.0,0,0,0,0,official_singlecore,1,1,0.09939231899988954,0.0
case_010,2,48487,45626,2861,5.900550663064327,1.7936560315136016,1.9061280848638933,586384,48384,48384,0,component_pipe_balance,2,5,0.4565400879982917,0.0
case_010,3,39104,30856,8248,21.092471358428806,2.224043576104746,2.8185442053409386,586384,48384,48384,0,component_pipe_balance,3,5,0.4438715790056449,0.0
case_010,4,33256,29856,3400,10.223719028145297,2.6151371181140246,2.9129488210075025,590172,96768,96768,0,component_pipe_balance,4,5,0.43229248800344067,0.0
case_010,5,28842,30234,-1392,-4.826294986478053,3.0153595451078288,2.876529734735728,958646,710360,710360,0,window8_heft,87,8,0.9250920759986911,0.0
case_011,1,184697,184697,0,0.0,1.0,1.0,0,0,0,0,official_singlecore,1,1,0.11520347199984826,0.0
case_011,2,102580,92646,9934,9.68414895691168,1.800516669916163,1.9935777043801135,2957312,180224,180224,0,component_round_robin,2,3,0.29665903800196247,0.0
case_011,3,77052,69625,7427,9.63894512796553,2.397043555001817,2.6527396768402154,3284992,1081344,1081344,0,component_round_robin,3,3,0.2986103970069962,0.0
case_011,4,69067,46880,22187,32.12387971100526,2.6741714567014636,3.9397824232081913,3276800,540672,540672,0,component_round_robin,4,2,0.15347728700362495,0.0
case_011,5,69067,47287,21780,31.534596840748836,2.6741714567014636,3.905872649988369,3276800,1622016,1622016,0,component_round_robin,5,2,0.169734052997228,0.0
case_012,1,59088,59088,0,0.0,1.0,1.0,0,0,0,0,official_singlecore,1,1,0.21751482499894337,0.0
case_012,2,31452,30094,1358,4.317690448938064,1.8786722624952308,1.9634478633614674,231542,28800,28800,0,component_pipe_balance,2,5,0.9829267620043538,0.0
case_012,3,24032,20637,3395,14.126997336884154,2.458721704394141,2.8632068614624218,308780,39168,39168,0,component_lpt,3,5,1.1415597169980174,0.0
case_012,4,19733,16168,3565,18.06618355039781,2.994374904981503,3.6546264225630876,308780,49536,49536,0,component_lpt,4,5,1.01233145399965,0.0
case_012,5,17653,13406,4247,24.058233727978248,3.3471931116524103,4.407578696106221,308780,53568,53568,0,component_lpt,5,4,0.7853059240042057,0.0
case_013,1,263949,263949,0,0.0,1.0,1.0,0,0,0,0,official_singlecore,1,1,1.437049828000454,0.0
case_013,2,150293,132198,18095,12.039815560272269,1.7562294983798314,1.9966187083011846,2646016,8192,8192,0,component_round_robin,2,3,1.4602962160024617,0.0
case_013,3,113875,88351,25524,22.41405049396268,2.3178836443468716,2.98750438591527,3037184,16384,16384,0,component_round_robin,3,3,0.9675908609970065,0.0
case_013,4,88543,66982,21561,24.350880363213353,2.9810261680765278,3.9405959810098237,2646016,24576,24576,0,component_round_robin,4,3,0.9034203449991765,0.0
case_013,5,88581,54363,34218,38.629051376706066,2.9797473498831577,4.855305998565201,2648064,32768,32768,0,component_round_robin,5,3,0.7718268169955991,0.0
case_014,1,17698626,17698626,0,0.0,1.0,1.0,71010720,71010720,0,71010720,official_singlecore,1,1,987.1031562520002,0.0
case_014,2,9789960,8809441,980519,10.015556754062326,1.807834352745057,2.0090521067114246,192577700,100009368,96850440,3158928,component_batches,150,4,88.63729929399778,0.0
case_014,3,6951364,5934863,1016501,14.623043765223631,2.546065203893797,2.982145670422384,193506212,98997144,95838216,3158928,component_batches,150,4,88.20356369699584,0.0
case_014,4,5547598,4513468,1034130,18.64104068102988,3.190322370150108,3.921292008717022,192767396,101075352,97916424,3158928,component_batches,152,4,2030.676986897004,0.0
case_014,5,4697656,3678253,1019403,21.70024795344742,3.7675440687866457,4.811693486010886,193966244,104708616,99970224,4738392,component_batches,152,4,2009.407384392005,0.0
case_015,1,177362,177362,0,0.0,1.0,1.0,180256,180256,0,180256,official_singlecore,1,1,0.21146789400154375,0.0
case_015,2,93955,90480,3475,3.698579107019318,1.8877334894364324,1.960234305923961,1044220,199944,109824,90120,component_lpt,2,5,1.0587849149960675,0.0
case_015,3,87939,60815,27124,30.844107847485187,2.0168753340383674,2.9164186467154485,1038332,212736,212736,0,component_batches,5,5,1.1654282650051755,0.0
case_015,4,74224,48866,25358,34.16415175684415,2.3895505496874327,3.6295583841525807,2845122,365824,324864,40960,component_lpt,4,5,1.1509227800015651,0.0
case_015,5,71787,42569,29218,40.70096256982462,2.4706701770515553,4.166459160421903,2845122,326144,317952,8192,component_pipe_balance,5,5,1.0766329260040948,0.0
case_016,1,7715523,7715523,0,0.0,1.0,1.0,0,0,0,0,official_singlecore,1,1,53.60585410699787,0.0
case_016,2,5440637,5619775,-179138,-3.2925923931333774,1.4181286125135715,1.3729238270215445,134500220,119572408,119572408,0,chain_heft,7015,3,85.16735316999984,0.0
case_016,3,4478897,4734206,-255309,-5.7002650429335615,1.7226390783266505,1.6297396015298025,134500220,119572408,119572408,0,chain_heft,7015,3,84.23131626699615,0.0
case_016,4,4266542,4545411,-278869,-6.536183166601899,1.808378541685515,1.6974313213920589,134500220,119572408,119572408,0,chain_heft,7015,3,76.91726146599467,0.0
case_016,5,4158373,4082154,76219,1.8329043594694368,1.8554186938016384,1.8900617174168344,134500220,119572408,119572408,0,chain_heft,7015,3,75.71178466699712,0.0
case_017,1,162810,162810,0,0.0,1.0,1.0,22528,22528,0,22528,official_singlecore,1,1,0.40250874500270584,0.0
case_017,2,86968,81776,5192,5.970011958421488,1.872067887038911,1.99092643318333,445936,87552,87552,0,component_lpt,2,5,1.4331942880016868,0.0
case_017,3,58877,49383,9494,16.125142245698658,2.7652563819488085,3.296883542919628,427492,175104,175104,0,component_batches,8,5,1.4066333259979729,0.0
case_017,4,58607,39733,18874,32.20434419096695,2.7779958025491833,4.097601489945386,1472406,259200,259200,0,component_batches,8,5,1.5734518399985973,0.0
case_017,5,49911,33998,15913,31.88275129730921,3.262006371340987,4.788811106535679,1472406,340992,340992,0,component_batches,9,5,1.5048983720007527,0.0
case_018,1,1004367,1004367,0,0.0,1.0,1.0,1970176,1970176,0,1970176,official_singlecore,1,1,1.9677774890005821,0.0
case_018,2,560808,504287,56521,10.07849388739105,1.7909284460991997,1.9916575283519107,8809488,2880512,1299456,1581056,component_round_robin,2,4,4.7795668019934965,0.0
case_018,3,392394,339082,53312,13.586344337579066,2.5595880670958273,2.9620180369350186,8383504,4131968,4131968,0,component_batches,13,5,6.244853739000973,0.0
case_018,4,316398,253676,62722,19.823766269066176,3.1743784726831397,3.9592511707847806,8436752,4938752,3779584,1159168,component_lpt,4,5,5.920748383003229,0.0
case_018,5,271848,205219,66629,24.509652452841294,3.694590359318443,4.894122863867381,8879120,5345280,4706304,638976,component_lpt,5,5,5.445543070003623,0.0
case_019,1,81144,81144,0,0.0,1.0,1.0,0,0,0,0,official_singlecore,1,1,0.08856598700003815,0.0
case_019,2,46867,41643,5224,11.14643565835236,1.731367486717733,1.9485627836611195,277524,27168,27168,0,component_lpt,2,5,0.361755620000622,0.0
case_019,3,31916,28153,3763,11.790324602080462,2.5424238626394287,2.8822505594430434,295712,27168,27168,0,component_batches,4,5,0.35080880199893727,0.0
case_019,4,25256,24099,1157,4.581089642065252,3.212860310421286,3.3671106684924688,256668,51744,51744,0,component_pipe_balance,4,4,0.2667458730029466,0.0
case_019,5,23450,21122,2328,9.927505330490405,3.4602985074626864,3.841681658933813,568740,386184,386184,0,window16_heft,47,8,0.894073875999311,0.0
case_020,1,532746,532746,0,0.0,1.0,1.0,0,0,0,0,official_singlecore,1,1,7.967555757997616,0.0
case_020,2,274893,266580,8313,3.0240857351769597,1.9380122447643264,1.9984469952734638,1007616,0,0,0,component_lpt,2,4,6.590593965000153,4.7172976619986
case_020,3,186125,177950,8175,4.392209536601746,2.8623022162525187,2.993796010115201,1097728,0,0,0,component_lpt,3,4,6.7310893809990375,3.331490519001818
case_020,4,140370,133704,6666,4.7488779653772175,3.7952981406283395,3.984518039849219,1052672,0,0,0,component_lpt,4,4,6.179589843995927,2.299264041997958
case_020,5,113552,107650,5902,5.197618712131887,4.6916478793856555,4.948871342313051,1060864,0,0,0,component_lpt,5,4,5.85388052199778,2.0870336670013785
case_021,1,6567937,6567937,0,0.0,1.0,1.0,4501504,4501504,0,4501504,official_singlecore,1,1,4.901128307003091,0.0
case_021,2,3168548,3109260,59288,1.8711409768764746,2.0728538750241436,2.11237947292925,50104320,9113600,9113600,0,component_batches,16,3,2.9939781749963004,0.0
case_021,3,2124156,2101777,22379,1.0535478561838207,3.092021960722282,3.1249447491337095,50071552,12288000,12288000,0,component_batches,18,3,3.3616894549995777,0.0
case_021,4,1611899,1550324,61575,3.8200284260986574,4.07465790350388,4.236493145948847,50057216,4608000,4608000,0,component_round_robin,4,3,2.9447374110022793,1.4073679719986103
case_021,5,1313319,1249504,63815,4.859063182669252,5.001021838563212,5.256435353548288,50089984,14438400,14438400,0,component_batches,20,3,4.056352199007961,0.0
case_022,1,56780,56780,0,0.0,1.0,1.0,0,0,0,0,official_singlecore,1,1,0.3675609559977602,0.0
case_022,2,30615,28303,2312,7.551853666503348,1.8546464151559694,2.006147758188178,261196,6912,6912,0,component_pipe_balance,2,5,1.1638006379980652,0.0
case_022,3,23185,18978,4207,18.145352598662928,2.4489971964632304,2.9918853409210664,245832,13824,13824,0,component_lpt,3,5,1.2556397789921903,0.0
case_022,4,21271,14336,6935,32.603074608622066,2.669362042217103,3.960658482142857,642198,20736,20736,0,component_lpt,4,5,1.2582984599976044,0.0
case_022,5,21681,11603,10078,46.48309579816429,2.6188828928554955,4.893562009825045,642198,20736,20736,0,component_lpt,5,5,1.3837179989968718,0.0
case_023,1,122614,122614,0,0.0,1.0,1.0,0,0,0,0,official_singlecore,1,1,0.19937569400281063,0.0
case_023,2,70543,61065,9478,13.435776760273875,1.7381455282593596,2.0079259805125687,462508,73728,73728,0,component_lpt,2,5,0.9773822889910662,0.0
case_023,3,48836,40682,8154,16.69669915636006,2.5107297894995497,3.0139619487734133,756744,207264,207264,0,component_lpt,3,5,0.9628060089999053,0.0
case_023,4,38355,30516,7839,20.438013296832224,3.1968191891539566,4.018023332022546,740360,281280,281280,0,component_lpt,4,5,1.1718467210012022,0.0
case_023,5,31905,24573,7332,22.98072402444758,3.843096693308259,4.989785536971473,723976,344640,344640,0,component_lpt,5,4,0.7725485970040609,0.0
case_024,1,2555343,2555343,0,0.0,1.0,1.0,0,0,0,0,official_singlecore,1,1,5.845834182000544,0.0
case_024,2,1803647,1782398,21249,1.1781130121359666,1.4167644777498036,1.4336545485351757,44243528,39329048,39329048,0,window4_heft,1313,5,14.256823422008893,0.0
case_024,3,1483888,1556206,-72318,-4.8735484079661,1.7220592120160012,1.6420338952555125,44243528,39329048,39329048,0,window4_heft,1313,5,13.403988716003369,0.0
case_024,4,1413568,1401810,11758,0.8317958527640693,1.8077255568886677,1.8228882658848204,44243528,39329048,39329048,0,window4_heft,1313,5,12.953215084002295,0.0
case_024,5,1378992,1333910,45082,3.2691995312518127,1.8530513592537157,1.9156787189540523,44243528,39329048,39329048,0,window4_heft,1313,5,13.162525031002588,0.0
case_025,1,4863026,4863026,0,0.0,1.0,1.0,0,0,0,0,official_singlecore,1,1,109.21662031199958,0.0
case_025,2,2782996,2431840,351156,12.617912494304699,1.7474067515727654,1.9997310678334101,26403840,27648,27648,0,component_round_robin,2,3,26.98665150200395,93.85736999499932
case_025,3,1864617,1622164,242453,13.002831144411962,2.6080562388951725,2.9978633479722148,26428416,55296,55296,0,component_round_robin,3,3,24.297653247998824,50.16554900399933
case_025,4,1401788,1217444,184344,13.15063333399915,3.469159387867495,3.9944555971362954,26436096,82944,82944,0,component_round_robin,4,3,23.764528892999806,35.20481281499815
case_025,5,1128061,975282,152779,13.5435051827871,4.3109601342480595,4.986276789687495,26463744,110592,110592,0,component_round_robin,5,3,22.211157023997657,30.64801237500069
case_026,1,99203,99203,0,0.0,1.0,1.0,0,0,0,0,official_singlecore,1,1,0.0884879129989713,0.0
case_026,2,62536,55057,7479,11.959511321478828,1.5863342714596393,1.8018235646693428,1435860,21936,21936,0,component_lpt,2,5,0.36458650500208023,0.0
case_026,3,50092,41670,8422,16.81306396230935,1.9804160344965265,2.380681545476362,1425620,95664,95664,0,component_lpt,3,5,0.4317174929965404,0.0
case_026,4,50038,42208,7830,15.648107438346857,1.9825532595227626,2.3503364291129643,1454292,191328,191328,0,component_lpt,4,8,0.9112460339965764,0.0
case_026,5,50757,44780,5977,11.775715664834408,1.9544693342790158,2.2153416703885664,1458396,211680,211680,0,component_pipe_balance,5,8,0.9422062650010048,0.0
case_027,1,2363952,2363952,0,0.0,1.0,1.0,1400832,1400832,0,1400832,official_singlecore,1,1,0.6469204340028227,0.0
case_027,2,1157230,1119508,37722,3.2596804438184286,2.042767643424384,2.1115990238569085,18079744,3317760,3317760,0,component_batches,8,3,0.7024608869978692,0.0
case_027,3,816499,837049,-20550,-2.5168432539415235,2.8952295103851933,2.8241500796249683,19480576,3686400,3686400,0,component_round_robin,3,3,0.9552919630004908,0.0
case_027,4,644890,559196,85694,13.288157670300361,3.6656670129789575,4.227412213249022,19480576,3317760,3317760,0,component_round_robin,4,3,0.7925533560010081,0.0
case_027,5,644890,558753,86137,13.35685155607933,3.6656670129789575,4.230763861670542,19480576,5529600,5529600,0,component_round_robin,5,3,0.8764752049974049,0.0
case_028,1,43836040,43836040,0,0.0,1.0,1.0,277412256,277412256,0,277412256,official_singlecore,1,1,188.37078717999975,0.0
case_028,2,20808183,22648929,-1840746,-8.846260146789367,2.106673129508713,1.9354575220753263,310682880,290612448,163284480,127327968,component_batches,77,3,146.32103168499816,0.0
case_028,3,13957556,16289869,-2332313,-16.71003863427093,3.1406673202672444,2.6910001547587643,310848768,291085560,165432960,125652600,component_batches,78,3,81.3155668549989,0.0
case_028,4,10676362,13397525,-2721163,-25.487736365627168,4.105896746476,3.271950602816565,310848768,290612448,163284480,127327968,component_batches,77,3,61.39494723400276,0.0
case_028,5,9004662,11427204,-2422542,-26.903197477040226,4.868149409716878,3.836112490859531,286344264,291085560,165432960,125652600,component_batches,78,3,54.41444840999611,0.0
case_029,1,37555,37555,0,0.0,1.0,1.0,0,0,0,0,official_singlecore,1,1,0.17688019500201335,0.0
case_029,2,21011,19740,1271,6.049212317357575,1.7873970777211936,1.9024822695035462,215168,0,0,0,component_round_robin,2,3,0.2699092609946092,0.0
case_029,3,15845,12743,3102,19.57715367623856,2.3701483117702744,2.9471082162756024,77858,0,0,0,component_round_robin,3,3,0.26000322999607306,0.0
case_029,4,19188,11028,8160,42.52657911194497,1.9572128413591827,3.405422560754443,182572,0,0,0,component_round_robin,4,2,0.1321780319995014,0.0
case_029,5,15573,9383,6190,39.74828228343929,2.4115456238361266,4.002451241607162,139392,0,0,0,component_round_robin,5,2,0.11328813100044499,0.0
case_030,1,2808034,2808034,0,0.0,1.0,1.0,5519360,5519360,0,5519360,official_singlecore,1,1,27.84642445099962,0.0
case_030,2,1480948,1399653,81295,5.489389229061385,1.8961057376761372,2.0062358313096174,26450440,14469120,14469120,0,component_batches,42,4,16.663616169000306,0.0
case_030,3,1033665,933857,99808,9.655739528764155,2.716580323412324,3.0069207598165457,28039688,9242624,3901440,5341184,component_pipe_balance,3,4,20.164660593003646,33.1591955570002
case_030,4,826197,700342,125855,15.233049744794522,3.3987463038476298,4.009518206818954,27921928,10404864,5819392,4585472,component_pipe_balance,4,4,18.757958230999066,32.4330762569989
case_030,5,822040,561102,260938,31.742737579679822,3.415933531215026,5.004498290863337,27385352,11479040,7463936,4015104,component_pipe_balance,5,4,20.603198732002056,31.713568997001857
case_031,1,1414369,1414369,0,0.0,1.0,1.0,3491328,3491328,0,3491328,official_singlecore,1,1,7.781728756999655,0.0
case_031,2,767070,712262,54808,7.145110615719556,1.8438591002124969,1.985742605951181,14805214,5250048,1731072,3518976,component_lpt,2,5,11.851191740002832,9.465232614998968
case_031,3,549864,473822,76042,13.829237775158948,2.5722160388750672,2.985021801435982,16894362,7544832,3462144,4082688,component_lpt,3,5,12.084138523001457,9.61164621500211
case_031,4,444414,358129,86285,19.415454958664668,3.182548254555437,3.9493283146575675,16928154,7953408,5125632,2827776,component_lpt,4,5,11.968355773999065,8.909048545003316
case_031,5,383314,284848,98466,25.68807818133436,3.6898443573675888,4.965346430376902,16928154,7931904,6274560,1657344,component_lpt,5,5,12.403356696999253,8.211634933002642
case_032,1,41443,41443,0,0.0,1.0,1.0,0,0,0,0,official_singlecore,1,1,0.15295621200129972,0.0
case_032,2,24411,20102,4309,17.651878251607883,1.6977182417762484,2.0616356581434685,422634,6216,6216,0,component_batches,5,5,0.5571793250019255,0.0
case_032,3,21016,14137,6879,32.732204035020935,1.971973734297678,2.93152719813256,566472,12432,12432,0,component_lpt,3,5,0.5574419430013222,0.0
case_032,4,16054,11004,5050,31.456334869814377,2.5814750218014204,3.7661759360232643,308914,18576,18576,0,component_lpt,4,5,0.5926348489992961,0.0
case_032,5,18512,10415,8097,43.73919619706137,2.238710025929127,3.9791646663466156,641388,12360,12360,0,component_pipe_balance,5,4,0.39044733000264387,0.0
case_033,1,1774196,1774196,0,0.0,1.0,1.0,4592640,4592640,0,4592640,official_singlecore,1,1,3.770418955002242,0.0
case_033,2,933029,889697,43332,4.644228635980232,1.9015443249888266,1.994157561506895,17253152,6664224,2077728,4586496,component_lpt,2,5,14.807198175003577,0.0
case_033,3,651228,592065,59163,9.084836647072915,2.7243853151277277,2.9966236815214544,17306912,6990912,3989568,3001344,component_lpt,3,5,6.4653043350008375,4.148455112001102
case_033,4,520489,443447,77042,14.801849798939074,3.4087098862800174,4.000920064855552,19507818,7214688,5279328,1935360,component_lpt,4,5,6.502067995006655,3.7984153510005854
case_033,5,445303,355102,90201,20.256095287927547,3.9842444358111218,4.996299654747086,19539018,7816320,6509184,1307136,component_lpt,5,5,7.192215954997664,3.2918849349989614
case_034,1,842996,842996,0,0.0,1.0,1.0,1079832,1079832,0,1079832,official_singlecore,1,1,3.6336992750002537,0.0
case_034,2,451139,418477,32662,7.239897237880121,1.8685948233249619,2.0144380694757418,9837932,2904064,2822144,81920,component_batches,17,5,6.330451005003852,0.0
case_034,3,339740,278067,61673,18.15299935244599,2.481297462765644,3.0316290678145914,12183994,2762240,2328576,433664,component_lpt,3,5,6.6253266260027885,5.729171016999317
case_034,4,274188,211953,62235,22.69792988752243,3.0745182137803257,3.9772779814392814,12211642,3052032,2994688,57344,component_lpt,4,5,7.869028719997004,3.7893432839991874
case_034,5,252888,171637,81251,32.12924298503685,3.3334756888424915,4.911505095055262,12190138,3667968,3618816,49152,component_lpt,5,5,7.168092403000628,3.4687638850009535
case_035,1,169571,169571,0,0.0,1.0,1.0,0,0,0,0,official_singlecore,1,1,2.7937987289988087,0.0
case_035,2,134660,95406,39254,29.15045299272241,1.2592529333135303,1.7773620107750037,2328824,0,0,0,component_lpt,2,7,15.133704689997103,0.0
case_035,3,125507,95424,30083,23.96918100185647,1.351087987124224,1.77702674379611,2368256,0,0,0,component_pipe_balance,3,8,21.500638523004454,0.0
case_035,4,125981,85446,40535,32.175486779752504,1.346004556242608,1.9845399433560378,2328824,1156872,1156872,0,window16_heft,149,8,21.623262015004002,0.0
case_035,5,126070,79391,46679,37.026255255017055,1.3450543348933133,2.135897016034563,2328824,1156872,1156872,0,window16_heft,149,8,17.814556641995296,0.0
case_036,1,931510,931510,0,0.0,1.0,1.0,0,0,0,0,official_singlecore,1,1,2.056809854002495,0.0
case_036,2,473570,466068,7502,1.5841375087104335,1.9669953755516607,1.998656848356892,366336,1152,1152,0,component_round_robin,2,3,1.722464097001648,1.1794479689997388
case_036,3,323419,311345,12074,3.7332376885711724,2.880195659500524,2.991890025534375,507264,2304,2304,0,component_round_robin,3,3,1.6031075149949174,0.7690870039987203
case_036,4,245909,233584,12325,5.0120166403019,3.788027278383467,3.987901568600589,507264,3456,3456,0,component_round_robin,4,3,1.5928244740061928,0.6530172160018992
case_036,5,206700,187182,19518,9.44267053701016,4.506579583938074,4.976493466252097,1004544,4608,4608,0,component_round_robin,5,3,1.5007504130007874,0.6410885459990823
case_037,1,210001,210001,0,0.0,1.0,1.0,0,0,0,0,official_singlecore,1,1,0.13965726000242284,0.0
case_037,2,129217,105374,23843,18.45190648289312,1.6251808972503619,1.992910964754114,3848192,204800,204800,0,component_round_robin,2,3,0.25589839199892594,0.0
case_037,3,95365,74038,21327,22.363550568866984,2.2020762334189694,2.836394824279424,3731456,1064960,1064960,0,component_round_robin,3,3,0.40263247399707325,0.0
case_037,4,80538,53320,27218,33.795227097767516,2.6074772157242543,3.938503375843961,3717120,614400,614400,0,component_round_robin,4,2,0.13639304900061688,0.0
case_037,5,75093,43800,31293,41.67232631536894,2.7965456167685403,4.794543378995434,3731456,1925120,1925120,0,component_round_robin,5,2,0.223757943000237,0.0
case_038,1,1364555,1364555,0,0.0,1.0,1.0,5627904,5627904,0,5627904,official_singlecore,1,1,10.481906820001313,0.0
case_038,2,734652,674500,60152,8.187822261424456,1.8574168449823862,2.0230615270570795,10359372,6790656,2517504,4273152,component_lpt,2,5,13.60774864600171,12.381256766999286
case_038,3,514914,452248,62666,12.170187642985042,2.650063894164851,3.0172714970547134,10418764,8097792,4936704,3161088,component_lpt,3,5,13.872634724997624,12.459037492000789
case_038,4,413457,339624,73833,17.857479737917124,3.3003552969232595,4.017840317527619,10596940,9295872,6514176,2781696,component_lpt,4,5,13.523521316001279,11.124377059997641
case_038,5,359513,275133,84380,23.47063944836487,3.795565111692762,4.959619529463932,11026508,9676800,8567808,1108992,component_lpt,5,5,14.266667785999744,11.060606351002207
case_039,1,1435262,1435262,0,0.0,1.0,1.0,7929856,7929856,0,7929856,official_singlecore,1,1,9.31398392200208,0.0
case_039,2,841140,698008,143132,17.01643008298262,1.7063295051953302,2.056225716610698,22433792,18210816,18210816,0,component_batches,24,3,5.840597643997171,0.0
case_039,3,649664,485565,164099,25.259056989459168,2.209237390404886,2.9558596686334475,22781952,14323712,8404992,5918720,component_round_robin,3,3,5.66066730500097,11.036624511998525
case_039,4,564871,395323,169548,30.015348637122457,2.5408668527858573,3.6306058590064327,24850432,17604608,12607488,4997120,component_round_robin,4,3,6.4874371890000475,9.055688888998702
case_039,5,511084,431161,79923,15.637938186286403,2.808270264770566,3.3288307615948565,24543232,20480000,16809984,3670016,component_round_robin,5,3,6.633502104003128,10.51654389900068
case_040,1,253454,253454,0,0.0,1.0,1.0,0,0,0,0,official_singlecore,1,1,1.6821296620000794,0.0
case_040,2,178282,137746,40536,22.737012149291573,1.4216466048170875,1.8400098732449581,4018142,53760,53760,0,component_lpt,2,5,6.048368850999395,0.0
case_040,3,145657,110105,35552,24.40802707731177,1.7400742841058103,2.301929975932065,4050912,0,0,0,component_lpt,3,7,10.328348568004003,0.0
case_040,4,142257,101582,40675,28.592617586480806,1.7816627652769284,2.4950680238624954,4018142,2346940,2346940,0,window16_heft,119,8,11.184838401004527,0.0
case_040,5,142985,95090,47895,33.496520614050425,1.7725915305801307,2.6654117152171626,4050916,2346940,2346940,0,window16_heft,119,8,10.920422537998093,0.0
case_041,1,6003957,6003957,0,0.0,1.0,1.0,30898176,30898176,0,30898176,official_singlecore,1,1,143.07463202099825,0.0
case_041,2,3193650,2982987,210663,6.596308299281387,1.8799671222582313,2.0127332100341033,51146792,39266304,39266304,0,component_batches,72,4,38.14407433099768,0.0
case_041,3,2203713,1991992,211721,9.60746703404663,2.724473195919795,3.014046743159611,51946536,34879488,9787392,25092096,component_pipe_balance,3,4,39.597663711003406,134.9750819940018
case_041,4,1715731,1490603,225128,13.121404229450887,3.4993579995931765,4.027871270888358,51844136,39164928,14349312,24815616,component_pipe_balance,4,4,37.349795417005225,127.68960320399856
case_041,5,1429226,1196379,232847,16.29182508574571,4.200845072787649,5.018440644645217,53646376,40630272,18020352,22609920,component_pipe_balance,5,4,35.95716123499733,139.85565249100182
case_042,1,1686740,1686740,0,0.0,1.0,1.0,6629376,6629376,0,6629376,official_singlecore,1,1,7.368941019998601,0.0
case_042,2,931399,840111,91288,9.801170067822705,1.8109746735824281,2.007758498579354,20434744,7262496,2052384,5210112,component_pipe_balance,2,5,10.014727069999935,7.326056048001192
case_042,3,660021,562007,98014,14.85013355635654,2.5555853525872663,3.0012793434957215,20477752,8334912,3951168,4383744,component_lpt,3,5,9.828682225997909,6.537046660003398
case_042,4,543908,425650,118258,21.742279944402362,3.101149459099701,3.9627393398331963,23795128,8553312,5619552,2933760,component_lpt,4,5,9.023696795000433,6.239935395999055
case_042,5,477497,342520,134977,28.267612152537083,3.53246198405435,4.924500759079762,23795128,10187616,7253856,2933760,component_lpt,5,5,9.81964975200026,6.0406613029990694
case_043,1,677656,677656,0,0.0,1.0,1.0,49160,49160,0,49160,official_singlecore,1,1,13.690074004000053,0.0
case_043,2,437116,353851,83265,19.04871933308321,1.5502887105482297,1.9150885542219749,9046748,506880,506880,0,component_lpt,2,5,26.72539505399982,14.83004080200044
case_043,3,343054,268777,74277,21.6516933194191,1.9753624793764246,2.521257399256633,11212820,141320,92160,49160,component_lpt,3,8,80.24908587100072,13.688315882998722
case_043,4,294918,254894,40024,13.571229969008334,2.2977776873571636,2.658579644871986,11235348,6476956,6426268,50688,window16_heft,234,8,79.01643691199934,0.0
case_043,5,294404,232508,61896,21.02417086724365,2.301789377861714,2.9145491768025185,13144938,6476956,6426268,50688,window16_heft,234,8,79.50239203600358,0.0
case_044,1,154407,154407,0,0.0,1.0,1.0,4438112,4438112,0,4438112,official_singlecore,1,1,0.4331639150004776,0.0
case_044,2,146270,131105,15165,10.367812948656594,1.0556299993163327,1.1777354029213225,6398976,4672992,930400,3742592,component_round_robin,2,3,0.5048498429969186,0.0
case_044,3,143812,123553,20259,14.087141545907157,1.0736725725252414,1.2497227910289512,5510560,5161216,1860800,3300416,component_round_robin,3,3,0.4399606840015622,0.0
case_044,4,143812,124268,19544,13.589964676104914,1.0736725725252414,1.2425322689670713,5510560,5678624,2791200,2887424,component_round_robin,4,3,0.41836252600478474,0.0
case_044,5,143812,132892,10920,7.593246738797875,1.0736725725252414,1.161898383649881,5510560,6196032,3721600,2474432,component_round_robin,5,3,0.48005657799876644,0.0
case_045,1,125614,125614,0,0.0,1.0,1.0,0,0,0,0,official_singlecore,1,1,0.38634022399855894,0.0
case_045,2,65817,63059,2758,4.190406733822568,1.9085342692617409,1.99200748505368,348160,0,0,0,component_lpt,2,4,0.898559988996567,0.0
case_045,3,48646,42601,6045,12.426509887760556,2.582206142334416,2.94861622966597,323584,0,0,0,component_lpt,3,4,0.6868164499974228,0.0
case_045,4,37337,31878,5459,14.620885448750569,3.3643302889894744,3.940460505677897,303104,0,0,0,component_lpt,4,4,0.5750889869996172,0.0
case_045,5,33313,26164,7149,21.460090655299734,3.770720139284964,4.801024308209754,557056,0,0,0,component_lpt,5,4,0.5411520029992971,0.0
case_046,1,276455,276455,0,0.0,1.0,1.0,3176288,3176288,0,3176288,official_singlecore,1,1,0.22249640400332282,0.0
case_046,2,152419,160984,-8565,-5.6193781615152965,1.81378305854257,1.7172824628534513,5255872,4513952,2791200,1722752,component_batches,4,3,0.3805990830041992,0.0
case_046,3,152587,142176,10411,6.822992784444284,1.8117860630328928,1.9444561670042764,5924000,4021280,1860800,2160480,component_round_robin,3,3,0.3030151009988913,0.0
case_046,4,157369,124612,32757,20.81540837140733,1.7567309953040307,2.218526305652746,6977824,4513952,2791200,1722752,component_round_robin,4,2,0.1466948900015268,0.0
case_046,5,111389,131039,-19650,-17.640880158723032,2.4818877986156624,2.10971542823129,4672800,5013664,3721600,1292064,component_round_robin,5,2,0.1556675460014958,0.0
case_047,1,326508,326508,0,0.0,1.0,1.0,0,0,0,0,official_singlecore,1,1,30.41111912300039,0.0
case_047,2,276535,244217,32318,11.686766593740394,1.180711302366789,1.3369585245908353,4380996,2487908,2487908,0,window16_heft,226,3,123.80947423699763,0.0
case_047,3,241969,209006,32963,13.622819452078572,1.3493794659646483,1.5621943867640165,5051902,2487908,2487908,0,window16_heft,226,3,120.62610429499546,0.0
case_047,4,225654,192435,33219,14.721210348586775,1.446940891807812,1.6967183724374464,5078720,2487908,2487908,0,window16_heft,226,3,108.60920993299806,0.0
case_047,5,222583,181515,41068,18.450645377230067,1.4669044805757852,1.798793488141476,5064318,2487908,2487908,0,window16_heft,226,3,112.20622514700153,0.0
case_048,1,222220,222220,0,0.0,1.0,1.0,0,0,0,0,official_singlecore,1,1,0.6102021999977296,0.0
case_048,2,197496,175656,21840,11.058451816745656,1.1251873455664925,1.265086305050781,1716280,724702,724702,0,window16_heft,106,5,3.6426886699991883,0.0
case_048,3,197613,150457,47156,23.86280254841534,1.1245211600451388,1.4769668410243457,1716280,1110490,1110490,0,window8_heft,179,5,3.8392141409967735,0.0
case_048,4,197613,150287,47326,23.948829277426082,1.1245211600451388,1.4786375401731353,1716280,1110490,1110490,0,window8_heft,179,5,3.3111325609970663,0.0
case_048,5,197613,150430,47183,23.87646561714057,1.1245211600451388,1.4772319351193246,1716280,1110490,1110490,0,window8_heft,179,5,3.7427675559993077,0.0
case_049,1,196276,196276,0,0.0,1.0,1.0,0,0,0,0,official_singlecore,1,1,3.3934616209990054,0.0
case_049,2,156968,147135,9833,6.264334131797564,1.250420467866062,1.3339857953580045,2635492,1425172,1425172,0,window16_heft,113,7,17.34356366299471,0.0
case_049,3,132866,122602,10264,7.725076392756612,1.4772477533755815,1.6009200502438785,4012736,1425172,1425172,0,window16_heft,113,8,18.784987285998795,0.0
case_049,4,123251,114723,8528,6.919213637211868,1.5924901217840017,1.7108687882987719,4012736,1425172,1425172,0,window16_heft,113,8,18.61049018700578,0.0
case_049,5,117489,111533,5956,5.069410753347122,1.670590438253794,1.7598020316856895,4013760,1425172,1425172,0,window16_heft,113,8,18.722038531996077,0.0
case_050,1,149690,149690,0,0.0,1.0,1.0,0,0,0,0,official_singlecore,1,1,3.39128610699845,0.0
case_050,2,115543,106716,8827,7.63958006975758,1.2955349956293327,1.4026950035608532,2598688,1078840,1078840,0,window16_heft,125,7,21.32666892899215,0.0
case_050,3,104366,85788,18578,17.80081635781768,1.4342793630109423,1.7448827341819368,3416202,1078840,1078840,0,window16_heft,125,8,22.414698098997178,0.0
case_050,4,98003,77332,20671,21.0922114629144,1.5274022223809476,1.9356799255159571,3448972,1078840,1078840,0,window16_heft,125,8,21.883880005992978,0.0
case_050,5,99382,74892,24490,24.6422893481717,1.506208367712463,1.998744859264007,3424394,1078840,1078840,0,window16_heft,125,8,22.091368602999864,0.0
case_051,1,607628,607628,0,0.0,1.0,1.0,0,0,0,0,official_singlecore,1,1,0.327921176001837,0.0
case_051,2,429872,425966,3906,0.9086425726727956,1.4135091376037519,1.426470657282506,10225204,9045718,9045718,0,window4_heft,312,5,2.4958078419949743,0.0
case_051,3,352843,370560,-17717,-5.021213400861006,1.7220916951732073,1.6397560449050086,10225204,9045718,9045718,0,window4_heft,312,5,1.5296061310036748,0.0
case_051,4,336378,333358,3020,0.8977994993727295,1.8063844841220293,1.8227491165653742,10225204,9045718,9045718,0,window4_heft,312,5,1.6774692550061445,0.0
case_051,5,328989,317741,11248,3.4189592965114337,1.8469553693284577,1.9123374068817056,10225204,9045718,9045718,0,window4_heft,312,5,1.5157702140058973,0.0
case_052,1,180301,180301,0,0.0,1.0,1.0,0,0,0,0,official_singlecore,1,1,0.25594809600079316,0.0
case_052,2,102068,90903,11165,10.93878590743426,1.7664792099384723,1.9834438907406797,1106430,102912,102912,0,component_lpt,2,5,1.3628620130002673,0.0
case_052,3,69095,60160,8935,12.93147116289167,2.6094652290324913,2.99702460106383,1106430,181248,181248,0,component_lpt,3,5,1.104694253004709,0.0
case_052,4,55828,45777,10051,18.00351078311958,3.2295801389983523,3.9386809970072307,1087998,254976,254976,0,component_lpt,4,5,2.2778843000050983,0.0
case_052,5,56150,37846,18304,32.59839715048976,3.211059661620659,4.76407017914707,1101822,333312,333312,0,component_lpt,5,5,1.3103149859998666,0.0
case_053,1,1472686,1472686,0,0.0,1.0,1.0,5405536,5405536,0,5405536,official_singlecore,1,1,22.573694037000678,0.0
case_053,2,827162,770903,56259,6.801448809302168,1.780408190898518,1.9103389142343459,14142054,8248608,5864448,2384160,component_batches,10,4,50.98218082299354,0.0
case_053,3,631866,546106,85760,13.572497966340965,2.3306935331225294,2.6967035703691224,18095268,5882944,1114624,4768320,component_pipe_balance,3,5,85.70798725200075,24.772537455999554
case_053,4,538539,492232,46307,8.598634453586463,2.734594894705862,2.991853434965626,20267908,6360992,2069504,4291488,component_pipe_balance,4,5,87.5564773699989,23.97738823200052
case_053,5,474708,492699,-17991,-3.789908743901514,3.102298676238867,2.9890176355137723,20272004,6918912,3104256,3814656,component_pipe_balance,5,5,83.75631697599965,22.336233187998005
case_054,1,815051,815051,0,0.0,1.0,1.0,0,0,0,0,official_singlecore,1,1,40.85700124499999,0.0
case_054,2,510200,517960,-7760,-1.5209721677773422,1.597512740101921,1.5735790408525754,6569360,49152,49152,0,component_pipe_balance,2,5,190.86732189600298,41.97909574499863
case_054,3,402111,406980,-4869,-1.210859687996598,2.0269303749462213,2.0026807214113718,6732340,6449034,6003082,445952,window16_heft,253,5,189.65788679299658,0.0
case_054,4,362394,351079,11315,3.1222923116828647,2.2490742120454534,2.3215601047057786,11175330,6449034,6003082,445952,window16_heft,253,5,180.48666094700093,0.0
case_054,5,333071,319320,13751,4.12854916819537,2.447078851055781,2.5524583489916073,11208098,6449034,6003082,445952,window16_heft,253,5,180.64379017300234,0.0
case_055,1,118835,118835,0,0.0,1.0,1.0,69632,69632,0,69632,official_singlecore,1,1,0.35331845300243003,0.0
case_055,2,67319,58472,8847,13.141906445431454,1.7652520090910442,2.032340265426187,841690,57856,57856,0,component_batches,6,5,1.3179575050053245,0.0
case_055,3,46854,42047,4807,10.259529602595297,2.5362829214154607,2.8262420624539204,841690,115712,115712,0,component_lpt,3,5,1.1809365840017563,0.0
case_055,4,43548,31367,12181,27.971433820152477,2.7288279599522367,3.788535722255874,1231458,115712,115712,0,component_pipe_balance,4,5,1.4059509390026506,0.0
case_055,5,37477,25570,11907,31.771486511727193,3.1708781385916693,4.647438404380133,1236058,173568,173568,0,component_lpt,5,5,1.221294394999859,0.0
case_056,1,277285,277285,0,0.0,1.0,1.0,0,0,0,0,official_singlecore,1,1,9.889396858001419,0.0
case_056,2,231882,217904,13978,6.028065999085742,1.1958021752443053,1.272509912622072,4095676,2871960,2871960,0,window16_heft,178,7,53.04911256999185,0.0
case_056,3,199699,185223,14476,7.248909608961487,1.3885147146455414,1.4970333057989558,6006214,2871960,2871960,0,window16_heft,178,7,52.279211883000244,0.0
case_056,4,189615,172573,17042,8.987685573398728,1.462357935817314,1.6067693092198663,6006214,2871960,2871960,0,window16_heft,178,8,56.04121191300146,0.0
case_056,5,186638,162534,24104,12.914840493361481,1.4856835156827655,1.7060122805074631,6006214,2871960,2871960,0,window16_heft,178,8,56.47750795100001,0.0
case_057,1,59726,59726,0,0.0,1.0,1.0,94216,94216,0,94216,official_singlecore,1,1,0.16595337499893503,0.0
case_057,2,34504,30183,4321,12.52318571759796,1.730987711569673,1.9787960109995693,671380,22304,14112,8192,component_lpt,2,5,0.583765666000545,0.0
case_057,3,24898,20705,4193,16.840710097196563,2.398827215037352,2.884617242212026,663192,14112,14112,0,component_lpt,3,5,0.6420863599996665,0.0
case_057,4,22296,16485,5811,26.06297093649085,2.6787764621456764,3.6230512587200487,671384,28224,28224,0,component_lpt,4,5,0.7628830050016404,0.0
case_057,5,22616,14028,8588,37.97311637778564,2.6408737177219668,4.257627601938979,857806,14112,14112,0,component_lpt,5,4,0.4078206640042481,0.0
case_058,1,4539717,4539717,0,0.0,1.0,1.0,28696576,28696576,0,28696576,official_singlecore,1,1,151.6360656020006,0.0
case_058,2,2658985,2217447,441538,16.605509245069076,1.70731200063182,2.047271930287398,77066240,55418880,55418880,0,component_batches,86,3,25.84276978699927,0.0
case_058,3,1910788,1554831,355957,18.628806544734424,2.3758349958237126,2.9197494775959574,75853824,30400512,9191424,21209088,component_round_robin,3,3,23.603732165996917,40.879710430999694
case_058,4,1624923,1154519,470404,28.949310213468575,2.7938043833461648,3.9321284448328697,75767808,42622976,19869696,22753280,component_round_robin,4,3,24.93289375799941,125.66393419399901
case_058,5,1524911,1004819,520092,34.10638391355299,2.9770373484091857,4.517945022934478,77762560,32104448,18382848,13721600,component_round_robin,5,3,18.975872359998903,21.694797009000467
case_059,1,829473,829473,0,0.0,1.0,1.0,1691648,1691648,0,1691648,official_singlecore,1,1,2.049006064000423,0.0
case_059,2,387674,369318,18356,4.734906132472129,2.1396147278383384,2.2459587672412393,12056576,360448,360448,0,component_round_robin,2,3,1.426209404002293,0.0
case_059,3,263398,256853,6545,2.484832838518136,3.149124139135453,3.229368549325879,12072960,6172672,6172672,0,component_batches,15,3,2.2644423369965807,0.0
case_059,4,230764,185216,45548,19.737914059385346,3.594464474528089,4.478408992743607,12089344,1081344,1081344,0,component_round_robin,4,3,1.136894271003257,0.0
case_059,5,230764,150782,79982,34.659652285451806,3.594464474528089,5.501140719714555,12089344,4325376,4325376,0,component_round_robin,5,3,2.181138190004276,0.0
case_060,1,888789,888789,0,0.0,1.0,1.0,2068520,2068520,0,2068520,official_singlecore,1,1,7.098481903998618,0.0
case_060,2,475066,441525,33541,7.0602821502696465,1.870874783714263,2.012998131476134,8605406,2746508,1208448,1538060,component_lpt,2,5,11.039559005996125,8.567937559997517
case_060,3,347738,295983,51755,14.883331703753976,2.555915660641057,3.0028380008311286,13293140,3159296,2324736,834560,component_lpt,3,5,10.934762922996015,8.152402112002164
case_060,4,287298,223107,64191,22.343002735835267,3.093613599816219,3.9836894404926784,9249456,3960200,2949504,1010696,component_lpt,4,5,12.31797812500372,7.680929496000317
case_060,5,264465,180081,84384,31.907435766547557,3.3607055754069535,4.935495693604545,8681136,3733888,3563904,169984,component_lpt,5,5,11.56543611899906,6.790934718002973
case_061,1,77191,77191,0,0.0,1.0,1.0,0,0,0,0,official_singlecore,1,1,0.3446107320014562,0.0
case_061,2,54640,39298,15342,28.078330893118594,1.4127196193265008,1.9642475444042953,840662,34560,34560,0,component_pipe_balance,2,5,1.1213434199999028,0.0
case_061,3,38026,28342,9684,25.466785883342975,2.0299531899226846,2.723555147837132,837462,43008,43008,0,component_pipe_balance,3,5,1.2323511989998224,0.0
case_061,4,30297,24024,6273,20.705020299039507,2.5478100141928244,3.213078588078588,840662,70656,70656,0,component_lpt,4,5,1.4349453919967345,0.0
case_061,5,27573,22283,5290,19.185435027019185,2.7995140173357993,3.46412063007674,848854,82944,82944,0,component_lpt,5,5,1.8959297319997859,0.0
case_062,1,2854809,2854809,0,0.0,1.0,1.0,0,0,0,0,official_singlecore,1,1,93.29157848699833,0.0
case_062,2,1463796,1432564,31232,2.1336306425212257,1.9502779075772854,1.9927968314155597,3431424,52224,52224,0,window16_heft,18,3,86.49239452599795,0.0
case_062,3,982412,1007579,-25167,-2.5617561674735243,2.9059182909003556,2.83333515287635,3469824,52224,52224,0,window16_heft,18,3,77.49606206099998,0.0
case_062,4,744188,756603,-12415,-1.6682612458142296,3.83613952388375,3.77319281049639,3511296,52224,52224,0,window16_heft,18,3,74.90169576899643,0.0
case_062,5,605685,673310,-67625,-11.165044536351404,4.71335595235147,4.239962275920453,3469824,52224,52224,0,window16_heft,18,3,74.94751278000331,0.0
case_063,1,1070397,1070397,0,0.0,1.0,1.0,0,0,0,0,official_singlecore,1,1,13.198418071999185,0.0
case_063,2,552512,538695,13817,2.5007601644851154,1.9373280580331287,1.9870186283518503,1903104,36864,36864,0,window16_heft,13,5,23.024362657000893,0.0
case_063,3,371366,360020,11346,3.055206992562593,2.882323637597411,2.973159824454197,1903104,36864,36864,0,window16_heft,13,5,23.52439110799969,0.0
case_063,4,283231,337110,-53879,-19.022988302834083,3.7792367360917414,3.1752158049301413,1915392,36864,36864,0,window16_heft,13,5,22.805613239001104,0.0
case_063,5,229053,337213,-108160,-47.22051228318337,4.673141150738039,3.1742459513719816,1920000,36864,36864,0,window16_heft,13,5,22.348791559998062,0.0
case_064,1,19116,19116,0,0.0,1.0,1.0,0,0,0,0,official_singlecore,1,1,0.13590543800091837,0.0
case_064,2,19089,19116,-27,-0.14144271570014144,1.0014144271570014,1.0,17994,0,0,0,component_round_robin,1,5,1.0823472230040352,0.0
case_064,3,19089,17462,1627,8.523233275708524,1.0014144271570014,1.0947199633489864,17994,104006,104006,0,window16_heft,37,5,1.1882747809977445,0.0
case_064,4,19076,16917,2159,11.317886349339485,1.0020968756552737,1.1299875864514985,15692,104006,104006,0,window16_heft,37,5,1.1776199249943602,0.0
case_064,5,19083,16917,2166,11.350416601163339,1.0017292878478228,1.1299875864514985,7366,104006,104006,0,window16_heft,37,5,1.1430668589964625,0.0
case_065,1,53068,53068,0,0.0,1.0,1.0,0,0,0,0,official_singlecore,1,1,0.12286631299866713,0.0
case_065,2,28757,26802,1955,6.798344750843273,1.8453941648989811,1.9800014924259384,100936,13968,13968,0,component_lpt,2,5,0.7158866640020278,0.0
case_065,3,22795,17851,4944,21.68896687870147,2.328054397894275,2.972830653744888,443572,27936,27936,0,component_round_robin,3,5,0.7100460900001053,0.0
case_065,4,18606,13800,4806,25.83037729764592,2.852198215629367,3.8455072463768114,452788,41904,41904,0,component_lpt,4,4,0.45574273300371715,0.0
case_065,5,18100,10984,7116,39.31491712707182,2.9319337016574587,4.8313911143481425,452788,55872,55872,0,component_lpt,5,4,0.3417778850016475,0.0
case_066,1,359070,359070,0,0.0,1.0,1.0,0,0,0,0,official_singlecore,1,1,5.79389939000248,0.0
case_066,2,242005,224303,17702,7.31472490237805,1.4837296750067148,1.6008256688497255,4846614,2359826,2359826,0,window16_heft,138,7,31.85287043100834,0.0
case_066,3,176353,186195,-9842,-5.580852041076704,2.03608671244606,1.9284620961894787,4877334,2359826,2359826,0,window16_heft,138,7,29.991405662000034,0.0
case_066,4,162001,160861,1140,0.7036993598804946,2.216467799581484,2.2321756050254566,5725374,3394350,3394350,0,window8_heft,290,8,32.75574236000102,0.0
case_066,5,140194,150435,-10241,-7.304877526855643,2.5612365721785526,2.386878053644431,5725374,3394350,3394350,0,window8_heft,290,8,32.750353262992576,0.0
case_067,1,63834834,63834834,0,0.0,1.0,1.0,264449408,264449408,0,264449408,official_singlecore,1,1,26.37751595899681,0.0
case_067,2,32203165,33768704,-1565539,-4.86144451950608,1.9822534213640182,1.890354868223548,262601984,264024576,3721600,260302976,component_round_robin,2,3,9.410420405001787,15.200074563999806
case_067,3,21585693,23568859,-1983166,-9.18740945681012,2.957275172958311,2.7084397254869232,247821184,263599744,7443200,256156544,component_round_robin,3,3,8.44978312800231,9.528217905997735
case_067,4,16358776,18473155,-2114379,-12.925044025298714,3.902176666518326,3.4555458447677183,262601984,263174912,11164800,252010112,component_round_robin,4,3,8.020261872003175,6.940860355000041
case_067,5,13455316,15931687,-2476371,-18.40440610982306,4.744209203262116,4.006784341168641,262606080,262750080,14886400,247863680,component_round_robin,5,3,8.172083139001188,6.163124646001961
case_068,1,362095,362095,0,0.0,1.0,1.0,0,0,0,0,official_singlecore,1,1,5.5646813879975525,0.0
case_068,2,243395,248296,-4901,-2.0135992933297726,1.48768462786828,1.4583199084963108,4401532,2523976,2523976,0,window16_heft,156,7,25.272117429994978,0.0
case_068,3,224168,213549,10619,4.73707219585311,1.6152840726597908,1.695606160646971,4401532,2523976,2523976,0,window16_heft,156,8,26.330300172001444,0.0
case_068,4,225518,184479,41039,18.197660497166524,1.6056146294309102,1.9627979336401433,4426108,2523976,2523976,0,window16_heft,156,8,27.280489194006805,0.0
case_068,5,226325,177749,48576,21.462940461725395,1.5998895393792114,2.037114132850255,4426684,2523976,2523976,0,window16_heft,156,8,27.19559195599868,0.0
case_069,1,25144,25144,0,0.0,1.0,1.0,0,0,0,0,official_singlecore,1,1,0.14777193199915928,0.0
case_069,2,21862,19207,2655,12.144360076845668,1.1501235019668832,1.3091060550840838,514378,351116,351116,0,window16_heft,15,5,1.1923784159989737,0.0
case_069,3,21862,16983,4879,22.317262830482115,1.1501235019668832,1.480539362892304,514378,351116,351116,0,window16_heft,15,5,1.2753433249999944,0.0
case_069,4,21862,16296,5566,25.45970176562071,1.1501235019668832,1.5429553264604812,514378,351116,351116,0,window16_heft,15,5,1.214994106998347,0.0
case_069,5,24830,15746,9084,36.58477648006444,1.0126459927507048,1.5968499936491807,71044,351116,351116,0,window16_heft,15,5,1.2834677080027177,0.0
case_070,1,117300,117300,0,0.0,1.0,1.0,0,0,0,0,official_singlecore,1,1,0.26106730999890715,0.0
case_070,2,66479,58498,7981,12.00529490515802,1.7644669745333112,2.005196758863551,447850,129536,129536,0,component_pipe_balance,2,5,1.936085653000191,0.0
case_070,3,60156,39333,20823,34.615000997406746,1.9499301815280272,2.9822286629547707,1611692,259072,259072,0,component_lpt,3,5,2.214585204994364,0.0
case_070,4,48767,30080,18687,38.31894518834458,2.405315069616749,3.8996010638297873,1611692,333312,333312,0,component_lpt,4,5,2.9748631860056776,0.0
case_070,5,44868,25374,19494,43.44744584113399,2.614335383792458,4.622842279498699,1611692,449024,449024,0,component_lpt,5,5,1.9292890619981335,0.0
case_071,1,18919,18919,0,0.0,1.0,1.0,0,0,0,0,official_singlecore,1,1,0.09860601099717314,0.0
case_071,2,18901,14826,4075,21.55970583567007,1.0009523305645205,1.2760690678537705,93316,249642,249642,0,window16_heft,13,5,0.8078303550028068,0.0
case_071,3,18757,13216,5541,29.540971370688275,1.0086367756037746,1.431522397094431,57220,249642,249642,0,window16_heft,13,5,0.7386733130006178,0.0
case_071,4,18449,12853,5596,30.332267331562687,1.0254756355358015,1.4719520734458882,155940,249642,249642,0,window16_heft,13,5,0.8047113480024564,0.0
case_071,5,18757,12502,6255,33.34755024790745,1.0086367756037746,1.5132778755399137,57220,249642,249642,0,window16_heft,13,5,0.8176113530025759,0.0
case_072,1,23897828,23897828,0,0.0,1.0,1.0,108613680,108613680,0,108613680,official_singlecore,1,1,693.9521748429979,0.0
case_072,2,12769723,11610962,1158761,9.074284540079686,1.8714445097986856,2.0582125753232163,208949012,114461472,112882008,1579464,component_batches,100,4,78.93843198499962,0.0
case_072,3,8956496,7835724,1120772,12.513509747561994,2.6682117649580817,3.0498557631687895,208995092,115133216,113258840,1874376,component_batches,100,4,77.74257686299825,0.0
case_072,4,7126265,5885879,1240386,17.405836016482688,3.3534857320068787,4.060196956138582,209781524,118934304,116838744,2095560,component_batches,101,4,81.29014473600182,0.0
case_072,5,6027316,4785281,1242035,20.606767589421228,3.964920372517386,4.994028145891537,210879252,121807536,120627888,1179648,component_batches,101,4,79.2202832199946,0.0
case_073,1,10081626,10081626,0,0.0,1.0,1.0,141570432,141570432,0,141570432,official_singlecore,1,1,7.836033845000202,0.0
case_073,2,5168597,5980423,-811826,-15.70689299243102,1.9505536995823045,1.6857713910872192,124388224,141121024,3721600,137399424,component_round_robin,2,3,4.026078143997438,4.4146917649995885
case_073,3,3836078,4515227,-679149,-17.70425418878344,2.6281076662153375,2.232806013961203,131784832,140671616,7443200,133228416,component_round_robin,3,3,3.643288979001227,2.6536431630011066
case_073,4,3249411,3903787,-654376,-20.138295832690908,3.1026010560067654,2.5825246100773427,131636352,140222208,11164800,129057408,component_round_robin,4,3,3.687833800999215,2.256763277000573
case_073,5,3017992,3517515,-499523,-16.55150179324531,3.340507860855827,2.8661216796516857,124387200,139772800,14886400,124886400,component_round_robin,5,3,3.4329424839997955,1.7883208739986003
case_074,1,1682239,1682239,0,0.0,1.0,1.0,6070280,6070280,0,6070280,official_singlecore,1,1,3.9483554559992626,0.0
case_074,2,917940,826889,91051,9.919057890493931,1.8326241366538119,2.034419371886674,15405612,6168576,2285568,3883008,component_pipe_balance,2,5,5.630350506999093,3.9887071600023773
case_074,3,636584,548347,88237,13.861014414437058,2.64260333278876,3.06783660711192,15376940,7626752,4571136,3055616,component_pipe_balance,3,5,5.93964166799924,3.9091036950012494
case_074,4,514886,418987,95899,18.625287927813147,3.2672067214878635,4.015014785661608,15704620,7852032,5791744,2060288,component_lpt,4,5,6.329027198000404,3.4135587670025416
case_074,5,460943,334111,126832,27.51576659153084,3.6495597069485815,5.034970414024082,17429468,9535488,9142272,393216,component_round_robin,5,5,6.54596575100004,3.1080527139965852
case_075,1,1441809,1441809,0,0.0,1.0,1.0,0,0,0,0,official_singlecore,1,1,8.94088858500254,0.0
case_075,2,1008737,1003706,5031,0.4987424868920244,1.429321022228787,1.4364853851625874,12444746,7676346,7676346,0,window8_heft,432,5,42.07799164700555,0.0
case_075,3,778382,813825,-35443,-4.553419786171828,1.8523154440878644,1.7716450096765275,12461130,7676346,7676346,0,window8_heft,432,5,42.1817756629971,0.0
case_075,4,698816,732196,-33380,-4.7766507921970875,2.0632169269163843,1.9691571655676896,12461130,7676346,7676346,0,window8_heft,432,5,41.0852737469977,0.0
case_075,5,709725,660780,48945,6.896333086758956,2.0315037514530276,2.1819803868155816,12444746,10855040,10855040,0,window4_heft,1190,5,41.65539257299679,0.0
case_076,1,6185113,6185113,0,0.0,1.0,1.0,28280832,28280832,0,28280832,official_singlecore,1,1,944.0037151239994,0.0
case_076,2,3525184,3063226,461958,13.104507452660627,1.7545504007734065,2.0191500725052607,95300232,50492416,50492416,0,component_batches,136,4,72.5359194990051,0.0
case_076,3,2533451,2047233,486218,19.191924375091524,2.4413785780739397,3.021206184151975,95528584,51227648,51227648,0,component_batches,138,4,1879.5908594879947,0.0
case_076,4,2060009,1535415,524594,25.46561689779025,3.002468921252286,4.028300492049381,95823496,52128768,52128768,0,component_batches,137,4,1612.954224891997,0.0
case_076,5,1866236,1234641,631595,33.84325455087138,3.3142180303027056,5.009644908924942,95300232,53274624,53274624,0,component_batches,139,4,1653.780635201998,0.0
case_077,1,495320,495320,0,0.0,1.0,1.0,0,0,0,0,official_singlecore,1,1,3.704942119999032,0.0
case_077,2,304715,248734,55981,18.371593128004857,1.625518927522439,1.9913642686564763,4964904,57344,57344,0,component_lpt,2,5,7.480601310999191,3.91551507999975
case_077,3,215300,168976,46324,21.516024152345565,2.3006038086391083,2.9313038538017233,4973096,114688,114688,0,component_lpt,3,5,7.028518557999632,3.1775868570002785
case_077,4,176182,127832,48350,27.443212132908016,2.8114109273365044,3.8747731397459164,4964904,114688,114688,0,component_lpt,4,5,6.9061190739957965,2.750637266999547
case_077,5,157540,115617,41923,26.611019423638442,3.1440903897422876,4.284145065172077,4964904,172032,172032,0,component_lpt,5,8,21.122078355005215,2.469987341999513
case_078,1,2296143,2296143,0,0.0,1.0,1.0,12644568,12644568,0,12644568,official_singlecore,1,1,0.27231054900039453,0.0
case_078,2,1179848,1177840,2008,0.1701914144872899,1.946134586828134,1.9494523874210419,11466240,13146912,6445440,6701472,component_batches,4,3,0.39742280499922344,0.0
case_078,3,840459,910165,-69706,-8.293801363302672,2.732010722712232,2.5227766394005484,12294144,13620024,8593920,5026104,component_batches,5,3,0.37001123799564084,0.0
case_078,4,733614,690924,42690,5.819136494123613,3.1299061904489283,3.3232931552529656,12294144,13146912,6445440,6701472,component_round_robin,4,2,0.14408206299776793,0.0
case_078,5,689105,663941,25164,3.651693138201,3.3320655052568187,3.458353980248245,17084496,13620024,8593920,5026104,component_round_robin,5,2,0.16157035800279118,0.0
case_079,1,31052251,31052251,0,0.0,1.0,1.0,32448512,32448512,0,32448512,official_singlecore,1,1,192.14406204199986,0.0
case_079,2,14956594,14772668,183926,1.229731849376937,2.0761579140277524,2.102006963129477,242368512,57446400,57446400,0,component_batches,96,3,36.1074893530058,0.0
case_079,3,10110322,9860476,249846,2.471197257614545,3.0713414468896243,3.1491634886591684,242354176,59879424,59879424,0,component_batches,96,3,34.61854617800054,0.0
case_079,4,7654780,7404380,250400,3.2711586747104424,4.056583076195528,4.193767877931711,260438016,62312448,62312448,0,component_batches,96,3,27.867843683998217,0.0
case_079,5,6193893,5972750,221143,3.570339364919607,5.013365745904878,5.198987233686325,260438016,63731712,63731712,0,component_batches,98,3,29.90615324999817,0.0
case_080,1,292138,292138,0,0.0,1.0,1.0,548864,548864,0,548864,official_singlecore,1,1,0.3306302400014829,0.0
case_080,2,171205,145926,25279,14.765339797319003,1.706363716012967,2.0019598974822856,4120576,2191360,1904640,286720,component_round_robin,2,3,0.7519343239982845,0.0
case_080,3,139696,100325,39371,28.183340968961172,2.0912409804146144,2.9119162721156244,4927488,3047424,3047424,0,component_round_robin,3,3,0.5096509169961791,0.0
case_080,4,127654,111314,16340,12.80022560985163,2.2885142651229105,2.6244497547478303,4894720,4190208,4190208,0,component_round_robin,4,3,0.538866593997227,0.0
case_080,5,119713,113455,6258,5.227502443343663,2.4403197647707433,2.574923978669957,4894720,4571136,4571136,0,component_round_robin,5,2,0.29582582699731574,0.0
case_081,1,151795,151795,0,0.0,1.0,1.0,0,0,0,0,official_singlecore,1,1,2.9953401460006717,0.0
case_081,2,79149,76860,2289,2.892013796763067,1.9178385071194834,1.9749544626593807,245880,0,0,0,component_round_robin,2,3,2.1800031649981975,1.7647114700012025
case_081,3,54638,51943,2695,4.932464585087302,2.7781946630550167,2.9223379473653814,262268,0,0,0,component_round_robin,3,3,2.313407860998268,1.348885365001479
case_081,4,42731,39588,3143,7.355315812875898,3.5523390512742505,3.834369000707285,239722,0,0,0,component_round_robin,4,3,2.407766307998827,0.8969852690024709
case_081,5,39206,30943,8263,21.075855736366883,3.8717288170178032,4.905632937982743,247920,0,0,0,component_round_robin,5,3,1.8586098959967785,0.9065133270014485
case_082,1,721041,721041,0,0.0,1.0,1.0,0,0,0,0,official_singlecore,1,1,2.853081632001704,0.0
case_082,2,497483,501558,-4075,-0.8191234675355741,1.4493781697063015,1.4376024308255475,5740350,4403200,4292608,110592,window8_heft,174,5,15.133426117005001,0.0
case_082,3,378014,405013,-26999,-7.1423280619236325,1.9074452268963584,1.7802910030048418,7216752,4403200,4292608,110592,window8_heft,174,5,13.416680663998704,0.0
case_082,4,328283,352859,-24576,-7.486223776436794,2.196400666498113,2.0434252775187822,5723710,4403200,4292608,110592,window8_heft,174,5,11.467160210006114,0.0
case_082,5,312290,328309,-16019,-5.12952704217234,2.3088827692209164,2.1962267254324432,5703230,4403200,4292608,110592,window8_heft,174,5,12.703137791002518,0.0
case_083,1,1057993,1057993,0,0.0,1.0,1.0,13934688,13934688,0,13934688,official_singlecore,1,1,3.9565079109997896,0.0
case_083,2,543456,635418,-91962,-16.921701112877585,1.9467868603898015,1.665034670091184,25772480,20416320,13956000,6460320,component_batches,16,3,2.963399536001816,0.0
case_083,3,436908,512623,-75715,-17.329735321852656,2.421546412517052,2.0638812538649263,19450976,14842752,1860800,12981952,component_round_robin,3,3,2.3425951130011526,0.0
case_083,4,417384,450029,-32645,-7.821334790025492,2.534819255170299,2.350944050272316,19407232,14977600,2791200,12186400,component_round_robin,4,3,1.81905456000095,0.0
case_083,5,391729,442480,-50751,-12.955640251296177,2.700828889359736,2.3910527029470257,19753696,15058048,3721600,11336448,component_round_robin,5,3,1.7425719929960906,0.0
case_084,1,2507412,2507412,0,0.0,1.0,1.0,0,0,0,0,official_singlecore,1,1,32.73896078500184,0.0
case_084,2,1273413,1255052,18361,1.4418731393507056,1.9690485333509238,1.9978550689533183,18432,0,0,0,component_round_robin,2,3,11.557469768998999,18.72781160700106
case_084,3,863488,836220,27268,3.157889860658168,2.903818003261192,2.998507569778288,0,0,0,0,component_round_robin,3,3,10.626493747997301,12.339761375998933
case_084,4,657524,629028,28496,4.333834202249652,3.813415175719822,3.986169137144928,0,0,0,0,component_round_robin,4,3,10.074730251995788,8.7469648160004
case_084,5,526456,503472,22984,4.36579695169207,4.762813986354035,4.98024120507198,0,0,0,0,component_round_robin,5,3,8.9930787519952,7.6397308979976515
case_085,1,3187899,3187899,0,0.0,1.0,1.0,0,0,0,0,official_singlecore,1,1,63.635327406002034,0.0
case_085,2,2334501,2274543,59958,2.5683432990604844,1.3655590637999298,1.4015558290170818,34301210,17060962,14438498,2622464,window16_heft,301,3,266.5337243870017,0.0
case_085,3,1626396,1944716,-318320,-19.572109129633866,1.960100123217224,1.6392619796412433,34301210,17060962,14438498,2622464,window16_heft,301,3,250.8165065840003,0.0
case_085,4,1324330,1787421,-463091,-34.96794605574139,2.407178724336079,1.7835188240487272,34301210,17060962,14438498,2622464,window16_heft,301,3,229.3495229950022,0.0
case_085,5,1169044,1698406,-529362,-45.281614721088346,2.72692815668187,1.8769946644088633,34301210,17060962,14438498,2622464,window16_heft,301,3,225.47327883399703,0.0
case_086,1,118403,118403,0,0.0,1.0,1.0,0,0,0,0,official_singlecore,1,1,4.624632887000189,0.0
case_086,2,102016,89999,12017,11.7795247804266,1.1606316656210791,1.31560350670563,2674522,2032128,1963008,69120,window16_heft,65,5,19.633165400005964,0.0
case_086,3,97297,80534,16763,17.228691532113015,1.2169234405994018,1.4702237564258573,3334272,2032128,1963008,69120,window16_heft,65,5,18.104433381999115,0.0
case_086,4,98592,77618,20974,21.273531320999677,1.2009392242778318,1.5254580123167307,3359618,2032128,1963008,69120,window16_heft,65,5,17.749452016996656,0.0
case_086,5,99507,77542,21965,22.073823952083774,1.1898961882078647,1.526953135075185,3359618,2032128,1963008,69120,window16_heft,65,5,18.32549216500047,0.0
case_087,1,3974071,3974071,0,0.0,1.0,1.0,7902720,7902720,0,7902720,official_singlecore,1,1,178.04362105999826,0.0
case_087,2,2320950,1968649,352301,15.179172321678623,1.712260496779336,2.0186793074844727,41490238,14031360,14031360,0,component_batches,30,4,553.8903275180019,0.0
case_087,3,1760458,1374204,386254,21.940540472990552,2.2574074473801704,2.891907606148723,46056776,15068160,15068160,0,component_batches,31,4,567.8874103330054,0.0
case_087,4,1478670,1071324,407346,27.548134472194608,2.687598314701725,3.7094949800433854,57134564,15552000,15552000,0,component_batches,32,4,133.1159358469995,0.0
case_087,5,1309863,885851,424012,32.37071357844294,3.033959276657177,4.486161894043129,57102308,13547520,6981120,6566400,component_pipe_balance,5,4,177.06783728799564,252.76880890199755
case_088,1,243623,243623,0,0.0,1.0,1.0,0,0,0,0,official_singlecore,1,1,1.7610117069998523,0.0
case_088,2,163881,171347,-7466,-4.5557447172033365,1.4865847779791435,1.421810711596935,2935364,1965530,1965530,0,window16_heft,105,7,12.27316525000424,0.0
case_088,3,153688,149409,4279,2.784212170110874,1.585179064077872,1.6305778099043564,2932484,1965530,1965530,0,window16_heft,105,8,13.768350805003138,0.0
case_088,4,153194,128433,24761,16.163165659229474,1.5902907424572763,1.8968878714972008,2957060,1965530,1965530,0,window16_heft,105,8,12.572284970003238,0.0
case_088,5,151301,120136,31165,20.59801323190197,1.6101876392092584,2.0278933874941734,2932484,1965530,1965530,0,window16_heft,105,8,13.18652512999688,0.0
case_089,1,693092,693092,0,0.0,1.0,1.0,0,0,0,0,official_singlecore,1,1,4.3475703689982765,0.0
case_089,2,372491,346832,25659,6.888488580932156,1.8606946208096302,1.998350786547954,7550384,238720,238720,0,component_round_robin,2,3,3.0534887099966,2.2876284180019866
case_089,3,261276,243614,17662,6.759901406941319,2.652719729328373,2.8450417463692563,6490456,477440,477440,0,component_round_robin,3,3,2.615032784997311,1.6147363759992004
case_089,4,207130,178160,28970,13.986385361850045,3.3461690725631246,3.8902784014369107,7573424,716160,716160,0,component_round_robin,4,3,2.7980723900000157,1.3877857769984985
case_089,5,186952,147432,39520,21.139115922803715,3.707325944627498,4.701096098540344,7632672,954880,954880,0,component_round_robin,5,3,2.6529162129954784,1.0178311960007704
case_090,1,1178363,1178363,0,0.0,1.0,1.0,21233592,21233592,0,21233592,official_singlecore,1,1,0.7911971270004869,0.0
case_090,2,625263,749238,-123975,-19.827656522135484,1.884587765468291,1.5727485792231575,18405960,22756464,12890880,9865584,component_batches,7,3,0.673569704995316,0.0
case_090,3,550183,629162,-78979,-14.355041867887595,2.1417655580052455,1.8729087262104196,25354368,22756464,12890880,9865584,component_batches,7,3,0.7548514990012336,0.0
case_090,4,527825,584048,-56223,-10.65182588926254,2.232488040543741,2.017579034599896,19402440,23260680,15039360,8221320,component_batches,8,3,0.5131999330005783,0.0
case_090,5,509204,522757,-13553,-2.6616051719939358,2.3141275402392756,2.2541314606978005,19405512,23260680,15039360,8221320,component_batches,8,3,0.5423160069949517,0.0
case_091,1,9186769,9186769,0,0.0,1.0,1.0,53947008,53947008,0,53947008,official_singlecore,1,1,836.2220985290005,0.0
case_091,2,5254557,4553097,701460,13.349555443018318,1.7483432000071557,2.017696745753495,105577492,65804096,64850432,953664,component_batches,132,4,95.84281808500236,0.0
case_091,3,3711295,3051053,660242,17.790070581831948,2.4753540206316123,3.0110158689475406,105734164,68833088,67879424,953664,component_batches,133,4,90.84017316400059,0.0
case_091,4,2963609,2308294,655315,22.112059991719555,3.0998586520691496,3.9798955419023745,105778708,70513824,70036992,476832,component_batches,133,4,91.95085927700347,0.0
case_091,5,2518651,1866216,652435,25.90414471874031,3.647495822168296,4.922671866493482,105666580,74199040,74199040,0,component_batches,132,4,90.41790513399974,0.0
case_092,1,4815554,4815554,0,0.0,1.0,1.0,66000096,66000096,0,66000096,official_singlecore,1,1,103.06796219000171,0.0
case_092,2,2412929,2828252,-415323,-17.21240036486776,1.9957296712833241,1.702660866146298,113053056,66389088,930400,65458688,component_round_robin,2,3,90.89536100599798,0.0
case_092,3,2109464,2231804,-122340,-5.799577523010584,2.2828329850616083,2.157695747476033,112651936,66784736,1860800,64923936,component_round_robin,3,3,60.3041953030006,0.0
case_092,4,2037129,1927728,109401,5.370352098467991,2.3638925173614433,2.4980464048869964,113053056,67180384,2791200,64389184,component_round_robin,4,3,44.971348515999125,0.0
case_092,5,2005925,1661234,344691,17.18364345626083,2.400665029849072,2.89878126741928,112651936,66980256,3721600,63258656,component_round_robin,5,3,65.99594741900364,0.0
case_093,1,74205,74205,0,0.0,1.0,1.0,0,0,0,0,official_singlecore,1,1,0.11537367499840911,0.0
case_093,2,47307,37827,9480,20.039317648550956,1.5685839304965439,1.9616940280751844,1056768,8192,8192,0,component_round_robin,2,3,0.17798043000220787,0.0
case_093,3,34697,25103,9594,27.650805545147996,2.1386575208231258,2.956021192686133,950272,16384,16384,0,component_round_robin,3,2,0.08729115200185333,0.0
case_093,4,31453,19779,11674,37.11569643595205,2.359234413251518,3.751706355225239,1093632,24576,24576,0,component_round_robin,4,2,0.09357284599900595,0.0
case_093,5,30469,15876,14593,47.89458137779382,2.4354261708621876,4.674036281179139,1062912,32768,32768,0,component_round_robin,5,2,0.0747870149971277,0.0
case_094,1,94892,94892,0,0.0,1.0,1.0,0,0,0,0,official_singlecore,1,1,0.09620513499976369,0.0
case_094,2,50794,47498,3296,6.488955388431704,1.8681734063078317,1.997810434123542,406216,106272,106272,0,component_round_robin,2,5,0.45576586500101257,0.0
case_094,3,40046,32728,7318,18.273984917345054,2.3695749887629227,2.8994133463700806,965920,212544,212544,0,component_lpt,3,5,0.4134195059959893,0.0
case_094,4,33641,24854,8787,26.119913201153356,2.820724710918225,3.81797698559588,965920,318528,318528,0,component_lpt,4,4,0.3324882669985527,0.0
case_094,5,29372,21804,7568,25.766035680239685,3.23069590085796,4.3520454962392225,993568,424800,424800,0,component_lpt,5,4,0.3610428159990988,0.0
case_095,1,2084853,2084853,0,0.0,1.0,1.0,0,0,0,0,official_singlecore,1,1,6.032897646997299,0.0
case_095,2,1056807,1042890,13917,1.31689135291496,1.9727850023703477,1.9991111238960964,73728,0,0,0,component_round_robin,2,3,3.51048046199503,3.2069732139971165
case_095,3,710791,695775,15016,2.1125759892851765,2.9331449047610336,2.9964471273040854,73728,0,0,0,component_round_robin,3,3,3.512819681996916,1.9551852950025932
case_095,4,543023,524422,18601,3.4254534338324527,3.839345663075045,3.9755254356224565,0,0,0,0,component_round_robin,4,3,3.053576880003675,1.712013342003047
case_095,5,452071,420852,31219,6.905773650599132,4.6117822200495056,4.953886401870491,0,0,0,0,component_round_robin,5,3,2.842990043998725,1.3626815909992729
case_096,1,84194,84194,0,0.0,1.0,1.0,0,0,0,0,official_singlecore,1,1,0.22617726099997526,0.0
case_096,2,46989,43973,3016,6.418523484219711,1.7917810551405648,1.914674914151866,448020,67392,67392,0,component_lpt,2,5,1.0308053270055098,0.0
case_096,3,35718,30318,5400,15.118427683520913,2.357186852567333,2.777030147107329,612910,79488,79488,0,component_lpt,3,5,1.4511282439962088,0.0
case_096,4,29883,26984,2899,9.701167888096911,2.8174547401532646,3.120145271271865,1006726,78336,78336,0,component_batches,6,5,1.1708040289995552,0.0
case_096,5,29146,27053,2093,7.181088314005352,2.8886982776367254,3.112187188112224,1031306,134784,134784,0,component_pipe_balance,5,8,2.417388731002575,0.0
case_097,1,11491509,11491509,0,0.0,1.0,1.0,10584064,10584064,0,10584064,official_singlecore,1,1,15.569547720999253,0.0
case_097,2,5247114,5171836,75278,1.4346553171896017,2.1900627659319007,2.221939945504846,85295104,19595264,19595264,0,component_batches,32,3,7.221473186993535,0.0
case_097,3,3509566,3559343,-49777,-1.4183235192043688,3.2743390493297464,3.2285477966017884,85327872,23109632,23109632,0,component_batches,33,3,7.958134008000343,0.0
case_097,4,2705741,2591900,113841,4.207387181552114,4.247083885708204,4.433623596589374,92076032,19595264,19595264,0,component_batches,32,3,6.440851545998157,0.0
case_097,5,2179047,2102348,76699,3.519841471982936,5.273639806759561,5.466035594487687,92065792,21311488,17039360,4272128,component_round_robin,5,3,7.9124434259974805,14.988277537999238
case_098,1,177430,177430,0,0.0,1.0,1.0,0,0,0,0,official_singlecore,1,1,0.37258847699922626,0.0
case_098,2,98402,89551,8851,8.994735879352046,1.8031137578504501,1.9813290750522048,1553184,0,0,0,component_batches,5,5,1.0621987859958608,0.0
case_098,3,79351,87761,-8410,-10.598480170382226,2.236014669002281,2.0217408643930677,1479456,1167472,1167472,0,window16_heft,51,8,2.2512974689998373,0.0
case_098,4,79805,76768,3037,3.80552596955078,2.2232942798070296,2.3112494789495623,1479456,2462904,2462904,0,window8_heft,98,8,2.5306539719931607,0.0
case_098,5,73104,74013,-909,-1.2434340118187788,2.4270901729043555,2.397281558645103,3282976,2462904,2462904,0,window8_heft,98,8,2.2751654380008404,0.0
case_099,1,1622999,1622999,0,0.0,1.0,1.0,5484544,5484544,0,5484544,official_singlecore,1,1,10.437079896997602,0.0
case_099,2,885056,804693,80363,9.079990418685371,1.8337811392725432,2.016917010586646,12708396,11403264,11403264,0,component_batches,28,5,14.428181580005912,0.0
case_099,3,638770,538060,100710,15.7662382391158,2.5408190741581476,3.01639036538676,14522412,12619776,12619776,0,component_batches,29,5,13.600953760000266,0.0
case_099,4,506189,404617,101572,20.06602277015107,3.2063102912153365,4.0111982442655645,14530604,12521472,12521472,0,component_batches,28,5,14.538733644996682,0.0
case_099,5,426988,336212,90776,21.259613853316722,3.8010412470608075,4.827308364960204,14497836,13811712,13811712,0,component_batches,30,5,13.634918137995555,0.0
case_100,1,151223,151223,0,0.0,1.0,1.0,0,0,0,0,official_singlecore,1,1,0.35684043900255347,0.0
case_100,2,85465,80622,4843,5.6666471655063475,1.7694143801556192,1.8757039021607005,1809678,16896,16896,0,component_lpt,2,5,1.274303174999659,0.0
case_100,3,83808,57811,25997,31.01971172203131,1.8043981481481481,2.6158170590372074,1809678,72192,72192,0,component_lpt,3,5,1.3452053610017174,0.0
case_100,4,75379,57948,17431,23.124477639660913,2.0061688268615927,2.609632774211362,3321212,144384,144384,0,component_lpt,4,8,2.7344361260038568,0.0
case_100,5,75870,58085,17785,23.441412943192304,1.9931857124027943,2.603477662047,3321212,211968,211968,0,component_pipe_balance,5,8,2.8281664829955844,0.0
