case,limit_seconds,elapsed_seconds,stage,remote_host,command,output_dir,status
case_056,600,669.2363515999168,candidate_eval,jishishan-remote,conda run -n yolonew python -u src/run_experiments.py --mode full --problems 1 --cores 1 5 --cases case_056 case_075 case_009 case_050 case_068 case_086 case_039 case_019 case_064 case_085 --workers 4 --budget standard,C:\Users\jishishan\codex_runs\Allin2_925v2\results_p1_n5_stageA,completed_after_target
case_085,600,821.1214151999447,candidate_eval,jishishan-remote,conda run -n yolonew python -u src/run_experiments.py --mode full --problems 1 --cores 1 5 --cases case_056 case_075 case_009 case_050 case_068 case_086 case_039 case_019 case_064 case_085 --workers 4 --budget standard,C:\Users\jishishan\codex_runs\Allin2_925v2\results_p1_n5_stageA,completed_after_target
case_072,600,634.000246400014,candidate_eval,jishishan-remote,"cmd.exe /c ""cd /d C:\Users\jishishan\codex_runs\Allin2_925v2\npu_schedule_project && C:\Users\jishishan\.conda\envs\yolonew\python.exe -u src\run_experiments.py --mode full --problems 1 --cores 5 --cases case_072 --workers 1 --budget standard --output C:\Users\jishishan\codex_runs\Allin2_925v2\results_p1_n5_full\case_072 1> C:\Users\jishishan\codex_runs\Allin2_925v2\results_p1_n5_full\case_072.log 2>&1""",C:\Users\jishishan\codex_runs\Allin2_925v2\results_p1_n5_full\case_072,completed_after_target
case_025,600,908.430258899985,candidate_eval,jishishan-remote,"cmd.exe /c ""cd /d C:\Users\jishishan\codex_runs\Allin2_925v2\npu_schedule_project && C:\Users\jishishan\.conda\envs\yolonew\python.exe -u src\run_experiments.py --mode full --problems 1 --cores 5 --cases case_025 --workers 1 --budget standard --output C:\Users\jishishan\codex_runs\Allin2_925v2\results_p1_n5_full\case_025 1> C:\Users\jishishan\codex_runs\Allin2_925v2\results_p1_n5_full\case_025.log 2>&1""",C:\Users\jishishan\codex_runs\Allin2_925v2\results_p1_n5_full\case_025,completed_after_target
case_087,600,3371.61287300015,candidate_eval,jishishan-remote,"cmd.exe /c ""cd /d C:\Users\jishishan\codex_runs\Allin2_925v2\npu_schedule_project && C:\Users\jishishan\.conda\envs\yolonew\python.exe -u src\run_experiments.py --mode full --problems 1 --cores 5 --cases case_087 --workers 1 --budget standard --output C:\Users\jishishan\codex_runs\Allin2_925v2\results_p1_n5_full\case_087 1> C:\Users\jishishan\codex_runs\Allin2_925v2\results_p1_n5_full\case_087.log 2>&1""",C:\Users\jishishan\codex_runs\Allin2_925v2\results_p1_n5_full\case_087,completed_after_target
case_076,600,619.129993999959,candidate_eval,jishishan-remote,"cmd.exe /c ""cd /d C:\Users\jishishan\codex_runs\Allin2_925v2\npu_schedule_project && C:\Users\jishishan\.conda\envs\yolonew\python.exe -u src\run_experiments.py --mode full --problems 1 --cores 5 --cases case_076 --workers 1 --budget standard --output C:\Users\jishishan\codex_runs\Allin2_925v2\results_p1_n5_full\case_076 1> C:\Users\jishishan\codex_runs\Allin2_925v2\results_p1_n5_full\case_076.log 2>&1""",C:\Users\jishishan\codex_runs\Allin2_925v2\results_p1_n5_full\case_076,completed_after_target
case_062,600,2581.78705040005,candidate_eval,jishishan-remote,"cmd.exe /c ""cd /d C:\Users\jishishan\codex_runs\Allin2_925v2\npu_schedule_project && C:\Users\jishishan\.conda\envs\yolonew\python.exe -u src\run_experiments.py --mode full --problems 1 --cores 5 --cases case_062 --workers 1 --budget standard --output C:\Users\jishishan\codex_runs\Allin2_925v2\results_p1_n5_full\case_062 1> C:\Users\jishishan\codex_runs\Allin2_925v2\results_p1_n5_full\case_062.log 2>&1""",C:\Users\jishishan\codex_runs\Allin2_925v2\results_p1_n5_full\case_062,completed_after_target
case_079,600,1871.70739330002,candidate_eval,jishishan-remote,"cmd.exe /c ""cd /d C:\Users\jishishan\codex_runs\Allin2_925v2\npu_schedule_project && C:\Users\jishishan\.conda\envs\yolonew\python.exe -u src\run_experiments.py --mode full --problems 1 --cores 5 --cases case_079 --workers 1 --budget standard --output C:\Users\jishishan\codex_runs\Allin2_925v2\results_p1_n5_full\case_079 1> C:\Users\jishishan\codex_runs\Allin2_925v2\results_p1_n5_full\case_079.log 2>&1""",C:\Users\jishishan\codex_runs\Allin2_925v2\results_p1_n5_full\case_079,completed_after_target
case_028,600,1323.62420969992,candidate_eval,jishishan-remote,"cmd.exe /c ""cd /d C:\Users\jishishan\codex_runs\Allin2_925v2\npu_schedule_project && C:\Users\jishishan\.conda\envs\yolonew\python.exe -u src\run_experiments.py --mode full --problems 1 --cores 5 --cases case_028 --workers 1 --budget standard --output C:\Users\jishishan\codex_runs\Allin2_925v2\results_p1_n5_full\case_028 1> C:\Users\jishishan\codex_runs\Allin2_925v2\results_p1_n5_full\case_028.log 2>&1""",C:\Users\jishishan\codex_runs\Allin2_925v2\results_p1_n5_full\case_028,completed_after_target
case_058,600,1344.32029370009,candidate_eval,jishishan-remote,"cmd.exe /c ""cd /d C:\Users\jishishan\codex_runs\Allin2_925v2\npu_schedule_project && C:\Users\jishishan\.conda\envs\yolonew\python.exe -u src\run_experiments.py --mode full --problems 1 --cores 5 --cases case_058 --workers 1 --budget standard --output C:\Users\jishishan\codex_runs\Allin2_925v2\results_p1_n5_full\case_058 1> C:\Users\jishishan\codex_runs\Allin2_925v2\results_p1_n5_full\case_058.log 2>&1""",C:\Users\jishishan\codex_runs\Allin2_925v2\results_p1_n5_full\case_058,completed_after_target
case_041,600,2068.28737949993,candidate_eval,jishishan-remote,"cmd.exe /c ""cd /d C:\Users\jishishan\codex_runs\Allin2_925v2\npu_schedule_project && C:\Users\jishishan\.conda\envs\yolonew\python.exe -u src\run_experiments.py --mode full --problems 1 --cores 5 --cases case_041 --workers 1 --budget standard --output C:\Users\jishishan\codex_runs\Allin2_925v2\results_p1_n5_full\case_041 1> C:\Users\jishishan\codex_runs\Allin2_925v2\results_p1_n5_full\case_041.log 2>&1""",C:\Users\jishishan\codex_runs\Allin2_925v2\results_p1_n5_full\case_041,completed_after_target
case_085,600,2192.74874689989,candidate_eval,jishishan-remote,"cmd.exe /c ""cd /d C:\Users\jishishan\codex_runs\Allin2_925v2\npu_schedule_project && C:\Users\jishishan\.conda\envs\yolonew\python.exe -u src\run_experiments.py --mode full --problems 1 --cores 5 --cases case_085 --workers 1 --budget standard --output C:\Users\jishishan\codex_runs\Allin2_925v2\results_p1_n5_full\case_085 1> C:\Users\jishishan\codex_runs\Allin2_925v2\results_p1_n5_full\case_085.log 2>&1""",C:\Users\jishishan\codex_runs\Allin2_925v2\results_p1_n5_full\case_085,completed_after_target
case_016,600,1160.46832489996,candidate_eval,jishishan-remote,"cmd.exe /c ""cd /d C:\Users\jishishan\codex_runs\Allin2_925v2\npu_schedule_project && C:\Users\jishishan\.conda\envs\yolonew\python.exe -u src\run_experiments.py --mode full --problems 1 --cores 5 --cases case_016 --workers 1 --budget standard --output C:\Users\jishishan\codex_runs\Allin2_925v2\results_p1_n5_full\case_016 1> C:\Users\jishishan\codex_runs\Allin2_925v2\results_p1_n5_full\case_016.log 2>&1""",C:\Users\jishishan\codex_runs\Allin2_925v2\results_p1_n5_full\case_016,completed_after_target
case_054,600,3160.38691360014,candidate_eval,jishishan-remote,"cmd.exe /c ""cd /d C:\Users\jishishan\codex_runs\Allin2_925v2\npu_schedule_project && C:\Users\jishishan\.conda\envs\yolonew\python.exe -u src\run_experiments.py --mode full --problems 1 --cores 5 --cases case_054 --workers 1 --budget standard --output C:\Users\jishishan\codex_runs\Allin2_925v2\results_p1_n5_full\case_054 1> C:\Users\jishishan\codex_runs\Allin2_925v2\results_p1_n5_full\case_054.log 2>&1""",C:\Users\jishishan\codex_runs\Allin2_925v2\results_p1_n5_full\case_054,completed_after_target
case_092,600,999.953151299909,candidate_eval,jishishan-remote,"cmd.exe /c ""cd /d C:\Users\jishishan\codex_runs\Allin2_925v2\npu_schedule_project && C:\Users\jishishan\.conda\envs\yolonew\python.exe -u src\run_experiments.py --mode full --problems 1 --cores 5 --cases case_092 --workers 1 --budget standard --output C:\Users\jishishan\codex_runs\Allin2_925v2\results_p1_n5_full\case_092 1> C:\Users\jishishan\codex_runs\Allin2_925v2\results_p1_n5_full\case_092.log 2>&1""",C:\Users\jishishan\codex_runs\Allin2_925v2\results_p1_n5_full\case_092,completed_after_target
case_084,600,1095.4389911,candidate_eval,jishishan-remote,"cmd.exe /c ""cd /d C:\Users\jishishan\codex_runs\Allin2_925v2\npu_schedule_project && C:\Users\jishishan\.conda\envs\yolonew\python.exe -u src\run_experiments.py --mode full --problems 1 --cores 5 --cases case_084 --workers 1 --budget standard --output C:\Users\jishishan\codex_runs\Allin2_925v2\results_p1_n5_full\case_084 1> C:\Users\jishishan\codex_runs\Allin2_925v2\results_p1_n5_full\case_084.log 2>&1""",C:\Users\jishishan\codex_runs\Allin2_925v2\results_p1_n5_full\case_084,completed_after_target
case_053,600,2829.00034030003,candidate_eval,jishishan-remote,"cmd.exe /c ""cd /d C:\Users\jishishan\codex_runs\Allin2_925v2\npu_schedule_project && C:\Users\jishishan\.conda\envs\yolonew\python.exe -u src\run_experiments.py --mode full --problems 1 --cores 5 --cases case_053 --workers 1 --budget standard --output C:\Users\jishishan\codex_runs\Allin2_925v2\results_p1_n5_full\case_053 1> C:\Users\jishishan\codex_runs\Allin2_925v2\results_p1_n5_full\case_053.log 2>&1""",C:\Users\jishishan\codex_runs\Allin2_925v2\results_p1_n5_full\case_053,completed_after_target
case_047,600,1768.18419070006,candidate_eval,jishishan-remote,"cmd.exe /c ""cd /d C:\Users\jishishan\codex_runs\Allin2_925v2\npu_schedule_project && C:\Users\jishishan\.conda\envs\yolonew\python.exe -u src\run_experiments.py --mode full --problems 1 --cores 5 --cases case_047 --workers 1 --budget standard --output C:\Users\jishishan\codex_runs\Allin2_925v2\results_p1_n5_full\case_047 1> C:\Users\jishishan\codex_runs\Allin2_925v2\results_p1_n5_full\case_047.log 2>&1""",C:\Users\jishishan\codex_runs\Allin2_925v2\results_p1_n5_full\case_047,completed_after_target
case_030,600,1708.59768499987,candidate_eval,jishishan-remote,"cmd.exe /c ""cd /d C:\Users\jishishan\codex_runs\Allin2_925v2\npu_schedule_project && C:\Users\jishishan\.conda\envs\yolonew\python.exe -u src\run_experiments.py --mode full --problems 1 --cores 5 --cases case_030 --workers 1 --budget standard --output C:\Users\jishishan\codex_runs\Allin2_925v2\results_p1_n5_full\case_030 1> C:\Users\jishishan\codex_runs\Allin2_925v2\results_p1_n5_full\case_030.log 2>&1""",C:\Users\jishishan\codex_runs\Allin2_925v2\results_p1_n5_full\case_030,completed_after_target
case_003,600,2846.8891267,candidate_eval,jishishan-remote,"cmd.exe /c ""cd /d C:\Users\jishishan\codex_runs\Allin2_925v2\npu_schedule_project && C:\Users\jishishan\.conda\envs\yolonew\python.exe -u src\run_experiments.py --mode full --problems 1 --cores 5 --cases case_003 --workers 1 --budget standard --output C:\Users\jishishan\codex_runs\Allin2_925v2\results_p1_n5_full\case_003 1> C:\Users\jishishan\codex_runs\Allin2_925v2\results_p1_n5_full\case_003.log 2>&1""",C:\Users\jishishan\codex_runs\Allin2_925v2\results_p1_n5_full\case_003,completed_after_target
case_097,600,1116.97487760021,candidate_eval,jishishan-remote,"cmd.exe /c ""cd /d C:\Users\jishishan\codex_runs\Allin2_925v2\npu_schedule_project && C:\Users\jishishan\.conda\envs\yolonew\python.exe -u src\run_experiments.py --mode full --problems 1 --cores 5 --cases case_097 --workers 1 --budget standard --output C:\Users\jishishan\codex_runs\Allin2_925v2\results_p1_n5_full\case_097 1> C:\Users\jishishan\codex_runs\Allin2_925v2\results_p1_n5_full\case_097.log 2>&1""",C:\Users\jishishan\codex_runs\Allin2_925v2\results_p1_n5_full\case_097,completed_after_target
case_043,600,2265.95889509993,candidate_eval,jishishan-remote,"cmd.exe /c ""cd /d C:\Users\jishishan\codex_runs\Allin2_925v2\npu_schedule_project && C:\Users\jishishan\.conda\envs\yolonew\python.exe -u src\run_experiments.py --mode full --problems 1 --cores 5 --cases case_043 --workers 1 --budget standard --output C:\Users\jishishan\codex_runs\Allin2_925v2\results_p1_n5_full\case_043 1> C:\Users\jishishan\codex_runs\Allin2_925v2\results_p1_n5_full\case_043.log 2>&1""",C:\Users\jishishan\codex_runs\Allin2_925v2\results_p1_n5_full\case_043,completed_after_target
case_067,600,657.161244699964,candidate_eval,jishishan-remote,"cmd.exe /c ""cd /d C:\Users\jishishan\codex_runs\Allin2_925v2\npu_schedule_project && C:\Users\jishishan\.conda\envs\yolonew\python.exe -u src\run_experiments.py --mode full --problems 1 --cores 5 --cases case_067 --workers 1 --budget standard --output C:\Users\jishishan\codex_runs\Allin2_925v2\results_p1_n5_full\case_067 1> C:\Users\jishishan\codex_runs\Allin2_925v2\results_p1_n5_full\case_067.log 2>&1""",C:\Users\jishishan\codex_runs\Allin2_925v2\results_p1_n5_full\case_067,completed_after_target
case_063,600,1217.99425169994,candidate_eval,jishishan-remote,"cmd.exe /c ""cd /d C:\Users\jishishan\codex_runs\Allin2_925v2\npu_schedule_project && C:\Users\jishishan\.conda\envs\yolonew\python.exe -u src\run_experiments.py --mode full --problems 1 --cores 5 --cases case_063 --workers 1 --budget standard --output C:\Users\jishishan\codex_runs\Allin2_925v2\results_p1_n5_full\case_063 1> C:\Users\jishishan\codex_runs\Allin2_925v2\results_p1_n5_full\case_063.log 2>&1""",C:\Users\jishishan\codex_runs\Allin2_925v2\results_p1_n5_full\case_063,completed_after_target
case_075,600,785.314737000037,candidate_eval,jishishan-remote,"cmd.exe /c ""cd /d C:\Users\jishishan\codex_runs\Allin2_925v2\npu_schedule_project && C:\Users\jishishan\.conda\envs\yolonew\python.exe -u src\run_experiments.py --mode full --problems 1 --cores 5 --cases case_075 --workers 1 --budget standard --output C:\Users\jishishan\codex_runs\Allin2_925v2\results_p1_n5_full\case_075 1> C:\Users\jishishan\codex_runs\Allin2_925v2\results_p1_n5_full\case_075.log 2>&1""",C:\Users\jishishan\codex_runs\Allin2_925v2\results_p1_n5_full\case_075,completed_after_target
case_056,600,1461.68946330005,candidate_eval,jishishan-remote,"cmd.exe /c ""cd /d C:\Users\jishishan\codex_runs\Allin2_925v2\npu_schedule_project && C:\Users\jishishan\.conda\envs\yolonew\python.exe -u src\run_experiments.py --mode full --problems 1 --cores 5 --cases case_056 --workers 1 --budget standard --output C:\Users\jishishan\codex_runs\Allin2_925v2\results_p1_n5_full\case_056 1> C:\Users\jishishan\codex_runs\Allin2_925v2\results_p1_n5_full\case_056.log 2>&1""",C:\Users\jishishan\codex_runs\Allin2_925v2\results_p1_n5_full\case_056,completed_after_target
case_099,600,940.777140100079,candidate_eval,jishishan-remote,"cmd.exe /c ""cd /d C:\Users\jishishan\codex_runs\Allin2_925v2\npu_schedule_project && C:\Users\jishishan\.conda\envs\yolonew\python.exe -u src\run_experiments.py --mode full --problems 1 --cores 5 --cases case_099 --workers 1 --budget standard --output C:\Users\jishishan\codex_runs\Allin2_925v2\results_p1_n5_full\case_099 1> C:\Users\jishishan\codex_runs\Allin2_925v2\results_p1_n5_full\case_099.log 2>&1""",C:\Users\jishishan\codex_runs\Allin2_925v2\results_p1_n5_full\case_099,completed_after_target
case_020,600,617.494047700078,candidate_eval,jishishan-remote,"cmd.exe /c ""cd /d C:\Users\jishishan\codex_runs\Allin2_925v2\npu_schedule_project && C:\Users\jishishan\.conda\envs\yolonew\python.exe -u src\run_experiments.py --mode full --problems 1 --cores 5 --cases case_020 --workers 1 --budget standard --output C:\Users\jishishan\codex_runs\Allin2_925v2\results_p1_n5_full\case_020 1> C:\Users\jishishan\codex_runs\Allin2_925v2\results_p1_n5_full\case_020.log 2>&1""",C:\Users\jishishan\codex_runs\Allin2_925v2\results_p1_n5_full\case_020,completed_after_target
case_038,600,894.698147599935,candidate_eval,jishishan-remote,"cmd.exe /c ""cd /d C:\Users\jishishan\codex_runs\Allin2_925v2\npu_schedule_project && C:\Users\jishishan\.conda\envs\yolonew\python.exe -u src\run_experiments.py --mode full --problems 1 --cores 5 --cases case_038 --workers 1 --budget standard --output C:\Users\jishishan\codex_runs\Allin2_925v2\results_p1_n5_full\case_038 1> C:\Users\jishishan\codex_runs\Allin2_925v2\results_p1_n5_full\case_038.log 2>&1""",C:\Users\jishishan\codex_runs\Allin2_925v2\results_p1_n5_full\case_038,completed_after_target
case_031,600,861.681182999979,candidate_eval,jishishan-remote,"cmd.exe /c ""cd /d C:\Users\jishishan\codex_runs\Allin2_925v2\npu_schedule_project && C:\Users\jishishan\.conda\envs\yolonew\python.exe -u src\run_experiments.py --mode full --problems 1 --cores 5 --cases case_031 --workers 1 --budget standard --output C:\Users\jishishan\codex_runs\Allin2_925v2\results_p1_n5_full\case_031 1> C:\Users\jishishan\codex_runs\Allin2_925v2\results_p1_n5_full\case_031.log 2>&1""",C:\Users\jishishan\codex_runs\Allin2_925v2\results_p1_n5_full\case_031,completed_after_target
case_039,600,730.877386500069,candidate_eval,jishishan-remote,"cmd.exe /c ""cd /d C:\Users\jishishan\codex_runs\Allin2_925v2\npu_schedule_project && C:\Users\jishishan\.conda\envs\yolonew\python.exe -u src\run_experiments.py --mode full --problems 1 --cores 5 --cases case_039 --workers 1 --budget standard --output C:\Users\jishishan\codex_runs\Allin2_925v2\results_p1_n5_full\case_039 1> C:\Users\jishishan\codex_runs\Allin2_925v2\results_p1_n5_full\case_039.log 2>&1""",C:\Users\jishishan\codex_runs\Allin2_925v2\results_p1_n5_full\case_039,completed_after_target
case_060,600,748.157668999804,candidate_eval,jishishan-remote,"cmd.exe /c ""cd /d C:\Users\jishishan\codex_runs\Allin2_925v2\npu_schedule_project && C:\Users\jishishan\.conda\envs\yolonew\python.exe -u src\run_experiments.py --mode full --problems 1 --cores 5 --cases case_060 --workers 1 --budget standard --output C:\Users\jishishan\codex_runs\Allin2_925v2\results_p1_n5_full\case_060 1> C:\Users\jishishan\codex_runs\Allin2_925v2\results_p1_n5_full\case_060.log 2>&1""",C:\Users\jishishan\codex_runs\Allin2_925v2\results_p1_n5_full\case_060,completed_after_target
case_066,600,927.550128899806,candidate_eval,jishishan-remote,"cmd.exe /c ""cd /d C:\Users\jishishan\codex_runs\Allin2_925v2\npu_schedule_project && C:\Users\jishishan\.conda\envs\yolonew\python.exe -u src\run_experiments.py --mode full --problems 1 --cores 5 --cases case_066 --workers 1 --budget standard --output C:\Users\jishishan\codex_runs\Allin2_925v2\results_p1_n5_full\case_066 1> C:\Users\jishishan\codex_runs\Allin2_925v2\results_p1_n5_full\case_066.log 2>&1""",C:\Users\jishishan\codex_runs\Allin2_925v2\results_p1_n5_full\case_066,completed_after_target
case_009,600,948.869866999856,candidate_eval,jishishan-remote,"cmd.exe /c ""cd /d C:\Users\jishishan\codex_runs\Allin2_925v2\npu_schedule_project && C:\Users\jishishan\.conda\envs\yolonew\python.exe -u src\run_experiments.py --mode full --problems 1 --cores 5 --cases case_009 --workers 1 --budget standard --output C:\Users\jishishan\codex_runs\Allin2_925v2\results_p1_n5_full\case_009 1> C:\Users\jishishan\codex_runs\Allin2_925v2\results_p1_n5_full\case_009.log 2>&1""",C:\Users\jishishan\codex_runs\Allin2_925v2\results_p1_n5_full\case_009,completed_after_target
case_068,600,785.61025060009,candidate_eval,jishishan-remote,"cmd.exe /c ""cd /d C:\Users\jishishan\codex_runs\Allin2_925v2\npu_schedule_project && C:\Users\jishishan\.conda\envs\yolonew\python.exe -u src\run_experiments.py --mode full --problems 1 --cores 5 --cases case_068 --workers 1 --budget standard --output C:\Users\jishishan\codex_runs\Allin2_925v2\results_p1_n5_full\case_068 1> C:\Users\jishishan\codex_runs\Allin2_925v2\results_p1_n5_full\case_068.log 2>&1""",C:\Users\jishishan\codex_runs\Allin2_925v2\results_p1_n5_full\case_068,completed_after_target
case_042,600,654.159349500027,candidate_eval,jishishan-remote,"cmd.exe /c ""cd /d C:\Users\jishishan\codex_runs\Allin2_925v2\npu_schedule_project && C:\Users\jishishan\.conda\envs\yolonew\python.exe -u src\run_experiments.py --mode full --problems 1 --cores 5 --cases case_042 --workers 1 --budget standard --output C:\Users\jishishan\codex_runs\Allin2_925v2\results_p1_n5_full\case_042 1> C:\Users\jishishan\codex_runs\Allin2_925v2\results_p1_n5_full\case_042.log 2>&1""",C:\Users\jishishan\codex_runs\Allin2_925v2\results_p1_n5_full\case_042,completed_after_target
case_086,600,727.875492300023,candidate_eval,jishishan-remote,"cmd.exe /c ""cd /d C:\Users\jishishan\codex_runs\Allin2_925v2\npu_schedule_project && C:\Users\jishishan\.conda\envs\yolonew\python.exe -u src\run_experiments.py --mode full --problems 1 --cores 5 --cases case_086 --workers 1 --budget standard --output C:\Users\jishishan\codex_runs\Allin2_925v2\results_p1_n5_full\case_086 1> C:\Users\jishishan\codex_runs\Allin2_925v2\results_p1_n5_full\case_086.log 2>&1""",C:\Users\jishishan\codex_runs\Allin2_925v2\results_p1_n5_full\case_086,completed_after_target
case_073,600,679.111961599963,candidate_eval,jishishan-remote,"cmd.exe /c ""cd /d C:\Users\jishishan\codex_runs\Allin2_925v2\npu_schedule_project && C:\Users\jishishan\.conda\envs\yolonew\python.exe -u src\run_experiments.py --mode full --problems 1 --cores 5 --cases case_073 --workers 1 --budget standard --output C:\Users\jishishan\codex_runs\Allin2_925v2\results_p1_n5_full\case_073 1> C:\Users\jishishan\codex_runs\Allin2_925v2\results_p1_n5_full\case_073.log 2>&1""",C:\Users\jishishan\codex_runs\Allin2_925v2\results_p1_n5_full\case_073,completed_after_target
case_077,600,631.282447599981,candidate_eval,jishishan-remote,"cmd.exe /c ""cd /d C:\Users\jishishan\codex_runs\Allin2_925v2\npu_schedule_project && C:\Users\jishishan\.conda\envs\yolonew\python.exe -u src\run_experiments.py --mode full --problems 1 --cores 5 --cases case_077 --workers 1 --budget standard --output C:\Users\jishishan\codex_runs\Allin2_925v2\results_p1_n5_full\case_077 1> C:\Users\jishishan\codex_runs\Allin2_925v2\results_p1_n5_full\case_077.log 2>&1""",C:\Users\jishishan\codex_runs\Allin2_925v2\results_p1_n5_full\case_077,completed_after_target
case_050,600,607.969520099752,candidate_eval,jishishan-remote,"cmd.exe /c ""cd /d C:\Users\jishishan\codex_runs\Allin2_925v2\npu_schedule_project && C:\Users\jishishan\.conda\envs\yolonew\python.exe -u src\run_experiments.py --mode full --problems 1 --cores 5 --cases case_050 --workers 1 --budget standard --output C:\Users\jishishan\codex_runs\Allin2_925v2\results_p1_n5_full\case_050 1> C:\Users\jishishan\codex_runs\Allin2_925v2\results_p1_n5_full\case_050.log 2>&1""",C:\Users\jishishan\codex_runs\Allin2_925v2\results_p1_n5_full\case_050,completed_after_target
case_034,600,1285.60389549989,candidate_eval,jishishan-remote,"cmd.exe /c ""cd /d C:\Users\jishishan\codex_runs\Allin2_925v2\npu_schedule_project && C:\Users\jishishan\.conda\envs\yolonew\python.exe -u src\run_experiments.py --mode full --problems 1 --cores 5 --cases case_034 --workers 1 --budget standard --output C:\Users\jishishan\codex_runs\Allin2_925v2\results_p1_n5_full\case_034 1> C:\Users\jishishan\codex_runs\Allin2_925v2\results_p1_n5_full\case_034.log 2>&1""",C:\Users\jishishan\codex_runs\Allin2_925v2\results_p1_n5_full\case_034,completed_after_target
case_049,600,690.408636400127,candidate_eval,jishishan-remote,"cmd.exe /c ""cd /d C:\Users\jishishan\codex_runs\Allin2_925v2\npu_schedule_project && C:\Users\jishishan\.conda\envs\yolonew\python.exe -u src\run_experiments.py --mode full --problems 1 --cores 5 --cases case_049 --workers 1 --budget standard --output C:\Users\jishishan\codex_runs\Allin2_925v2\results_p1_n5_full\case_049 1> C:\Users\jishishan\codex_runs\Allin2_925v2\results_p1_n5_full\case_049.log 2>&1""",C:\Users\jishishan\codex_runs\Allin2_925v2\results_p1_n5_full\case_049,completed_after_target
case_074,600,774.873970299901,candidate_eval,jishishan-remote,"cmd.exe /c ""cd /d C:\Users\jishishan\codex_runs\Allin2_925v2\npu_schedule_project && C:\Users\jishishan\.conda\envs\yolonew\python.exe -u src\run_experiments.py --mode full --problems 1 --cores 5 --cases case_074 --workers 1 --budget standard --output C:\Users\jishishan\codex_runs\Allin2_925v2\results_p1_n5_full\case_074 1> C:\Users\jishishan\codex_runs\Allin2_925v2\results_p1_n5_full\case_074.log 2>&1""",C:\Users\jishishan\codex_runs\Allin2_925v2\results_p1_n5_full\case_074,completed_after_target
case_033,600,719.838180200255,candidate_eval,jishishan-remote,"cmd.exe /c ""cd /d C:\Users\jishishan\codex_runs\Allin2_925v2\npu_schedule_project && C:\Users\jishishan\.conda\envs\yolonew\python.exe -u src\run_experiments.py --mode full --problems 1 --cores 5 --cases case_033 --workers 1 --budget standard --output C:\Users\jishishan\codex_runs\Allin2_925v2\results_p1_n5_full\case_033 1> C:\Users\jishishan\codex_runs\Allin2_925v2\results_p1_n5_full\case_033.log 2>&1""",C:\Users\jishishan\codex_runs\Allin2_925v2\results_p1_n5_full\case_033,completed_after_target
case_035,600,665.062163199589,candidate_eval,jishishan-remote,"cmd.exe /c ""cd /d C:\Users\jishishan\codex_runs\Allin2_925v2\npu_schedule_project && C:\Users\jishishan\.conda\envs\yolonew\python.exe -u src\run_experiments.py --mode full --problems 1 --cores 5 --cases case_035 --workers 1 --budget standard --output C:\Users\jishishan\codex_runs\Allin2_925v2\results_p1_n5_full\case_035 1> C:\Users\jishishan\codex_runs\Allin2_925v2\results_p1_n5_full\case_035.log 2>&1""",C:\Users\jishishan\codex_runs\Allin2_925v2\results_p1_n5_full\case_035,completed_after_target
case_018,600,758.593246799719,candidate_eval,jishishan-remote,"cmd.exe /c ""cd /d C:\Users\jishishan\codex_runs\Allin2_925v2\npu_schedule_project && C:\Users\jishishan\.conda\envs\yolonew\python.exe -u src\run_experiments.py --mode full --problems 1 --cores 5 --cases case_018 --workers 1 --budget standard --output C:\Users\jishishan\codex_runs\Allin2_925v2\results_p1_n5_full\case_018 1> C:\Users\jishishan\codex_runs\Allin2_925v2\results_p1_n5_full\case_018.log 2>&1""",C:\Users\jishishan\codex_runs\Allin2_925v2\results_p1_n5_full\case_018,completed_after_target
case_040,600,710.088898499846,candidate_eval,jishishan-remote,"cmd.exe /c ""cd /d C:\Users\jishishan\codex_runs\Allin2_925v2\npu_schedule_project && C:\Users\jishishan\.conda\envs\yolonew\python.exe -u src\run_experiments.py --mode full --problems 1 --cores 5 --cases case_040 --workers 1 --budget standard --output C:\Users\jishishan\codex_runs\Allin2_925v2\results_p1_n5_full\case_040 1> C:\Users\jishishan\codex_runs\Allin2_925v2\results_p1_n5_full\case_040.log 2>&1""",C:\Users\jishishan\codex_runs\Allin2_925v2\results_p1_n5_full\case_040,completed_after_target
case_088,600,879.981803199858,candidate_eval,jishishan-remote,"cmd.exe /c ""cd /d C:\Users\jishishan\codex_runs\Allin2_925v2\npu_schedule_project && C:\Users\jishishan\.conda\envs\yolonew\python.exe -u src\run_experiments.py --mode full --problems 1 --cores 5 --cases case_088 --workers 1 --budget standard --output C:\Users\jishishan\codex_runs\Allin2_925v2\results_p1_n5_full\case_088 1> C:\Users\jishishan\codex_runs\Allin2_925v2\results_p1_n5_full\case_088.log 2>&1""",C:\Users\jishishan\codex_runs\Allin2_925v2\results_p1_n5_full\case_088,completed_after_target
case_027,600,628.091467499791,candidate_eval,jishishan-remote,"cmd.exe /c ""cd /d C:\Users\jishishan\codex_runs\Allin2_925v2\npu_schedule_project && C:\Users\jishishan\.conda\envs\yolonew\python.exe -u src\run_experiments.py --mode full --problems 1 --cores 5 --cases case_027 --workers 1 --budget standard --output C:\Users\jishishan\codex_runs\Allin2_925v2\results_p1_n5_full\case_027 1> C:\Users\jishishan\codex_runs\Allin2_925v2\results_p1_n5_full\case_027.log 2>&1""",C:\Users\jishishan\codex_runs\Allin2_925v2\results_p1_n5_full\case_027,completed_after_target
case_100,600,810.411548500357,candidate_eval,jishishan-remote,"cmd.exe /c ""cd /d C:\Users\jishishan\codex_runs\Allin2_925v2\npu_schedule_project && C:\Users\jishishan\.conda\envs\yolonew\python.exe -u src\run_experiments.py --mode full --problems 1 --cores 5 --cases case_100 --workers 1 --budget standard --output C:\Users\jishishan\codex_runs\Allin2_925v2\results_p1_n5_full\case_100 1> C:\Users\jishishan\codex_runs\Allin2_925v2\results_p1_n5_full\case_100.log 2>&1""",C:\Users\jishishan\codex_runs\Allin2_925v2\results_p1_n5_full\case_100,completed_after_target
case_096,600,636.834426700254,candidate_eval,jishishan-remote,"cmd.exe /c ""cd /d C:\Users\jishishan\codex_runs\Allin2_925v2\npu_schedule_project && C:\Users\jishishan\.conda\envs\yolonew\python.exe -u src\run_experiments.py --mode full --problems 1 --cores 5 --cases case_096 --workers 1 --budget standard --output C:\Users\jishishan\codex_runs\Allin2_925v2\results_p1_n5_full\case_096 1> C:\Users\jishishan\codex_runs\Allin2_925v2\results_p1_n5_full\case_096.log 2>&1""",C:\Users\jishishan\codex_runs\Allin2_925v2\results_p1_n5_full\case_096,completed_after_target
