case,cores,arm,makespan,bytes,reference,speedup,slots,official_calls,cache_hits,solve_seconds,replay_seconds,base_makespan,candidate_seconds
1,2,fast,116868,1152,233110,1.9946435294520313,12,7,5,0.7578452061861753,0.08806205354630947,116868,0.06761041283607483
1,2,shared,116868,1152,233110,1.9946435294520313,12,7,5,0.7562615182250738,0.0921841450035572,116868,0.0647656749933958
1,3,fast,78545,2304,233110,2.9678528232223567,12,7,5,0.7900040727108717,0.08102280832827091,78545,0.07782922498881817
1,3,shared,78545,2304,233110,2.9678528232223567,12,7,5,0.7604737691581249,0.08299398422241211,78545,0.07085579261183739
1,4,fast,58984,3456,233110,3.952088702020887,12,7,5,0.8021490294486284,0.08095584064722061,58984,0.0874079018831253
1,4,shared,58984,3456,233110,3.952088702020887,12,7,5,0.75764768011868,0.08428873680531979,58984,0.08570659905672073
1,5,fast,47502,4608,233110,4.9073723211654245,12,7,5,0.8113766927272081,0.08349496312439442,47502,0.09910943731665611
1,5,shared,47502,4608,233110,4.9073723211654245,12,7,5,0.7867514975368977,0.07710029371082783,47502,0.09809084050357342
5,2,fast,61371,882310,95618,1.5580322953838133,12,12,0,12.676465483382344,0.8126425463706255,61371,0.7028676737099886
5,2,shared,61371,882310,95618,1.5580322953838133,12,12,0,12.27026185579598,0.7872592192143202,61371,0.4789289925247431
5,3,fast,54267,1461452,95618,1.7619916339580224,12,12,0,13.634699881076813,0.8799568209797144,54267,0.789503300562501
5,3,shared,54267,1461452,95618,1.7619916339580224,12,12,0,13.585338534787297,0.8166872672736645,54267,0.5917639099061489
5,4,fast,52462,1495922,95618,1.8226144638023711,12,12,0,14.564976176247,0.8403980303555727,52572,0.8952331393957138
5,4,shared,52462,1495922,95618,1.8226144638023711,12,12,0,14.153084378689528,0.8596863560378551,52572,0.605566555634141
5,5,fast,50673,1688564,95618,1.8869614982337735,12,12,0,26.29923762753606,0.959771441295743,50733,0.9119051620364189
5,5,shared,50673,1688564,95618,1.8869614982337735,12,12,0,34.4364065118134,1.1129070296883583,50733,0.7211113460361958
12,2,fast,25535,94960,59088,2.314000391619346,12,11,1,1.9429073948413134,0.13500715233385563,25733,0.06812569126486778
12,2,shared,25535,94960,59088,2.314000391619346,12,11,1,1.9290283899754286,0.12911934778094292,25733,0.05722413584589958
12,3,fast,18128,189892,59088,3.259488084730803,12,11,1,2.323934620246291,0.1368598099797964,19120,0.07961203902959824
12,3,shared,18128,189892,59088,3.259488084730803,12,11,1,2.2190840262919664,0.1382601596415043,19120,0.07282797060906887
12,4,fast,14948,39168,59088,3.952903398447953,12,11,1,2.222077840939164,0.1255848202854395,14948,0.0843289028853178
12,4,shared,14948,39168,59088,3.952903398447953,12,11,1,2.1937254313379526,0.12349866703152657,14948,0.07734835520386696
12,5,fast,12519,25344,59088,4.719865803977953,12,11,1,2.39111540466547,0.12576068378984928,12519,0.08157481625676155
12,5,shared,12519,25344,59088,4.719865803977953,12,11,1,2.3432018514722586,0.11994387209415436,12519,0.07730292901396751
22,2,fast,27860,145236,56780,2.0380473797559224,12,10,2,2.2070497814565897,0.1559615321457386,27977,0.07658321224153042
22,2,shared,27860,145236,56780,2.0380473797559224,12,10,2,2.2231572959572077,0.15481312200427055,27977,0.06989908032119274
22,3,fast,18978,13824,56780,2.9918853409210664,12,11,1,2.717607907950878,0.1461282465606928,18978,0.15089789405465126
22,3,shared,18978,13824,56780,2.9918853409210664,12,11,1,2.9099687170237303,0.2494551707059145,18978,0.07978755235671997
22,4,fast,14336,20736,56780,3.960658482142857,12,11,1,2.087131228297949,0.14737961441278458,14336,0.09665422886610031
22,4,shared,14336,20736,56780,3.960658482142857,12,11,1,2.077764395624399,0.1554585713893175,14336,0.09589426219463348
22,5,fast,11479,20736,56780,4.9464239045213,12,11,1,2.1601724568754435,0.1395801492035389,11479,0.10445280000567436
22,5,shared,11479,20736,56780,4.9464239045213,12,11,1,2.162466134876013,0.1496196910738945,11479,0.10523742064833641
24,2,fast,1335245,396856,2555343,1.9137633917370969,12,11,1,20.908227426931262,1.383486058562994,1335245,0.869911503046751
24,2,shared,1335245,396856,2555343,1.9137633917370969,12,11,1,22.308757862076163,1.5070463418960571,1335245,0.5574375446885824
24,3,fast,954537,332124,2555343,2.677049711011726,12,11,1,29.17203037440777,1.4603245835751295,954537,1.5977448616176844
24,3,shared,954537,332124,2555343,2.677049711011726,12,11,1,27.07296729646623,1.4520590621978045,954537,0.6878974195569754
24,4,fast,748435,595068,2555343,3.4142483983245038,12,11,1,31.549285931512713,1.527767539024353,748435,1.0391204115003347
24,4,shared,748435,595068,2555343,3.4142483983245038,12,11,1,28.924848318099976,1.4696085453033447,748435,0.8195991963148117
24,5,fast,695849,432232,2555343,3.672266540585673,12,11,1,38.531095165759325,1.481446409597993,695849,1.1116760037839413
24,5,shared,695849,432232,2555343,3.672266540585673,12,11,1,34.82349465042353,1.5310687776654959,695849,0.8580403663218021
35,2,fast,93692,801138,169571,1.8098770439311787,12,11,1,9.745196456089616,0.7821963783353567,93692,0.5520176403224468
35,2,shared,93692,801138,169571,1.8098770439311787,12,11,1,9.89043596200645,0.7513011153787374,93692,0.4009275659918785
35,3,fast,75717,1276568,169571,2.2395366958542997,12,12,0,11.773554248735309,0.7885281927883625,75717,0.6300820130854845
35,3,shared,75717,1276568,169571,2.2395366958542997,12,12,0,15.954658387228847,1.0581774767488241,75717,0.48148331604897976
35,4,fast,63767,1505978,169571,2.6592281274013203,12,12,0,12.462790621444583,0.7537134736776352,63767,0.6703603696078062
35,4,shared,63767,1505978,169571,2.6592281274013203,12,12,0,12.038360208272934,0.7872789762914181,63767,0.4857593271881342
35,5,fast,58308,1058710,169571,2.9081944158606023,12,12,0,13.164872579276562,0.7246983051300049,58555,0.6956227514892817
35,5,shared,58308,1058710,169571,2.9081944158606023,12,12,0,14.606140568852425,0.734663687646389,58555,0.528746971860528
48,2,fast,150049,467846,222220,1.4809828789262174,12,12,0,4.204005127772689,0.26982743479311466,150049,0.2427811101078987
48,2,shared,150049,467846,222220,1.4809828789262174,12,12,0,4.165102954953909,0.2784258257597685,150049,0.16832366399466991
48,3,fast,114626,1177612,222220,1.9386526616997888,12,12,0,11.781740931794047,0.33192807994782925,114626,0.43378239311277866
48,3,shared,114626,1177612,222220,1.9386526616997888,12,12,0,11.502842718735337,0.5669711288064718,114626,0.325988395139575
48,4,fast,114384,1270930,222220,1.9427542313610295,12,12,0,7.734792938455939,0.3829827681183815,114384,0.2694355696439743
48,4,shared,114384,1270930,222220,1.9427542313610295,12,12,0,8.003998221829534,0.3883484024554491,114384,0.22150497697293758
48,5,fast,101641,1273560,222220,2.1863224486181756,12,12,0,10.058911575004458,0.3478925656527281,101731,0.33620460703969
48,5,shared,101641,1273560,222220,2.1863224486181756,12,12,0,9.200514551252127,0.4051487669348717,101731,0.2295632790774107
49,2,fast,126174,1027062,196276,1.5555978252254823,12,12,0,12.780973318964243,0.8380208760499954,126174,0.6498666107654572
49,2,shared,126174,1027062,196276,1.5555978252254823,12,12,0,12.950027327984571,0.8894596919417381,126174,0.45391639322042465
49,3,fast,83711,2408560,196276,2.344685883575635,12,12,0,17.394454652443528,1.113614782691002,83711,0.6996546778827906
49,3,shared,83711,2408560,196276,2.344685883575635,12,12,0,20.457231134176254,1.106992295011878,83711,0.5275557767599821
49,4,fast,75814,2607184,196276,2.5889149761257815,12,12,0,20.19832193106413,1.1178894992917776,75861,1.3724039122462273
49,4,shared,75814,2607184,196276,2.5889149761257815,12,12,0,22.075410574674606,1.4108439963310957,75861,0.626873342320323
49,5,fast,76846,2907980,196276,2.554147255550061,12,12,0,21.087429605424404,1.1375869531184435,76923,0.8677594736218452
49,5,shared,76846,2907980,196276,2.554147255550061,12,12,0,22.192671332508326,1.1383456978946924,76923,1.1243506260216236
50,2,fast,87435,1022694,149690,1.712014639446446,12,12,0,18.27475124783814,1.01466353982687,87435,0.7136046998202801
50,2,shared,87435,1022694,149690,1.712014639446446,12,12,0,14.736309453845024,1.0710649639368057,87435,0.7199614681303501
50,3,fast,60421,1831624,149690,2.477449893249036,12,12,0,18.05866010673344,1.2947540245950222,60480,0.8651435561478138
50,3,shared,60421,1831624,149690,2.477449893249036,12,12,0,17.96710903942585,1.212742181494832,60480,0.5947308912873268
50,4,fast,57912,2053712,149690,2.584783809918497,12,12,0,23.18966218456626,1.9301109872758389,58032,1.0207286588847637
50,4,shared,57912,2053712,149690,2.584783809918497,12,12,0,20.439259434118867,1.864808764308691,58032,0.705388629809022
50,5,fast,57017,1337182,149690,2.625357349562411,12,12,0,19.212145920842886,0.9605616349726915,57017,0.9198910538107157
50,5,shared,57017,1337182,149690,2.625357349562411,12,12,0,19.69465641118586,0.9903911054134369,57017,0.7857399173080921
64,2,fast,14130,47620,19116,1.3528662420382165,12,12,0,2.3132015354931355,0.10860349982976913,14130,0.11252919211983681
64,2,shared,14130,47620,19116,1.3528662420382165,12,12,0,2.231283212080598,0.11325466260313988,14130,0.0815863311290741
64,3,fast,13074,41446,19116,1.4621385956860946,12,12,0,1.825912069529295,0.11504077911376953,13074,0.11899285018444061
64,3,shared,13074,41446,19116,1.4621385956860946,12,12,0,1.814795384183526,0.10654986277222633,13074,0.09090888686478138
64,4,fast,10160,130956,19116,1.881496062992126,12,12,0,3.287855686619878,0.12942083179950714,10195,0.1312367394566536
64,4,shared,10160,130956,19116,1.881496062992126,12,12,0,3.30786838196218,0.12929056584835052,10195,0.10399948991835117
64,5,fast,11391,159314,19116,1.6781669739267844,12,12,0,3.2170204296708107,0.11309245601296425,11423,0.11861334554851055
64,5,shared,11391,159314,19116,1.6781669739267844,12,12,0,3.3936965744942427,0.11936548911035061,11423,0.10977337695658207
69,2,fast,17030,364198,25144,1.4764533176746917,12,12,0,3.723999213427305,0.15159019082784653,17030,0.1293640471994877
69,2,shared,17030,364198,25144,1.4764533176746917,12,12,0,2.82623284868896,0.14408144354820251,17030,0.09241386875510216
69,3,fast,14179,325098,25144,1.7733267508286903,12,12,0,3.4884426593780518,0.13012629188597202,14179,0.13815101981163025
69,3,shared,14179,325098,25144,1.7733267508286903,12,12,0,3.3909663148224354,0.13479640521109104,14179,0.10409251600503922
69,4,fast,15620,361896,25144,1.609731113956466,12,12,0,2.370345838367939,0.1308665368705988,16068,0.1454532854259014
69,4,shared,15620,361896,25144,1.609731113956466,12,12,0,2.34956200607121,0.1327135358005762,16068,0.11284592747688293
69,5,fast,13147,433008,25144,1.9125275728303035,12,12,0,4.449118489399552,0.14502777345478535,13147,0.15158675611019135
69,5,shared,13147,433008,25144,1.9125275728303035,12,12,0,3.8244819194078445,0.12948711216449738,13147,0.11423099599778652
71,2,fast,12313,171622,18919,1.5365061317306912,12,12,0,1.8722297679632902,0.08467150293290615,12313,0.08411371149122715
71,2,shared,12313,171622,18919,1.5365061317306912,12,12,0,1.8238134495913982,0.083323048427701,12313,0.0644625797867775
71,3,fast,9867,250696,18919,1.9174014391405696,12,12,0,2.2821637243032455,0.09788846969604492,9892,0.09227268397808075
71,3,shared,9867,250696,18919,1.9174014391405696,12,12,0,2.261983446776867,0.09735042229294777,9892,0.07706949859857559
71,4,fast,10732,223406,18919,1.762858740216176,12,12,0,2.3037062603980303,0.07874433137476444,10732,0.08722169697284698
71,4,shared,10732,223406,18919,1.762858740216176,12,12,0,2.5822730287909508,0.0879147332161665,10732,0.08387953974306583
71,5,fast,10542,307214,18919,1.7946309998102827,12,12,0,2.618009641766548,0.0888266209512949,10641,0.0918311569839716
71,5,shared,10542,307214,18919,1.7946309998102827,12,12,0,2.516573177650571,0.08507292903959751,10641,0.07580814510583878
86,2,fast,74609,1019206,118403,1.5869801230414562,12,12,0,20.610143404453993,1.0524177104234695,74609,0.8876502681523561
86,2,shared,74609,1019206,118403,1.5869801230414562,12,12,0,16.535919597372413,1.1395456362515688,74609,0.6727529019117355
86,3,fast,63229,2197292,118403,1.8726059244966708,12,12,0,37.077098889276385,1.530266696587205,63289,1.864424554631114
86,3,shared,63229,2197292,118403,1.8726059244966708,12,12,0,34.27834401652217,2.3624422308057547,63289,0.800809521228075
86,4,fast,62299,2353614,118403,1.9005602016083725,12,12,0,33.73450323008001,1.3626347072422504,62341,1.1855508238077164
86,4,shared,62299,2353614,118403,1.9005602016083725,12,12,0,41.210798129439354,1.5966115668416023,62341,1.5907593127340078
86,5,fast,60402,2265748,118403,1.9602496606072646,12,12,0,40.772791769355536,1.5749377366155386,60413,1.2543740961700678
86,5,shared,60402,2265748,118403,1.9602496606072646,12,12,0,41.62465948984027,1.3620285503566265,60413,1.0607587695121765
88,2,fast,132639,1032234,243623,1.8367373095394266,12,12,0,12.231629813089967,0.6240354906767607,132639,0.43237917870283127
88,2,shared,132639,1032234,243623,1.8367373095394266,12,12,0,8.644174149259925,0.6415056325495243,132639,0.32399181090295315
88,3,fast,122079,1572244,243623,1.9956175918872205,12,12,0,12.57443961687386,1.0746643356978893,122079,0.6185006964951754
88,3,shared,122079,1572244,243623,1.9956175918872205,12,12,0,10.204101314768195,0.7344955578446388,122079,0.40050191804766655
88,4,fast,112565,2028164,243623,2.1642873006707237,12,12,0,15.319620788097382,0.6647525168955326,112676,0.9428619127720594
88,4,shared,112565,2028164,243623,2.1642873006707237,12,12,0,12.624638048931956,0.7047465872019529,112676,0.4231980014592409
88,5,fast,112833,2034888,243623,2.1591467035353133,12,12,0,11.797659391537309,0.6701876129955053,113438,0.6266229059547186
88,5,shared,112833,2034888,243623,2.1591467035353133,12,12,0,11.863180557265878,0.6700098048895597,113438,0.48792847990989685
