case,cores,config,makespan,singlecore_makespan,speedup,added_copy_bytes,seconds,official_calls,initial_makespan,best_candidate,noncopy_ops
case_001,1,fixed_single,233110,,1.0,0,0.18486669997218996,1,,,
case_002,1,fixed_single,261945,,1.0,0,0.5074374999385327,1,,,
case_003,1,fixed_single,602212,,1.0,0,149.02482231333852,1,,,
case_004,1,fixed_single,392357,,1.0,0,0.15889540000353009,1,,,
case_005,1,fixed_single,95618,,1.0,0,1.8924375000642613,1,,,
case_006,1,fixed_single,82837,,1.0,16400,0.14662519993726164,1,,,
case_007,1,fixed_single,1012562,,1.0,0,7.0658664889633656,1,,,
case_008,1,fixed_single,487605,,1.0,0,0.32040389999747276,1,,,
case_009,1,fixed_single,153261,,1.0,0,0.05858379998244345,0,,,
case_010,1,fixed_single,86969,,1.0,0,0.1334698999999091,1,,,
case_011,1,fixed_single,184697,,1.0,0,0.13513259997125715,1,,,
case_012,1,fixed_single,59088,,1.0,0,0.26356570003554225,1,,,
case_013,1,fixed_single,263949,,1.0,0,1.0366367999231443,1,,,
case_014,1,fixed_single,17698626,,1.0,71010720,1.1467250678688288,0,,,
case_015,1,fixed_single,177362,,1.0,180256,0.2759828999405727,1,,,
case_016,1,fixed_single,7715523,,1.0,0,257.81222810968757,1,,,
case_017,1,fixed_single,162810,,1.0,22528,0.34561149997171015,1,,,
case_018,1,fixed_single,1004367,,1.0,1970176,1.2541148000163957,1,,,
case_019,1,fixed_single,81144,,1.0,0,0.14565720001701266,1,,,
case_020,1,fixed_single,532746,,1.0,0,0.07569460000377148,0,,,
case_021,1,fixed_single,6567937,,1.0,4501504,3.2160982000641525,1,,,
case_022,1,fixed_single,56780,,1.0,0,0.3075520000420511,1,,,
case_023,1,fixed_single,122614,,1.0,0,0.23224939999636263,1,,,
case_024,1,fixed_single,2555343,,1.0,0,0.06551480002235621,0,,,
case_025,1,fixed_single,4863026,,1.0,0,0.5331892967224121,0,,,
case_026,1,fixed_single,99203,,1.0,0,0.10470520006492734,1,,,
case_027,1,fixed_single,2363952,,1.0,1400832,0.5209292999934405,1,,,
case_028,1,fixed_single,43836040,,1.0,277412256,679.6872243564576,1,,,
case_029,1,fixed_single,37555,,1.0,0,0.19341030006762594,1,,,
case_030,1,fixed_single,2808034,,1.0,5519360,98.25850970298052,1,,,
case_031,1,fixed_single,1414369,,1.0,3491328,0.09885490010492504,0,,,
case_032,1,fixed_single,41443,,1.0,0,0.18584629998076707,1,,,
case_033,1,fixed_single,1774196,,1.0,4592640,2.2958738999441266,1,,,
case_034,1,fixed_single,842996,,1.0,1079832,7.426475090906024,1,,,
case_035,1,fixed_single,169571,,1.0,0,1.872200999991037,1,,,
case_036,1,fixed_single,931510,,1.0,0,1.466005300055258,1,,,
case_037,1,fixed_single,210001,,1.0,0,0.22955759998876601,1,,,
case_038,1,fixed_single,1364555,,1.0,5627904,0.08924740005750209,0,,,
case_039,1,fixed_single,1435262,,1.0,7929856,0.08713290002197027,0,,,
case_040,1,fixed_single,253454,,1.0,0,1.0789700999157503,1,,,
case_041,1,fixed_single,6003957,,1.0,30898176,528.2428213879466,1,,,
case_042,1,fixed_single,1686740,,1.0,6629376,13.804759113118052,1,,,
case_043,1,fixed_single,677656,,1.0,49160,0.08799109992105514,0,,,
case_044,1,fixed_single,154407,,1.0,4438112,0.4707812999840826,1,,,
case_045,1,fixed_single,125614,,1.0,0,0.34975649998523295,1,,,
case_046,1,fixed_single,276455,,1.0,3176288,0.3018393999664113,1,,,
case_047,1,fixed_single,326508,,1.0,0,156.13936982117593,1,,,
case_048,1,fixed_single,222220,,1.0,0,0.4557813999708742,1,,,
case_049,1,fixed_single,196276,,1.0,0,1.9773611000273377,1,,,
case_050,1,fixed_single,149690,,1.0,0,6.5964301489293575,1,,,
case_051,1,fixed_single,607628,,1.0,0,0.3187582999235019,1,,,
case_052,1,fixed_single,180301,,1.0,0,0.30265790002886206,1,,,
case_053,1,fixed_single,1472686,,1.0,5405536,62.14849831163883,1,,,
case_054,1,fixed_single,815051,,1.0,0,204.8658708743751,1,,,
case_055,1,fixed_single,118835,,1.0,69632,0.29752799996640533,1,,,
case_056,1,fixed_single,277285,,1.0,0,0.08055489999242127,0,,,
case_057,1,fixed_single,59726,,1.0,94216,0.18003300006967038,1,,,
case_058,1,fixed_single,4539717,,1.0,28696576,531.4765425920486,1,,,
case_059,1,fixed_single,829473,,1.0,1691648,1.3696563999401405,1,,,
case_060,1,fixed_single,888789,,1.0,2068520,0.10357250005472451,0,,,
case_061,1,fixed_single,77191,,1.0,0,0.26908160001039505,1,,,
case_062,1,fixed_single,2854809,,1.0,0,0.5356526710093021,0,,,
case_063,1,fixed_single,1070397,,1.0,0,0.0913472999818623,0,,,
case_064,1,fixed_single,19116,,1.0,0,0.16735240002162755,1,,,
case_065,1,fixed_single,53068,,1.0,0,0.17723550007212907,1,,,
case_066,1,fixed_single,359070,,1.0,0,0.06220759998541325,0,,,
case_067,1,fixed_single,63834834,,1.0,264449408,0.1401659999974072,0,,,
case_068,1,fixed_single,362095,,1.0,0,0.05431230005342513,0,,,
case_069,1,fixed_single,25144,,1.0,0,0.17889730003662407,1,,,
case_070,1,fixed_single,117300,,1.0,0,0.29737410007510334,1,,,
case_071,1,fixed_single,18919,,1.0,0,0.10585789999458939,1,,,
case_072,1,fixed_single,23897828,,1.0,108613680,1472.7616188041866,1,,,
case_073,1,fixed_single,10081626,,1.0,141570432,17.833000732585788,1,,,
case_074,1,fixed_single,1682239,,1.0,6070280,2.4328472999623045,1,,,
case_075,1,fixed_single,1441809,,1.0,0,0.08126869995612651,0,,,
case_076,1,fixed_single,6185113,,1.0,28280832,1.2126588728278875,0,,,
case_077,1,fixed_single,495320,,1.0,0,6.783543283119798,1,,,
case_078,1,fixed_single,2296143,,1.0,12644568,0.30788879992906004,1,,,
case_079,1,fixed_single,31052251,,1.0,32448512,0.5777684599161148,0,,,
case_080,1,fixed_single,292138,,1.0,548864,0.3377541999798268,1,,,
case_081,1,fixed_single,151795,,1.0,0,2.017779999994673,1,,,
case_082,1,fixed_single,721041,,1.0,0,1.7987723000114784,1,,,
case_083,1,fixed_single,1057993,,1.0,13934688,2.7029781999299303,1,,,
case_084,1,fixed_single,2507412,,1.0,0,166.03660434484482,1,,,
case_085,1,fixed_single,3187899,,1.0,0,317.23725084401667,1,,,
case_086,1,fixed_single,118403,,1.0,0,0.12453812919557095,0,,,
case_087,1,fixed_single,3974071,,1.0,7902720,0.6856701839715242,0,,,
case_088,1,fixed_single,243623,,1.0,0,1.279564299969934,1,,,
case_089,1,fixed_single,693092,,1.0,0,6.668733309954405,1,,,
case_090,1,fixed_single,1178363,,1.0,21233592,0.6441481999354437,1,,,
case_091,1,fixed_single,9186769,,1.0,53947008,1691.083665817976,1,,,
case_092,1,fixed_single,4815554,,1.0,66000096,452.98167476803064,1,,,
case_093,1,fixed_single,74205,,1.0,0,0.18302009999752045,1,,,
case_094,1,fixed_single,94892,,1.0,0,0.13802810001652688,1,,,
case_095,1,fixed_single,2084853,,1.0,0,0.09376809990499169,0,,,
case_096,1,fixed_single,84194,,1.0,0,0.28401079995092005,1,,,
case_097,1,fixed_single,11491509,,1.0,10584064,0.1129128000466153,0,,,
case_098,1,fixed_single,177430,,1.0,0,0.30291500000748783,1,,,
case_099,1,fixed_single,1622999,,1.0,5484544,0.0850420999340713,0,,,
case_100,1,fixed_single,151223,,1.0,0,0.30618760001379997,1,,,
case_001,2,shared_region,123018,233110,1.8949259457965502,265344,1.7464043999789283,11,133968,local_reschedule,600
case_001,2,shared_resource,123018,233110,1.8949259457965502,265344,1.1412538000149652,2,190216,local_reschedule,600
case_001,3,shared_region,85849,233110,2.715349043087281,241920,1.569873199914582,11,98772,grain_1.0,600
case_001,3,shared_resource,85849,233110,2.715349043087281,241920,1.0682240000460297,2,154100,grain_1.0,600
case_001,4,shared_region,67883,233110,3.4339967296672214,470400,1.7769481999566779,11,71772,directed_split,600
case_001,4,shared_resource,67883,233110,3.4339967296672214,470400,1.0166737999534234,2,135678,directed_split,600
case_001,5,shared_region,50223,233110,4.641498914839814,45312,1.5600873000221327,11,50628,region_repartition_3_0,600
case_001,5,shared_resource,50223,233110,4.641498914839814,45312,1.6991029001073912,6,119910,region_repartition_3_0,600
case_002,2,shared_region,138077,261945,1.8970936506442058,477696,3.2332470000255853,11,138980,directed_split,1798
case_002,2,shared_resource,138980,261945,1.8847675924593468,465408,3.6000202998984605,8,188980,grain_2.0,1798
case_002,3,shared_region,95931,261945,2.730556337367483,532992,3.3498916999669746,11,96927,local_reschedule,1798
case_002,3,shared_resource,96156,261945,2.724166978659678,529920,3.836647400050424,8,168566,directed_split,1798
case_002,4,shared_region,74618,261945,3.5104800450293494,536064,3.526100100018084,11,76485,directed_split,1798
case_002,4,shared_resource,74651,261945,3.50892821261604,536064,3.1752972999820486,5,162541,local_reschedule,1798
case_002,5,shared_region,60651,261945,4.3188900430330905,536064,3.402312600053847,11,64749,directed_split,1798
case_002,5,shared_resource,60651,261945,4.3188900430330905,536064,3.2290925999404863,5,162132,directed_split,1798
case_003,2,shared_region,462800,602212,1.3012359550561798,8565562,179.54510507546365,11,468580,region_boundary_13578_0,13455
case_003,2,shared_resource,455805,602212,1.321205340002852,8631098,88.5680416021496,5,619570,directed_split,13455
case_003,3,shared_region,378576,602212,1.5907294704365833,9989392,231.85742382518947,11,431918,directed_split,13455
case_003,3,shared_resource,378576,602212,1.5907294704365833,9989392,46.689705116674304,2,620062,directed_split,13455
case_003,4,shared_region,329107,602212,1.8298364969447627,11891502,233.79181145131588,11,422371,grain_0.25,13455
case_003,4,shared_resource,329107,602212,1.8298364969447627,11891502,47.2471364364028,2,614821,grain_0.25,13455
case_003,5,shared_region,294109,602212,2.047580998881367,11891502,231.7845381759107,11,419231,grain_0.25,13455
case_003,5,shared_resource,294109,602212,2.047580998881367,11891502,50.473970679566264,2,626544,grain_0.25,13455
case_004,2,shared_region,223999,392357,1.7516015696498646,3775488,2.7226532000349835,11,223999,greedy,777
case_004,2,shared_resource,223999,392357,1.7516015696498646,3775488,2.304903300013393,8,279738,grain_2.0,777
case_004,3,shared_region,154080,392357,2.54644989615784,3812352,2.739171300083399,11,162622,directed_split,777
case_004,3,shared_resource,162622,392357,2.412693239537086,3775488,2.178343700012192,8,237523,grain_2.0,777
case_004,4,shared_region,132261,392357,2.966535864691784,3978240,2.903395500034094,11,132607,random_boundary,777
case_004,4,shared_resource,130484,392357,3.0069357162563994,4396032,2.3227049000561237,8,205351,directed_split,777
case_004,5,shared_region,110692,392357,3.544583167708597,4171776,3.143781000049785,11,117528,local_reschedule,777
case_004,5,shared_resource,113730,392357,3.4498988833201443,4396032,2.617501499946229,8,210699,directed_split,777
case_005,2,shared_region,91571,95618,1.0441952146421902,2718104,11.29491950001102,11,92730,grain_1.0,4113
case_005,2,shared_resource,91571,95618,1.0441952146421902,2718104,5.898415299947374,5,101096,grain_1.0,4113
case_005,3,shared_region,88392,95618,1.0817494795909133,2736536,11.782393299974501,11,93171,directed_split,4113
case_005,3,shared_resource,88392,95618,1.0817494795909133,2736536,3.5742265000008047,2,103110,directed_split,4113
case_005,4,shared_region,87624,95618,1.0912307130466539,2736440,11.940069900010712,11,93352,region_boundary_2838_0,4113
case_005,4,shared_resource,87624,95618,1.0912307130466539,2736440,3.704748500022106,2,110569,region_boundary_2838_0,4113
case_005,5,shared_region,87840,95618,1.088547358834244,2736440,12.103244199999608,11,93479,region_boundary_2838_0,4113
case_005,5,shared_resource,87840,95618,1.088547358834244,2736440,3.9688522000797093,2,103225,region_boundary_2838_0,4113
case_006,2,shared_region,45330,82837,1.8274211339069049,566668,1.5090946999844164,11,50872,region_boundary_794_1,678
case_006,2,shared_resource,45330,82837,1.8274211339069049,566668,0.9932208999525756,5,91428,region_boundary_794_1,678
case_006,3,shared_region,31819,82837,2.603381627329583,582028,1.7426410999614745,11,66036,local_reschedule,678
case_006,3,shared_resource,31819,82837,2.603381627329583,582028,0.793991000042297,2,84662,local_reschedule,678
case_006,4,shared_region,31094,82837,2.6640831028494243,533902,1.5371559000341222,11,42077,local_reschedule,678
case_006,4,shared_resource,31094,82837,2.6640831028494243,533902,0.7378591999877244,2,95010,local_reschedule,678
case_006,5,shared_region,32579,82837,2.5426501734245988,566668,2.0420395999681205,11,40434,grain_1.0,678
case_006,5,shared_resource,32579,82837,2.5426501734245988,566668,1.0618996999692172,2,98574,grain_1.0,678
case_007,2,shared_region,554554,1012562,1.8259033385387176,3703296,36.9922685213387,11,622754,region_boundary_1666_0,3885
case_007,2,shared_resource,622754,1012562,1.625942185839031,9156096,40.63962012901902,8,776887,grain_2.0,3885
case_007,3,shared_region,383009,1012562,2.6437028894882366,3675648,38.62729937210679,11,421875,local_reschedule,3885
case_007,3,shared_resource,421875,1012562,2.400146962962963,9156096,41.875246746465564,8,616053,grain_2.0,3885
case_007,4,shared_region,289431,1012562,3.4984573179790694,3821568,40.75645071081817,11,332778,local_reschedule,3885
case_007,4,shared_resource,326303,1012562,3.1031342034857174,10093056,45.81610927544534,8,521084,region_placement_0,3885
case_007,5,shared_region,240492,1012562,4.210377060359596,4365312,41.5431764498353,11,273634,multilevel,3885
case_007,5,shared_resource,266686,1012562,3.7968322296633494,10093056,42.708510745316744,8,478023,region_placement_0,3885
case_008,2,shared_region,253697,487605,1.9219975009558647,73728,2.7245730999857187,11,257495,local_reschedule,864
case_008,2,shared_resource,253600,487605,1.9227326498422712,0,2.641404199996032,9,473006,directed_split,864
case_008,3,shared_region,171575,487605,2.841935013842343,0,2.266369399963878,11,185103,grain_1.0,864
case_008,3,shared_resource,171575,487605,2.841935013842343,0,2.0066009000875056,4,448510,grain_1.0,864
case_008,4,shared_region,135279,487605,3.604439713481028,0,2.256630099960603,11,159661,grain_1.0,864
case_008,4,shared_resource,135279,487605,3.604439713481028,0,1.6185341998934746,2,451923,grain_1.0,864
case_008,5,shared_region,116950,487605,4.169345874305258,0,2.330164200044237,11,119719,grain_0.5,864
case_008,5,shared_resource,116950,487605,4.169345874305258,0,1.539226199965924,2,448167,grain_0.5,864
case_009,2,shared_region,132262,153261,1.1587682025071449,1481610,26.911215299973264,11,133807,grain_1.0,5671
case_009,2,shared_resource,132262,153261,1.1587682025071449,1481610,5.289338000002317,2,155233,grain_1.0,5671
case_009,3,shared_region,117616,153261,1.3030625085022447,1951934,22.99872559995856,11,133705,directed_split,5671
case_009,3,shared_resource,117616,153261,1.3030625085022447,1951934,5.87407959997654,2,156204,directed_split,5671
case_009,4,shared_region,117873,153261,1.3002214247537605,1951422,23.504185900092125,11,133987,directed_split,5671
case_009,4,shared_resource,117873,153261,1.3002214247537605,1951422,5.639223100035451,2,161240,directed_split,5671
case_009,5,shared_region,120100,153261,1.2761115736885928,1948354,23.883034999947995,11,133912,region_boundary_4929_0,5671
case_009,5,shared_resource,120100,153261,1.2761115736885928,1948354,6.19608809996862,2,160558,region_boundary_4929_0,5671
case_010,2,shared_region,48487,86969,1.7936560315136016,586384,1.4997932000551373,11,59196,grain_1.0,667
case_010,2,shared_resource,48487,86969,1.7936560315136016,586384,0.7834233000176027,2,104168,grain_1.0,667
case_010,3,shared_region,39104,86969,2.224043576104746,586384,1.363897299976088,11,46755,grain_1.0,667
case_010,3,shared_resource,39104,86969,2.224043576104746,586384,0.7240109000122175,2,101883,grain_1.0,667
case_010,4,shared_region,33256,86969,2.6151371181140246,590172,1.733939899946563,11,34012,random_boundary,667
case_010,4,shared_resource,34012,86969,2.557009290838528,599576,1.6585204999428242,7,103766,grain_2.0,667
case_010,5,shared_region,28842,86969,3.0153595451078288,958646,1.4944776999764144,11,35777,grain_0.25,667
case_010,5,shared_resource,29086,86969,2.990063948291274,958646,1.649197299964726,8,104808,grain_0.25,667
case_011,2,shared_region,102580,184697,1.800516669916163,2957312,2.294524100027047,11,188187,directed_split,688
case_011,2,shared_resource,102580,184697,1.800516669916163,2957312,0.9818029999732971,2,162535,directed_split,688
case_011,3,shared_region,77052,184697,2.397043555001817,3284992,2.128333400003612,11,188536,directed_split,688
case_011,3,shared_resource,78055,184697,2.366241752610339,3276800,1.0721019000047818,2,132817,grain_0.25,688
case_011,4,shared_region,69067,184697,2.6741714567014636,3276800,2.2529522998956963,11,192656,grain_0.25,688
case_011,4,shared_resource,69067,184697,2.6741714567014636,3276800,1.0090391000267118,2,120660,grain_0.25,688
case_011,5,shared_region,69067,184697,2.6741714567014636,3276800,2.695980100077577,11,194624,grain_0.25,688
case_011,5,shared_resource,69067,184697,2.6741714567014636,3276800,2.1656174999661744,7,106956,grain_0.25,688
case_012,2,shared_region,31452,59088,1.8786722624952308,231542,2.73305420007091,11,32013,grain_2.0,972
case_012,2,shared_resource,32013,59088,1.8457501639958767,231542,2.4199191000079736,7,61296,grain_2.0,972
case_012,3,shared_region,24032,59088,2.458721704394141,308780,2.835930300061591,11,24137,grain_1.0,972
case_012,3,shared_resource,24032,59088,2.458721704394141,308780,2.5055236000334844,6,58376,grain_1.0,972
case_012,4,shared_region,19733,59088,2.994374904981503,308780,2.9341051999945194,11,45873,grain_1.0,972
case_012,4,shared_resource,19733,59088,2.994374904981503,308780,1.4529303000308573,2,59079,grain_1.0,972
case_012,5,shared_region,17653,59088,3.3471931116524103,308780,3.023053999990225,11,35576,grain_1.0,972
case_012,5,shared_resource,17653,59088,3.3471931116524103,308780,1.5730463999789208,2,59396,grain_1.0,972
case_013,2,shared_region,150293,263949,1.7562294983798314,2646016,7.720640200073831,11,177675,multilevel,1968
case_013,2,shared_resource,177675,263949,1.4855719712959055,4018176,6.917942199972458,8,227137,grain_2.0,1968
case_013,3,shared_region,113875,263949,2.3178836443468716,3037184,7.88943239999935,11,131514,local_reschedule,1968
case_013,3,shared_resource,131514,263949,2.0070030567087915,4018176,6.480316800065339,8,191281,grain_2.0,1968
case_013,4,shared_region,88543,263949,2.9810261680765278,2646016,9.042455900111236,11,112387,multilevel,1968
case_013,4,shared_resource,112387,263949,2.348572343776415,4018176,7.536208499921486,8,169058,grain_2.0,1968
case_013,5,shared_region,88581,263949,2.9797473498831577,2648064,9.611158600077033,11,111990,directed_split,1968
case_013,5,shared_resource,111990,263949,2.3568979373158316,4018176,7.246718899928965,8,170336,grain_2.0,1968
case_014,2,shared_region,9789960,17698626,1.807834352745057,192577700,516.6995455999859,11,9828278,region_placement_0,35705
case_014,2,shared_resource,9828278,17698626,1.8007860583512187,231641252,760.6147613208741,6,13033968,grain_2.0,35705
case_014,3,shared_region,6951364,17698626,2.546065203893797,193506212,1017.4793414827436,11,6991917,directed_split,35705
case_014,3,shared_resource,6991917,17698626,2.531298068898701,231641252,805.1269779633731,7,10024497,grain_2.0,35705
case_014,4,shared_region,5547598,17698626,3.190322370150108,192767396,582.1640890277922,11,5616230,multilevel,35705
case_014,4,shared_resource,5616230,17698626,3.1513356824773915,231641252,408.6125702429563,7,8723709,grain_2.0,35705
case_014,5,shared_region,4697656,17698626,3.7675440687866457,193966244,472.4652939867228,11,4803118,multilevel,35705
case_014,5,shared_resource,4803118,17698626,3.6848201522427724,231641252,405.539661699906,7,7723956,grain_2.0,35705
case_015,2,shared_region,93955,177362,1.8877334894364324,1044220,2.572223099996336,11,93955,greedy,1013
case_015,2,shared_resource,93955,177362,1.8877334894364324,1044220,2.3695367000764236,7,172225,grain_2.0,1013
case_015,3,shared_region,87939,177362,2.0168753340383674,1038332,2.473316099960357,11,87999,region_boundary_163_0,1013
case_015,3,shared_resource,87999,177362,2.015500176138365,1044220,2.586830999935046,7,161872,grain_2.0,1013
case_015,4,shared_region,74224,177362,2.3895505496874327,2845122,2.6709708999842405,11,88665,grain_0.25,1013
case_015,4,shared_resource,74224,177362,2.3895505496874327,2845122,2.277450100053102,7,174191,grain_0.25,1013
case_015,5,shared_region,71787,177362,2.4706701770515553,2845122,3.1481853999430314,11,121727,grain_0.25,1013
case_015,5,shared_resource,71787,177362,2.4706701770515553,2845122,2.92353439994622,7,140571,grain_0.25,1013
case_016,2,shared_region,5440637,7715523,1.4181286125135715,134500220,376.62512569501996,11,8018449,directed_split,17995
case_016,2,shared_resource,5442839,7715523,1.4175548826632571,134500220,49.554100554436445,2,7752305,grain_0.25,17995
case_016,3,shared_region,4478897,7715523,1.7226390783266505,134500220,347.414192950353,11,8018449,directed_split,17995
case_016,3,shared_resource,4481061,7715523,1.721807179147974,134500220,48.38007694296539,2,7752305,grain_0.25,17995
case_016,4,shared_region,4266542,7715523,1.808378541685515,134500220,353.0651107337326,11,8018449,directed_split,17995
case_016,4,shared_resource,4301096,7715523,1.7938504511408255,134500220,48.59098359383643,2,7752305,grain_0.25,17995
case_016,5,shared_region,4158373,7715523,1.8554186938016384,134500220,348.5449034422636,11,8018449,directed_split,17995
case_016,5,shared_resource,4158814,7715523,1.8552219454873433,134500220,52.62438899278641,2,7735169,grain_0.25,17995
case_017,2,shared_region,86968,162810,1.872067887038911,445936,2.9500937000848353,11,90084,directed_split,1373
case_017,2,shared_resource,90084,162810,1.8073131743705875,427492,2.62411139998585,7,122862,grain_2.0,1373
case_017,3,shared_region,58877,162810,2.7652563819488085,427492,3.1095942999236286,11,60707,local_reschedule,1373
case_017,3,shared_resource,60707,162810,2.6818982983840414,427492,2.609903800068423,7,116170,grain_2.0,1373
case_017,4,shared_region,58607,162810,2.7779958025491833,1472406,3.4014734000666067,11,59345,grain_0.25,1373
case_017,4,shared_resource,51657,162810,3.151750972762646,1139930,2.8982270000269637,7,111240,local_reschedule,1373
case_017,5,shared_region,49911,162810,3.262006371340987,1472406,3.488616200047545,11,59650,grain_0.25,1373
case_017,5,shared_resource,49911,162810,3.262006371340987,1472406,3.0617164000868797,7,113118,grain_0.25,1373
case_018,2,shared_region,560808,1004367,1.7909284460991997,8809488,8.150483799981885,11,561813,region_repartition_3_0,2727
case_018,2,shared_resource,561813,1004367,1.7877247411505253,8383504,7.035887300036848,7,676158,grain_2.0,2727
case_018,3,shared_region,392394,1004367,2.5595880670958273,8383504,8.842875999980606,11,392394,greedy,2727
case_018,3,shared_resource,392394,1004367,2.5595880670958273,8383504,7.339852700009942,7,497774,grain_2.0,2727
case_018,4,shared_region,316398,1004367,3.1743784726831397,8436752,9.532989999977872,11,324151,region_boundary_2816_0,2727
case_018,4,shared_resource,324151,1004367,3.098454115520236,8383504,7.6377217000117525,7,408606,grain_2.0,2727
case_018,5,shared_region,271848,1004367,3.694590359318443,8879120,9.63845259998925,11,275509,local_reschedule,2727
case_018,5,shared_resource,275509,1004367,3.645496154390601,8383504,7.768337500048801,7,367067,grain_2.0,2727
case_019,2,shared_region,46867,81144,1.731367486717733,277524,1.4785251999273896,11,51991,grain_2.0,647
case_019,2,shared_resource,48797,81144,1.662889112035576,546212,0.8496765999589115,2,73734,local_reschedule,647
case_019,3,shared_region,31916,81144,2.5424238626394287,295712,1.4291373000014573,11,35344,local_reschedule,647
case_019,3,shared_resource,32398,81144,2.504599049324032,330656,1.1889262999175116,7,70826,directed_split,647
case_019,4,shared_region,25256,81144,3.212860310421286,256668,1.2138545999769121,11,28033,region_boundary_549_0,647
case_019,4,shared_resource,26482,81144,3.0641190242428817,546212,1.5986487999325618,8,72560,directed_split,647
case_019,5,shared_region,23450,81144,3.4602985074626864,568740,1.4830648000352085,11,27181,directed_split,647
case_019,5,shared_resource,23450,81144,3.4602985074626864,568740,0.7645741000305861,2,69949,directed_split,647
case_020,2,shared_region,274893,532746,1.9380122447643264,1007616,19.807136800023727,11,288541,region_repartition_1_0,7008
case_020,2,shared_resource,288541,532746,1.8463441937194367,2260992,19.84836579998955,7,1137332,grain_2.0,7008
case_020,3,shared_region,186125,532746,2.8623022162525187,1097728,20.51930419995915,11,198814,directed_split,7008
case_020,3,shared_resource,198814,532746,2.679620147474524,2260992,19.215846400009468,7,1148538,grain_2.0,7008
case_020,4,shared_region,140370,532746,3.7952981406283395,1052672,20.07910630002152,11,157100,region_repartition_1_0,7008
case_020,4,shared_resource,157100,532746,3.391126670910248,2260992,20.454051799955778,7,1152079,grain_2.0,7008
case_020,5,shared_region,113552,532746,4.6916478793856555,1060864,21.14143309998326,11,129506,region_boundary_4783_0,7008
case_020,5,shared_resource,129506,532746,4.1136781307429775,2260992,20.385980700026266,7,1152408,grain_2.0,7008
case_021,2,shared_region,3168548,6567937,2.0728538750241436,50104320,15.420224899891764,11,3201977,directed_split,3920
case_021,2,shared_resource,3168548,6567937,2.0728538750241436,50104320,10.401918199961074,4,3762207,directed_split,3920
case_021,3,shared_region,2124156,6567937,3.092021960722282,50071552,17.174521500011906,11,2211791,grain_1.0,3920
case_021,3,shared_resource,2124156,6567937,3.092021960722282,50071552,8.13805660000071,2,2883647,grain_1.0,3920
case_021,4,shared_region,1611899,6567937,4.07465790350388,50057216,16.434320300002582,11,1795730,region_boundary_459_0,3920
case_021,4,shared_resource,1611899,6567937,4.07465790350388,50057216,7.516472700051963,2,2367460,region_boundary_459_0,3920
case_021,5,shared_region,1313319,6567937,5.001021838563212,50089984,16.904918000102043,11,1574581,directed_split,3920
case_021,5,shared_resource,1313319,6567937,5.001021838563212,50089984,7.645647600060329,2,2154290,directed_split,3920
case_022,2,shared_region,30615,56780,1.8546464151559694,261196,3.0269899999257177,11,31239,directed_split,1356
case_022,2,shared_resource,31239,56780,1.817599795127885,245832,3.289560699951835,8,63364,grain_2.0,1356
case_022,3,shared_region,23185,56780,2.4489971964632304,245832,3.4277920000022277,11,23188,local_reschedule,1356
case_022,3,shared_resource,23188,56780,2.4486803519061584,245832,2.631780199939385,7,70840,grain_2.0,1356
case_022,4,shared_region,21271,56780,2.669362042217103,642198,3.9502628000918776,11,23298,region_boundary_2297_0,1356
case_022,4,shared_resource,21271,56780,2.669362042217103,642198,1.9322811999591067,2,75755,region_boundary_2297_0,1356
case_022,5,shared_region,21681,56780,2.6188828928554955,642198,3.9664263000013307,11,23366,region_boundary_2175_0,1356
case_022,5,shared_resource,21681,56780,2.6188828928554955,642198,1.9088744999608025,2,77130,region_boundary_2175_0,1356
case_023,2,shared_region,70543,122614,1.7381455282593596,462508,2.2465777999022976,11,87120,directed_split,1011
case_023,2,shared_resource,70543,122614,1.7381455282593596,462508,1.2567279000068083,2,105360,directed_split,1011
case_023,3,shared_region,48836,122614,2.5107297894995497,756744,2.3697859999956563,11,87258,local_reschedule,1011
case_023,3,shared_resource,48836,122614,2.5107297894995497,756744,1.3364522000774741,2,106724,local_reschedule,1011
case_023,4,shared_region,38355,122614,3.1968191891539566,740360,2.4895896000089124,11,87363,region_boundary_2018_0,1011
case_023,4,shared_resource,38355,122614,3.1968191891539566,740360,1.5006214000750333,2,105870,region_boundary_2018_0,1011
case_023,5,shared_region,31905,122614,3.843096693308259,723976,2.301986299920827,11,57477,region_placement_0,1011
case_023,5,shared_resource,31905,122614,3.843096693308259,723976,1.3875946000916883,2,107490,region_placement_0,1011
case_024,2,shared_region,1803647,2555343,1.4167644777498036,44243528,22.489483100012876,11,2655841,grain_0.25,5959
case_024,2,shared_resource,1803647,2555343,1.4167644777498036,44243528,5.053398399963044,2,2562581,grain_0.25,5959
case_024,3,shared_region,1483888,2555343,1.7220592120160012,44243528,22.606678800075315,11,2655841,directed_split,5959
case_024,3,shared_resource,1484202,2555343,1.7216948905876692,44243528,4.809688000008464,2,2565683,grain_0.25,5959
case_024,4,shared_region,1413568,2555343,1.8077255568886677,44243528,24.69442140008323,11,2655841,directed_split,5959
case_024,4,shared_resource,1425622,2555343,1.7924407732203909,44243528,5.291573099908419,2,2568268,grain_0.25,5959
case_024,5,shared_region,1378992,2555343,1.8530513592537157,44243528,24.174881600076333,11,2655841,directed_split,5959
case_024,5,shared_resource,1379433,2555343,1.852458945088308,44243528,4.961112900055014,2,2572404,grain_0.25,5959
case_025,2,shared_region,2782996,4863026,1.7474067515727654,26403840,233.22642472945154,1,2998381,region_boundary_5637_0,18662
case_025,2,shared_resource,2998381,4863026,1.6218839433681043,44187648,502.90977929346263,7,3609618,grain_2.0,18662
case_025,3,shared_region,1864617,4863026,2.6080562388951725,26428416,410.4320095870644,11,2011041,local_reschedule,18662
case_025,3,shared_resource,2011041,4863026,2.418163528242338,44187648,498.81565885432065,8,2722026,grain_2.0,18662
case_025,4,shared_region,1401788,4863026,3.469159387867495,26436096,404.681497098878,11,1518329,directed_split,18662
case_025,4,shared_resource,1518329,4863026,3.202880271667076,44187648,440.5597477592528,8,2306880,grain_2.0,18662
case_025,5,shared_region,1128061,4863026,4.3109601342480595,26463744,258.52951295115054,11,1236312,directed_split,18662
case_025,5,shared_resource,1236312,4863026,3.93349413416678,44187648,280.5957282073796,8,2165106,grain_2.0,18662
case_026,2,shared_region,62536,99203,1.5863342714596393,1435860,1.4496535999933258,11,81341,region_boundary_208_0,636
case_026,2,shared_resource,62536,99203,1.5863342714596393,1435860,0.7807504000375047,2,114026,region_boundary_208_0,636
case_026,3,shared_region,50092,99203,1.9804160344965265,1425620,1.7342950999736786,11,89917,directed_split,636
case_026,3,shared_resource,50092,99203,1.9804160344965265,1425620,0.8458265999797732,2,115973,directed_split,636
case_026,4,shared_region,50038,99203,1.9825532595227626,1454292,1.5219365999801084,11,79544,directed_split,636
case_026,4,shared_resource,52542,99203,1.888070495984165,1444692,0.7201909999130294,2,120358,local_reschedule,636
case_026,5,shared_region,50757,99203,1.9544693342790158,1458396,1.6528585999039933,11,76209,directed_split,636
case_026,5,shared_resource,50757,99203,1.9544693342790158,1458396,0.9124779000412673,2,120866,directed_split,636
case_027,2,shared_region,1157230,2363952,2.042767643424384,18079744,4.084574599983171,11,2249375,directed_split,1424
case_027,2,shared_resource,1157230,2363952,2.042767643424384,18079744,1.8559439000673592,3,2160144,directed_split,1424
case_027,3,shared_region,816499,2363952,2.8952295103851933,19480576,4.036640499951318,11,2249375,grain_0.25,1424
case_027,3,shared_resource,816499,2363952,2.8952295103851933,19480576,1.9337562000146136,3,2173643,grain_0.25,1424
case_027,4,shared_region,644890,2363952,3.6656670129789575,19480576,4.169172100024298,11,2249375,grain_0.25,1424
case_027,4,shared_resource,644890,2363952,3.6656670129789575,19480576,1.8803889999398962,3,2047753,grain_0.25,1424
case_027,5,shared_region,644890,2363952,3.6656670129789575,19480576,4.27261039998848,11,2249375,grain_0.25,1424
case_027,5,shared_resource,644890,2363952,3.6656670129789575,19480576,1.9956406999845058,3,1979666,grain_0.25,1424
case_028,2,shared_region,20808183,43836040,2.106673129508713,310682880,327.8801143746823,11,20857504,grain_1.0,19584
case_028,2,shared_resource,20808183,43836040,2.106673129508713,310682880,119.77115749008954,3,40778283,grain_1.0,19584
case_028,3,shared_region,13957556,43836040,3.1406673202672444,310848768,313.4518529418856,11,14257708,directed_split,19584
case_028,3,shared_resource,13957556,43836040,3.1406673202672444,310848768,220.97618662193418,6,40666881,directed_split,19584
case_028,4,shared_region,10676362,43836040,4.105896746476,310848768,320.7790266945958,11,11081040,local_reschedule,19584
case_028,4,shared_resource,10694242,43836040,4.0990319837535,310848768,187.66056778468192,5,40634678,directed_split,19584
case_028,5,shared_region,9004662,43836040,4.868149409716878,286344264,248.83663321472704,11,9143736,region_boundary_8758_0,19584
case_028,5,shared_resource,9143736,43836040,4.794106041556756,285961032,152.62780096009374,7,39888803,grain_2.0,19584
case_029,2,shared_region,21011,37555,1.7873970777211936,215168,2.06597559992224,11,22399,local_reschedule,861
case_029,2,shared_resource,21555,37555,1.7422871723498028,188532,1.6306228000903502,6,41927,directed_split,861
case_029,3,shared_region,15845,37555,2.3701483117702744,77858,2.1306135000195354,11,16362,region_boundary_578_0,861
case_029,3,shared_resource,16362,37555,2.2952573035081287,180336,1.859511199989356,7,41298,grain_2.0,861
case_029,4,shared_region,19188,37555,1.9572128413591827,182572,2.0591653999872506,11,19505,directed_split,861
case_029,4,shared_resource,18703,37555,2.007966636368497,426068,1.7648978000506759,7,42280,local_reschedule,861
case_029,5,shared_region,15573,37555,2.4115456238361266,139392,1.9948052000254393,11,15776,region_boundary_107_0,861
case_029,5,shared_resource,15776,37555,2.380514705882353,209092,2.169120299979113,7,43513,grain_2.0,861
case_030,2,shared_region,1480948,2808034,1.8961057376761372,26450440,140.28626653924584,11,1518071,region_boundary_2365_0,10070
case_030,2,shared_resource,1518071,2808034,1.8497382533491518,46617096,127.69610914029181,7,2162605,grain_2.0,10070
case_030,3,shared_region,1033665,2808034,2.716580323412324,28039688,151.46895438805223,11,1077318,region_boundary_4294_0,10070
case_030,3,shared_resource,1077318,2808034,2.6065043004943758,46617096,129.1742846313864,7,1820409,grain_2.0,10070
case_030,4,shared_region,826197,2808034,3.3987463038476298,27921928,157.6662003584206,11,885533,region_boundary_2028_0,10070
case_030,4,shared_resource,885533,2808034,3.17101000188587,46617096,132.92771163210273,7,1689846,grain_2.0,10070
case_030,5,shared_region,822040,2808034,3.415933531215026,27385352,154.2596038300544,11,846157,multilevel,10070
case_030,5,shared_resource,846157,2808034,3.318573267136004,46617096,105.93605840951204,7,1691871,grain_2.0,10070
case_031,2,shared_region,767070,1414369,1.8438591002124969,14805214,25.62016729998868,11,773805,region_boundary_1065_0,6135
case_031,2,shared_resource,773805,1414369,1.8278106241236487,14770398,21.71189889998641,7,1015878,grain_2.0,6135
case_031,3,shared_region,549864,1414369,2.5722160388750672,16894362,31.025034999940544,11,623171,local_reschedule,6135
case_031,3,shared_resource,549864,1414369,2.5722160388750672,16894362,10.122542099910788,2,775508,local_reschedule,6135
case_031,4,shared_region,444414,1414369,3.182548254555437,16928154,31.370938900043257,11,590066,directed_split,6135
case_031,4,shared_resource,444414,1414369,3.182548254555437,16928154,10.737578100059181,2,696564,directed_split,6135
case_031,5,shared_region,383314,1414369,3.6898443573675888,16928154,32.70408320007846,11,589735,directed_split,6135
case_031,5,shared_resource,383314,1414369,3.6898443573675888,16928154,11.47550569998566,2,660299,directed_split,6135
case_032,2,shared_region,24411,41443,1.6977182417762484,422634,2.045556800090708,11,28753,directed_split,827
case_032,2,shared_resource,24411,41443,1.6977182417762484,422634,0.9099590999539942,2,44260,directed_split,827
case_032,3,shared_region,21016,41443,1.971973734297678,566472,2.3159413998946548,11,28753,directed_split,827
case_032,3,shared_resource,21016,41443,1.971973734297678,566472,0.8980409998912364,2,47841,directed_split,827
case_032,4,shared_region,16054,41443,2.5814750218014204,308914,2.1778647999744862,11,21727,directed_split,827
case_032,4,shared_resource,19363,41443,2.140319165418582,641388,1.869960100040771,7,47559,grain_0.25,827
case_032,5,shared_region,18512,41443,2.238710025929127,641388,2.387213099980727,11,25189,grain_0.25,827
case_032,5,shared_resource,18512,41443,2.238710025929127,641388,1.1757290000095963,2,47775,grain_0.25,827
case_033,2,shared_region,933029,1774196,1.9015443249888266,17253152,11.890183000010438,11,935454,grain_2.0,3465
case_033,2,shared_resource,935454,1774196,1.8966149057035406,17253152,9.647339700022712,7,1216350,grain_2.0,3465
case_033,3,shared_region,651228,1774196,2.7243853151277277,17306912,11.775339200044982,11,651886,directed_split,3465
case_033,3,shared_resource,651886,1774196,2.721635377964859,17253152,10.071950300014578,7,956350,grain_2.0,3465
case_033,4,shared_region,520489,1774196,3.4087098862800174,19507818,12.296150600071996,11,559062,directed_split,3465
case_033,4,shared_resource,520489,1774196,3.4087098862800174,19507818,9.278056099894457,5,820071,directed_split,3465
case_033,5,shared_region,445303,1774196,3.9842444358111218,19539018,13.847621999913827,11,540723,region_boundary_2713_0,3465
case_033,5,shared_resource,445303,1774196,3.9842444358111218,19539018,6.276796199963428,2,802913,region_boundary_2713_0,3465
case_034,2,shared_region,451139,842996,1.8685948233249619,9837932,31.65726202353835,11,469053,grain_2.0,3745
case_034,2,shared_resource,455327,842996,1.8514078892751802,9897324,25.71609595231712,6,687623,directed_split,3745
case_034,3,shared_region,339740,842996,2.481297462765644,12183994,32.76570069603622,11,450274,grain_1.0,3745
case_034,3,shared_resource,339740,842996,2.481297462765644,12183994,13.534767581149936,2,545234,grain_1.0,3745
case_034,4,shared_region,274188,842996,3.0745182137803257,12211642,35.916666792705655,11,450337,directed_split,3745
case_034,4,shared_resource,275505,842996,3.059821055879204,12188090,14.751478942111135,2,522660,local_reschedule,3745
case_034,5,shared_region,252888,842996,3.3334756888424915,12190138,37.55127278715372,11,451330,region_boundary_4841_0,3745
case_034,5,shared_resource,252888,842996,3.3334756888424915,12190138,15.923405423760414,2,512311,region_boundary_4841_0,3745
case_035,2,shared_region,134660,169571,1.2592529333135303,2328824,11.775853900006041,11,166632,grain_0.5,3857
case_035,2,shared_resource,134660,169571,1.2592529333135303,2328824,3.3823434999212623,2,181362,grain_0.5,3857
case_035,3,shared_region,125507,169571,1.351087987124224,2368256,12.116520899930038,11,165522,directed_split,3857
case_035,3,shared_resource,125667,169571,1.3493677735602823,2349824,3.3995230000000447,2,181263,local_reschedule,3857
case_035,4,shared_region,125981,169571,1.346004556242608,2328824,12.136359399999492,11,165523,grain_0.5,3857
case_035,4,shared_resource,125981,169571,1.346004556242608,2328824,3.181673000101,2,180367,grain_0.5,3857
case_035,5,shared_region,126070,169571,1.3450543348933133,2328824,12.436797400005162,11,165523,grain_0.5,3857
case_035,5,shared_resource,126070,169571,1.3450543348933133,2328824,3.506357599981129,2,178655,grain_0.5,3857
case_036,2,shared_region,473570,931510,1.9669953755516607,366336,8.714681399986148,11,481094,directed_split,2400
case_036,2,shared_resource,481094,931510,1.9362328359946288,483840,9.279934699996375,8,748189,grain_2.0,2400
case_036,3,shared_region,323419,931510,2.880195659500524,507264,8.34580290003214,11,326846,local_reschedule,2400
case_036,3,shared_resource,326846,931510,2.8499966345006515,483840,9.42331009998452,9,589196,grain_2.0,2400
case_036,4,shared_region,245909,931510,3.788027278383467,507264,8.428351900074631,11,249722,local_reschedule,2400
case_036,4,shared_resource,249722,931510,3.730187969021552,483840,9.756275300052948,9,503268,grain_2.0,2400
case_036,5,shared_region,206700,931510,4.506579583938074,1004544,8.568810699973255,11,214822,local_reschedule,2400
case_036,5,shared_resource,208491,931510,4.467866718467464,1004544,8.611418400076218,7,459186,region_repartition_3_0,2400
case_037,2,shared_region,129217,210001,1.6251808972503619,3848192,2.8360285999951884,11,134648,directed_split,780
case_037,2,shared_resource,129484,210001,1.6218297241358006,3815424,1.1976916999556124,2,175121,region_repartition_3_0,780
case_037,3,shared_region,95365,210001,2.2020762334189694,3731456,2.913800199981779,11,134648,directed_split,780
case_037,3,shared_resource,95365,210001,2.2020762334189694,3731456,1.1444931000005454,2,140916,directed_split,780
case_037,4,shared_region,80538,210001,2.6074772157242543,3717120,3.147364600095898,11,118499,directed_split,780
case_037,4,shared_resource,80766,210001,2.600116385607805,3702784,1.3907290999777615,2,137730,local_reschedule,780
case_037,5,shared_region,75093,210001,2.7965456167685403,3731456,3.343402300029993,11,120838,directed_split,780
case_037,5,shared_resource,75093,210001,2.7965456167685403,3731456,1.462766700075008,2,138048,directed_split,780
case_038,2,shared_region,734652,1364555,1.8574168449823862,10359372,26.636266199988313,11,780462,multilevel,5907
case_038,2,shared_resource,780462,1364555,1.7483939000233195,14222544,23.854048699955456,7,997547,grain_2.0,5907
case_038,3,shared_region,514914,1364555,2.650063894164851,10418764,29.436003600014374,11,551641,multilevel,5907
case_038,3,shared_resource,551641,1364555,2.4736286824220826,14222544,24.2521243999945,7,849584,grain_2.0,5907
case_038,4,shared_region,413457,1364555,3.3003552969232595,10596940,30.852947099949233,11,442181,local_reschedule,5907
case_038,4,shared_resource,442181,1364555,3.0859647972210476,14222544,25.470408600056544,7,739968,grain_2.0,5907
case_038,5,shared_region,359513,1364555,3.795565111692762,11026508,32.6374894999899,11,375016,directed_split,5907
case_038,5,shared_resource,375016,1364555,3.6386580839217526,14222544,26.503996299928986,7,716113,grain_2.0,5907
case_039,2,shared_region,841140,1435262,1.7063295051953302,22433792,28.736742899985984,11,918926,directed_split,5250
case_039,2,shared_resource,901360,1435262,1.5923293689535813,31141888,27.672202799934894,7,1066708,directed_split,5250
case_039,3,shared_region,649664,1435262,2.209237390404886,22781952,28.791147700045258,11,686263,directed_split,5250
case_039,3,shared_resource,686263,1435262,2.0914168474768418,24543232,24.233898299979046,7,938385,grain_2.0,5250
case_039,4,shared_region,564871,1435262,2.5408668527858573,24850432,25.513276899931952,7,574300,region_repartition_3_0,5250
case_039,4,shared_resource,574300,1435262,2.4991502698937835,24543232,25.543573800008744,8,943270,grain_2.0,5250
case_039,5,shared_region,511084,1435262,2.808270264770566,24543232,31.69908890000079,11,522418,grain_2.0,5250
case_039,5,shared_resource,522418,1435262,2.7473440807935408,24543232,28.132514400058426,8,967153,grain_2.0,5250
case_040,2,shared_region,178282,253454,1.4216466048170875,4018142,9.19187489990145,11,215596,grain_0.5,3083
case_040,2,shared_resource,178282,253454,1.4216466048170875,4018142,2.659378199954517,2,243726,grain_0.5,3083
case_040,3,shared_region,145657,253454,1.7400742841058103,4050912,9.196531099965796,11,215556,directed_split,3083
case_040,3,shared_resource,145657,253454,1.7400742841058103,4050912,2.5777459000237286,2,228302,directed_split,3083
case_040,4,shared_region,142257,253454,1.7816627652769284,4018142,9.395037300069816,11,215528,region_boundary_6297_0,3083
case_040,4,shared_resource,142257,253454,1.7816627652769284,4018142,2.9585945999715477,2,235523,region_boundary_6297_0,3083
case_040,5,shared_region,142985,253454,1.7725915305801307,4050916,9.654251299914904,11,215528,local_reschedule,3083
case_040,5,shared_resource,142985,253454,1.7725915305801307,4050916,2.833100499934517,2,247790,local_reschedule,3083
case_041,2,shared_region,3193650,6003957,1.8799671222582313,51146792,295.89668126031756,11,3219521,directed_split,16594
case_041,2,shared_resource,3219521,6003957,1.8648603317077292,71348264,271.5190116651356,7,4549664,grain_2.0,16594
case_041,3,shared_region,2203713,6003957,2.724473195919795,51946536,310.3768263719976,11,2226314,region_boundary_13326_0,16594
case_041,3,shared_resource,2223877,6003957,2.69977026607137,71388200,292.04489113762975,7,3427862,directed_split,16594
case_041,4,shared_region,1715731,6003957,3.4993579995931765,51844136,327.1134528834373,11,1750210,region_boundary_2985_0,16594
case_041,4,shared_resource,1750210,6003957,3.430420920918061,71348264,284.3310979194939,7,3001014,grain_2.0,16594
case_041,5,shared_region,1429226,6003957,4.200845072787649,53646376,244.77695447020233,11,1494347,multilevel,16594
case_041,5,shared_resource,1494347,6003957,4.017779672325102,71348264,196.61785163916647,7,2812272,grain_2.0,16594
case_042,2,shared_region,931399,1686740,1.8109746735824281,20434744,54.30385488271713,11,1196084,grain_1.0,4733
case_042,2,shared_resource,931399,1686740,1.8109746735824281,20434744,18.710230944678187,2,1744901,grain_1.0,4733
case_042,3,shared_region,660021,1686740,2.5555853525872663,20477752,54.44956090673804,11,1197568,directed_split,4733
case_042,3,shared_resource,660021,1686740,2.5555853525872663,20477752,21.18141737766564,2,1496998,directed_split,4733
case_042,4,shared_region,543908,1686740,3.101149459099701,23795128,60.77898355573416,11,1196814,directed_split,4733
case_042,4,shared_resource,543908,1686740,3.101149459099701,23795128,20.789189575240016,2,1357384,directed_split,4733
case_042,5,shared_region,477497,1686740,3.53246198405435,23795128,61.48536076955497,11,1196774,local_reschedule,4733
case_042,5,shared_resource,477497,1686740,3.53246198405435,23795128,22.068641047924757,2,1293709,local_reschedule,4733
case_043,2,shared_region,437116,677656,1.5502887105482297,9046748,58.92488239996601,11,495051,region_boundary_1278_0,9309
case_043,2,shared_resource,437116,677656,1.5502887105482297,9046748,11.624397999956273,2,705658,region_boundary_1278_0,9309
case_043,3,shared_region,343054,677656,1.9753624793764246,11212820,62.78261819994077,11,487796,directed_split,9309
case_043,3,shared_resource,343054,677656,1.9753624793764246,11212820,11.75776210008189,2,715243,directed_split,9309
case_043,4,shared_region,294918,677656,2.2977776873571636,11235348,68.34434860001784,11,489083,directed_split,9309
case_043,4,shared_resource,294918,677656,2.2977776873571636,11235348,10.879452500026673,2,684179,directed_split,9309
case_043,5,shared_region,294404,677656,2.301789377861714,13144938,63.6215697999578,11,490234,grain_0.25,9309
case_043,5,shared_resource,294404,677656,2.301789377861714,13144938,11.756822500028647,2,729635,grain_0.25,9309
case_044,2,shared_region,146270,154407,1.0556299993163327,6398976,3.525395300006494,11,186011,local_reschedule,1364
case_044,2,shared_resource,78762,154407,1.9604250780833397,1347680,2.482375400024466,7,78762,resource_initial,1364
case_044,3,shared_region,143812,154407,1.0736725725252414,5510560,3.7024702000198886,11,179664,multilevel,1364
case_044,3,shared_resource,83409,154407,1.8512031075783189,648128,2.310629599960521,7,83409,resource_initial,1364
case_044,4,shared_region,143812,154407,1.0736725725252414,5510560,3.6452484999317676,11,181990,multilevel,1364
case_044,4,shared_resource,85988,154407,1.7956807926687446,1595488,2.54597430001013,7,87087,random_migrate,1364
case_044,5,shared_region,143812,154407,1.0736725725252414,5510560,3.4473625000100583,11,179294,multilevel,1364
case_044,5,shared_resource,79871,154407,1.9332047927282743,1212096,2.4309068999718875,7,79903,local_reschedule,1364
case_045,2,shared_region,65817,125614,1.9085342692617409,348160,2.7312311000423506,11,72341,directed_split,1651
case_045,2,shared_resource,72341,125614,1.7364150343511977,528384,2.710688399965875,7,265735,grain_2.0,1651
case_045,3,shared_region,48646,125614,2.582206142334416,323584,2.795107299927622,11,53081,directed_split,1651
case_045,3,shared_resource,53081,125614,2.3664588082364686,528384,2.762128199916333,7,268306,grain_2.0,1651
case_045,4,shared_region,37337,125614,3.3643302889894744,303104,2.9154398000100628,11,42443,local_reschedule,1651
case_045,4,shared_resource,42443,125614,2.959592865725797,528384,2.8670592000707984,7,267709,grain_2.0,1651
case_045,5,shared_region,33313,125614,3.770720139284964,557056,2.8165282999398187,11,34306,region_boundary_246_0,1651
case_045,5,shared_resource,34306,125614,3.6615752346528305,528384,2.804002800025046,7,269384,grain_2.0,1651
case_046,2,shared_region,152419,276455,1.81378305854257,5255872,2.446032300009392,11,164610,local_reschedule,992
case_046,2,shared_resource,152829,276455,1.8089171557754091,2683296,1.7239237000467256,7,161427,directed_split,992
case_046,3,shared_region,152587,276455,1.8117860630328928,5924000,2.387714899959974,11,152587,greedy,992
case_046,3,shared_resource,147455,276455,1.874843172493303,5491360,1.5639886999269947,7,147455,resource_initial,992
case_046,4,shared_region,157369,276455,1.7567309953040307,6977824,2.3582338999258354,11,175764,random_migrate,992
case_046,4,shared_resource,105738,276455,2.6145283625565074,2433696,1.424775299965404,7,128211,directed_split,992
case_046,5,shared_region,111389,276455,2.4818877986156624,4672800,2.477327900007367,11,125820,directed_split,992
case_046,5,shared_resource,122593,276455,2.2550635028101116,3568832,1.5449328999966383,7,127904,directed_split,992
case_047,2,shared_region,276535,326508,1.180711302366789,4380996,205.91189531236887,11,291541,grain_1.0,13710
case_047,2,shared_resource,276535,326508,1.180711302366789,4380996,36.02177781239152,2,329472,grain_1.0,13710
case_047,3,shared_region,241969,326508,1.3493794659646483,5051902,229.80694590508938,11,287232,grain_0.5,13710
case_047,3,shared_resource,241969,326508,1.3493794659646483,5051902,40.86889653094113,2,329239,grain_0.5,13710
case_047,4,shared_region,225654,326508,1.446940891807812,5078720,226.9422507174313,11,287278,directed_split,13710
case_047,4,shared_resource,225654,326508,1.446940891807812,5078720,40.3164110891521,2,324514,directed_split,13710
case_047,5,shared_region,222583,326508,1.4669044805757852,5064318,222.90877434052527,11,287301,directed_split,13710
case_047,5,shared_resource,222583,326508,1.4669044805757852,5064318,39.33909407258034,2,337418,directed_split,13710
case_048,2,shared_region,197496,222220,1.1251873455664925,1716280,4.0172148999990895,11,230678,grain_0.25,1728
case_048,2,shared_resource,197496,222220,1.1251873455664925,1716280,1.2513166000135243,2,223597,grain_0.25,1728
case_048,3,shared_region,197613,222220,1.1245211600451388,1716280,4.019339099992067,11,230678,grain_0.25,1728
case_048,3,shared_resource,197613,222220,1.1245211600451388,1716280,2.5349955999990925,7,205074,grain_0.25,1728
case_048,4,shared_region,197613,222220,1.1245211600451388,1716280,4.011879800003953,11,230678,grain_0.25,1728
case_048,4,shared_resource,197613,222220,1.1245211600451388,1716280,1.3248442999320105,2,210974,grain_0.25,1728
case_048,5,shared_region,197613,222220,1.1245211600451388,1716280,4.182133299997076,11,230678,grain_0.25,1728
case_048,5,shared_resource,197613,222220,1.1245211600451388,1716280,2.649676500004716,7,205143,grain_0.25,1728
case_049,2,shared_region,156968,196276,1.250420467866062,2635492,12.361315899994224,11,176426,directed_split,4303
case_049,2,shared_resource,159015,196276,1.2343238059302581,2629348,3.272114400053397,2,212703,grain_1.0,4303
case_049,3,shared_region,132866,196276,1.4772477533755815,4012736,12.351153600029647,11,175242,grain_0.25,4303
case_049,3,shared_resource,132866,196276,1.4772477533755815,4012736,3.4261756000341848,2,213189,grain_0.25,4303
case_049,4,shared_region,123251,196276,1.5924901217840017,4012736,12.76913070003502,11,175242,grain_0.25,4303
case_049,4,shared_resource,123251,196276,1.5924901217840017,4012736,4.020143399946392,2,214371,grain_0.25,4303
case_049,5,shared_region,117489,196276,1.670590438253794,4013760,15.265926199965179,11,175242,directed_split,4303
case_049,5,shared_resource,119775,196276,1.6387059069087873,4012736,3.8185495999641716,2,218592,grain_0.25,4303
case_050,2,shared_region,115543,149690,1.2955349956293327,2598688,43.5654052849859,11,136947,directed_split,4555
case_050,2,shared_resource,115543,149690,1.2955349956293327,2598688,12.221709173172712,2,160894,directed_split,4555
case_050,3,shared_region,104366,149690,1.4342793630109423,3416202,44.68033463135362,11,135904,grain_0.25,4555
case_050,3,shared_resource,104366,149690,1.4342793630109423,3416202,11.739019837230444,2,161983,grain_0.25,4555
case_050,4,shared_region,98003,149690,1.5274022223809476,3448972,42.141811445355415,11,135945,directed_split,4555
case_050,4,shared_resource,101845,149690,1.4697825126417596,3416202,7.765245383605361,2,170271,grain_0.25,4555
case_050,5,shared_region,99382,149690,1.506208367712463,3424394,34.10961481183767,11,135945,directed_split,4555
case_050,5,shared_resource,104446,149690,1.433180782413879,3416202,7.093822009861469,2,160222,grain_0.25,4555
case_051,2,shared_region,429872,607628,1.4135091376037519,10225204,4.1511974999448285,11,632622,grain_0.25,1416
case_051,2,shared_resource,429872,607628,1.4135091376037519,10225204,1.5567169999703765,2,613418,grain_0.25,1416
case_051,3,shared_region,352843,607628,1.7220916951732073,10225204,4.048262199969031,11,632622,grain_0.25,1416
case_051,3,shared_resource,352843,607628,1.7220916951732073,10225204,1.2427430000388995,2,621830,grain_0.25,1416
case_051,4,shared_region,336378,607628,1.8063844841220293,10225204,3.9460619000019506,11,632622,directed_split,1416
case_051,4,shared_resource,339432,607628,1.7901317495109477,10225204,1.3673395999940112,2,623226,grain_0.25,1416
case_051,5,shared_region,328989,607628,1.8469553693284577,10225204,3.7012276999885216,11,632622,directed_split,1416
case_051,5,shared_resource,329430,607628,1.8444828946969007,10225204,1.2486818000907078,2,637130,grain_0.25,1416
case_052,2,shared_region,102068,180301,1.7664792099384723,1106430,3.1040358000900596,11,149491,directed_split,1008
case_052,2,shared_resource,102068,180301,1.7664792099384723,1106430,1.2803008001064882,2,135186,directed_split,1008
case_052,3,shared_region,69095,180301,2.6094652290324913,1106430,3.455530200037174,11,149761,directed_split,1008
case_052,3,shared_resource,69095,180301,2.6094652290324913,1106430,1.4798664000118151,2,111417,directed_split,1008
case_052,4,shared_region,55828,180301,3.2295801389983523,1087998,3.025635899975896,11,86504,grain_1.0,1008
case_052,4,shared_resource,55828,180301,3.2295801389983523,1087998,1.6093814999330789,2,112893,grain_1.0,1008
case_052,5,shared_region,56150,180301,3.211059661620659,1101822,2.931015400099568,11,128182,region_boundary_2300_0,1008
case_052,5,shared_resource,56150,180301,3.211059661620659,1101822,1.534884399967268,2,113570,region_boundary_2300_0,1008
case_053,2,shared_region,827162,1472686,1.780408190898518,14142054,133.90032137930393,11,842241,region_boundary_10_0,11670
case_053,2,shared_resource,833691,1472686,1.7664650332077472,18087076,122.97490231320262,8,1335787,local_reschedule,11670
case_053,3,shared_region,631866,1472686,2.3306935331225294,18095268,164.3006533589214,11,655845,local_reschedule,11670
case_053,3,shared_resource,631866,1472686,2.3306935331225294,18095268,35.23013358935714,2,1284295,local_reschedule,11670
case_053,4,shared_region,538539,1472686,2.734594894705862,20267908,178.22667465545237,11,589109,local_reschedule,11670
case_053,4,shared_resource,538539,1472686,2.734594894705862,20267908,37.19578052312136,2,1338748,local_reschedule,11670
case_053,5,shared_region,474708,1472686,3.102298676238867,20272004,182.59745812229812,11,558526,directed_split,11670
case_053,5,shared_resource,474708,1472686,3.102298676238867,20272004,37.25341025739908,2,1313300,directed_split,11670
case_054,2,shared_region,510200,815051,1.597512740101921,6569360,219.32195358164608,11,530518,directed_split,15751
case_054,2,shared_resource,529507,815051,1.5392638813084625,9678336,154.41025495901704,7,705920,directed_split,15751
case_054,3,shared_region,402111,815051,2.0269303749462213,6732340,214.38144828379154,11,425144,directed_split,15751
case_054,3,shared_resource,416496,815051,1.956923956052399,11191714,180.12958483956754,7,643873,directed_split,15751
case_054,4,shared_region,362394,815051,2.2490742120454534,11175330,303.4082778468728,11,381548,region_boundary_15600_0,15751
case_054,4,shared_resource,362394,815051,2.2490742120454534,11175330,100.91639904677868,3,667687,region_boundary_15600_0,15751
case_054,5,shared_region,333071,815051,2.447078851055781,11208098,295.354842627421,11,365383,directed_split,15751
case_054,5,shared_resource,333071,815051,2.447078851055781,11208098,54.841994317248464,2,652198,directed_split,15751
case_055,2,shared_region,67319,118835,1.7652520090910442,841690,2.9616159999277443,11,69051,grain_1.0,1236
case_055,2,shared_resource,67319,118835,1.7652520090910442,841690,2.4662617000285536,5,116216,grain_1.0,1236
case_055,3,shared_region,46854,118835,2.5362829214154607,841690,3.309523099916987,11,69224,region_boundary_1627_0,1236
case_055,3,shared_resource,46854,118835,2.5362829214154607,841690,1.768330999999307,2,111634,region_boundary_1627_0,1236
case_055,4,shared_region,43548,118835,2.7288279599522367,1231458,3.2773896999424323,11,69396,region_repartition_3_0,1236
case_055,4,shared_resource,43548,118835,2.7288279599522367,1231458,1.873893199954182,2,112058,region_repartition_3_0,1236
case_055,5,shared_region,37477,118835,3.1708781385916693,1236058,3.718303499976173,11,60693,directed_split,1236
case_055,5,shared_resource,37477,118835,3.1708781385916693,1236058,1.919020300032571,2,111084,directed_split,1236
case_056,2,shared_region,231882,277285,1.1958021752443053,4095676,38.26409259997308,11,252311,directed_split,7678
case_056,2,shared_resource,231882,277285,1.1958021752443053,4095676,7.306625899975188,2,287573,directed_split,7678
case_056,3,shared_region,199699,277285,1.3885147146455414,6006214,43.25834120006766,11,244284,grain_0.25,7678
case_056,3,shared_resource,199699,277285,1.3885147146455414,6006214,8.496663500089198,2,283004,grain_0.25,7678
case_056,4,shared_region,189615,277285,1.462357935817314,6006214,46.75502080004662,11,242590,grain_0.25,7678
case_056,4,shared_resource,189615,277285,1.462357935817314,6006214,10.33090619998984,2,279424,grain_0.25,7678
case_056,5,shared_region,186638,277285,1.4856835156827655,6006214,44.63988769997377,11,241523,grain_0.25,7678
case_056,5,shared_resource,186638,277285,1.4856835156827655,6006214,8.301122199976817,2,292863,grain_0.25,7678
case_057,2,shared_region,34504,59726,1.730987711569673,671380,2.1460502999834716,11,34748,grain_1.0,865
case_057,2,shared_resource,34748,59726,1.718832738574882,414346,1.7745321999536827,7,59522,grain_2.0,865
case_057,3,shared_region,24898,59726,2.398827215037352,663192,2.086928099975921,11,33068,local_reschedule,865
case_057,3,shared_resource,24898,59726,2.398827215037352,663192,1.1243056999519467,2,63546,local_reschedule,865
case_057,4,shared_region,22296,59726,2.6787764621456764,671384,2.157738200039603,11,27637,region_boundary_1039_0,865
case_057,4,shared_resource,22296,59726,2.6787764621456764,671384,1.2815685999812558,2,60457,region_boundary_1039_0,865
case_057,5,shared_region,22616,59726,2.6408737177219668,857806,2.3671386999776587,11,36644,region_boundary_271_0,865
case_057,5,shared_resource,22616,59726,2.6408737177219668,857806,1.1806043999968097,2,61275,region_boundary_271_0,865
case_058,2,shared_region,2658985,4539717,1.70731200063182,77066240,427.86303964443505,11,2680561,random_boundary,16575
case_058,2,shared_resource,2680561,4539717,1.6935697415578306,77066240,298.31762276403606,7,3830514,grain_2.0,16575
case_058,3,shared_region,1910788,4539717,2.3758349958237126,75853824,430.23637812770903,11,2000369,local_reschedule,16575
case_058,3,shared_resource,1970005,4539717,2.3044190243171974,77135872,307.9549257364124,7,3151474,directed_split,16575
case_058,4,shared_region,1624923,4539717,2.7938043833461648,75767808,405.6932479981333,11,1738994,region_boundary_5099_0,16575
case_058,4,shared_resource,1674405,4539717,2.711241903840469,77135872,230.7009578179568,7,3046191,directed_split,16575
case_058,5,shared_region,1524911,4539717,2.9770373484091857,77762560,241.30475303716958,11,1590001,local_reschedule,16575
case_058,5,shared_resource,1590001,4539717,2.855166128826334,77066240,205.23248045891523,7,3087374,grain_2.0,16575
case_059,2,shared_region,387674,829473,2.1396147278383384,12056576,9.102892499999143,11,397436,region_boundary_439_0,2752
case_059,2,shared_resource,387674,829473,2.1396147278383384,12056576,5.9931289999512956,5,630926,region_boundary_439_0,2752
case_059,3,shared_region,263398,829473,3.149124139135453,12072960,10.146725600003265,11,397436,region_boundary_525_0,2752
case_059,3,shared_resource,263398,829473,3.149124139135453,12072960,4.1413775000255555,2,500507,region_boundary_525_0,2752
case_059,4,shared_region,230764,829473,3.594464474528089,12089344,10.540670499904081,11,397436,directed_split,2752
case_059,4,shared_resource,236003,829473,3.5146714236683434,12072960,3.9340160000137985,2,439043,region_boundary_611_0,2752
case_059,5,shared_region,230764,829473,3.594464474528089,12089344,9.87281620001886,11,397436,directed_split,2752
case_059,5,shared_resource,230764,829473,3.594464474528089,12089344,4.192212000023574,2,425932,directed_split,2752
case_060,2,shared_region,475066,888789,1.870874783714263,8605406,22.68463279993739,11,492006,region_boundary_3622_0,5281
case_060,2,shared_resource,490484,888789,1.812065225369227,13293140,19.63293610000983,7,786259,directed_split,5281
case_060,3,shared_region,347738,888789,2.555915660641057,13293140,23.405311799957417,11,349429,local_reschedule,5281
case_060,3,shared_resource,349194,888789,2.5452585095963847,13293140,17.570587800000794,6,699124,directed_split,5281
case_060,4,shared_region,287298,888789,3.093613599816219,9249456,28.003885800018907,11,293719,multilevel,5281
case_060,4,shared_resource,290514,888789,3.059367190565687,13293140,28.866724899969995,7,702216,directed_split,5281
case_060,5,shared_region,264465,888789,3.3607055754069535,8681136,31.06406840006821,11,271329,region_boundary_2493_0,5281
case_060,5,shared_resource,271329,888789,3.2756874495538626,13268564,20.966767399921082,7,719064,grain_2.0,5281
case_061,2,shared_region,54640,77191,1.4127196193265008,840662,3.124684500042349,11,64449,grain_0.5,1115
case_061,2,shared_resource,54640,77191,1.4127196193265008,840662,1.7013504999922588,2,71329,grain_0.5,1115
case_061,3,shared_region,38026,77191,2.0299531899226846,837462,3.5405108999693766,11,64449,region_boundary_42_0,1115
case_061,3,shared_resource,38026,77191,2.0299531899226846,837462,1.5980187999084592,2,64671,region_boundary_42_0,1115
case_061,4,shared_region,30297,77191,2.5478100141928244,840662,3.132393099949695,11,64449,grain_0.5,1115
case_061,4,shared_resource,30297,77191,2.5478100141928244,840662,2.0890758999157697,3,68865,grain_0.5,1115
case_061,5,shared_region,27573,77191,2.7995140173357993,848854,3.6591738999122754,11,61336,directed_split,1115
case_061,5,shared_resource,27573,77191,2.7995140173357993,848854,1.6609763000160456,2,67745,directed_split,1115
case_062,2,shared_region,1463796,2854809,1.9502779075772854,3431424,152.64111008681357,11,1471716,local_reschedule,19636
case_062,2,shared_resource,1471716,2854809,1.9397825395660575,5085696,471.6572607383132,6,1880816,grain_2.0,19636
case_062,3,shared_region,982412,2854809,2.9059182909003556,3469824,274.98798049241304,11,997506,region_boundary_1250_0,19636
case_062,3,shared_resource,997506,2854809,2.8619466950574735,5085696,412.8991547189653,8,1724635,grain_2.0,19636
case_062,4,shared_region,744188,2854809,3.83613952388375,3511296,270.68429010920227,11,759017,local_reschedule,19636
case_062,4,shared_resource,759017,2854809,3.7611924370600396,5085696,420.1005999557674,8,1708070,grain_2.0,19636
case_062,5,shared_region,605685,2854809,4.71335595235147,3469824,271.80425143428147,11,624328,region_boundary_1250_0,19636
case_062,5,shared_resource,624328,2854809,4.572610871208724,5085696,344.78820466808975,8,1712487,grain_2.0,19636
case_063,2,shared_region,552512,1070397,1.9373280580331287,1903104,24.583018900011666,11,552512,greedy,7360
case_063,2,shared_resource,552512,1070397,1.9373280580331287,1903104,32.690480199991725,8,659937,grain_2.0,7360
case_063,3,shared_region,371366,1070397,2.882323637597411,1903104,26.063901500077918,11,371366,greedy,7360
case_063,3,shared_resource,371366,1070397,2.882323637597411,1903104,32.424974799971096,8,646954,grain_2.0,7360
case_063,4,shared_region,283231,1070397,3.7792367360917414,1915392,25.495091899996623,11,285666,directed_split,7360
case_063,4,shared_resource,285666,1070397,3.7470227468442165,1903104,33.61827199999243,8,643335,grain_2.0,7360
case_063,5,shared_region,229053,1070397,4.673141150738039,1920000,26.23757250001654,11,233485,local_reschedule,7360
case_063,5,shared_resource,233485,1070397,4.5844358309955675,1903104,39.7614427000517,8,638286,grain_2.0,7360
case_064,2,shared_region,19089,19116,1.0014144271570014,17994,1.9109286000020802,11,20914,random_split,906
case_064,2,shared_resource,19089,19116,1.0014144271570014,17994,0.8269587999675423,2,19688,random_split,906
case_064,3,shared_region,19089,19116,1.0014144271570014,17994,2.142792100086808,11,20914,random_split,906
case_064,3,shared_resource,18638,19116,1.025646528597489,54126,1.2578329999232665,7,19584,region_boundary_902_0,906
case_064,4,shared_region,19076,19116,1.0020968756552737,15692,2.101106600021012,11,21413,directed_split,906
case_064,4,shared_resource,18695,19116,1.0225193902112863,73498,1.5441348000895232,7,21572,directed_split,906
case_064,5,shared_region,19083,19116,1.0017292878478228,7366,1.8108520000241697,11,21933,multilevel,906
case_064,5,shared_resource,19116,19116,1.0,0,1.789920900017023,7,19901,single_task,906
case_065,2,shared_region,28757,53068,1.8453941648989811,100936,1.4699917000252753,11,30873,region_boundary_788_0,704
case_065,2,shared_resource,30873,53068,1.7189129660220905,103240,1.26833120000083,6,44187,grain_2.0,704
case_065,3,shared_region,22795,53068,2.328054397894275,443572,1.8789983000606298,11,26037,local_reschedule,704
case_065,3,shared_resource,22795,53068,2.328054397894275,443572,0.8886665999889374,2,48612,local_reschedule,704
case_065,4,shared_region,18606,53068,2.852198215629367,452788,1.6747438999591395,11,28677,directed_split,704
case_065,4,shared_resource,18606,53068,2.852198215629367,452788,1.0099718999117613,2,47296,directed_split,704
case_065,5,shared_region,18100,53068,2.9319337016574587,452788,1.7530029999325052,11,31141,directed_split,704
case_065,5,shared_resource,18100,53068,2.9319337016574587,452788,1.015972200082615,2,48320,directed_split,704
case_066,2,shared_region,242005,359070,1.4837296750067148,4846614,25.65826359996572,11,336207,local_reschedule,5962
case_066,2,shared_resource,242005,359070,1.4837296750067148,4846614,6.212907499982975,2,317742,local_reschedule,5962
case_066,3,shared_region,176353,359070,2.03608671244606,4877334,25.199700400000438,11,329370,directed_split,5962
case_066,3,shared_resource,176353,359070,2.03608671244606,4877334,6.08541340008378,2,349112,directed_split,5962
case_066,4,shared_region,162001,359070,2.216467799581484,5725374,25.343604000052437,11,329334,grain_0.25,5962
case_066,4,shared_resource,162001,359070,2.216467799581484,5725374,6.157317999983206,2,326329,grain_0.25,5962
case_066,5,shared_region,140194,359070,2.5612365721785526,5725374,31.654085899936035,11,329353,grain_0.25,5962
case_066,5,shared_resource,140194,359070,2.5612365721785526,5725374,9.655283499974757,2,322654,grain_0.25,5962
case_067,2,shared_region,32203165,63834834,1.9822534213640182,262601984,46.52286219992675,11,32402033,local_reschedule,8804
case_067,2,shared_resource,32203165,63834834,1.9822534213640182,262601984,10.892139700008556,2,63638348,local_reschedule,8804
case_067,3,shared_region,21585693,63834834,2.957275172958311,247821184,48.15235870005563,11,22576998,grain_0.25,8804
case_067,3,shared_resource,21585693,63834834,2.957275172958311,247821184,10.722864700015634,2,63402149,grain_0.25,8804
case_067,4,shared_region,16358776,63834834,3.902176666518326,262601984,48.17719359998591,11,17157098,directed_split,8804
case_067,4,shared_resource,16358776,63834834,3.902176666518326,262601984,11.861801599967293,2,62330609,directed_split,8804
case_067,5,shared_region,13455316,63834834,4.744209203262116,262606080,46.141340199974366,11,13969892,local_reschedule,8804
case_067,5,shared_resource,13455316,63834834,4.744209203262116,262606080,11.937656500027515,2,60994824,local_reschedule,8804
case_068,2,shared_region,243395,362095,1.48768462786828,4401532,22.816609899979085,11,332993,grain_0.5,5351
case_068,2,shared_resource,243395,362095,1.48768462786828,4401532,5.673270700033754,2,359411,grain_0.5,5351
case_068,3,shared_region,224168,362095,1.6152840726597908,4401532,23.033930400037207,11,332426,local_reschedule,5351
case_068,3,shared_resource,224168,362095,1.6152840726597908,4401532,5.323872799985111,2,369106,local_reschedule,5351
case_068,4,shared_region,225518,362095,1.6056146294309102,4426108,22.979063300066628,11,332971,directed_split,5351
case_068,4,shared_resource,225518,362095,1.6056146294309102,4426108,6.161084899911657,2,323510,directed_split,5351
case_068,5,shared_region,226325,362095,1.5998895393792114,4426684,22.99452129995916,11,332971,directed_split,5351
case_068,5,shared_resource,226325,362095,1.5998895393792114,4426684,6.044030099990778,2,346522,directed_split,5351
case_069,2,shared_region,21862,25144,1.1501235019668832,514378,2.7589835999533534,11,23437,directed_split,1032
case_069,2,shared_resource,22809,25144,1.102371870752773,238408,1.8998682999517769,7,27350,multilevel,1032
case_069,3,shared_region,21862,25144,1.1501235019668832,514378,2.7834282000549138,11,23437,directed_split,1032
case_069,3,shared_resource,22900,25144,1.0979912663755458,505064,1.8635744999628514,6,35073,directed_split,1032
case_069,4,shared_region,21862,25144,1.1501235019668832,514378,2.501000199932605,11,23437,directed_split,1032
case_069,4,shared_resource,22000,25144,1.1429090909090909,505064,1.5915189000079408,5,34868,local_reschedule,1032
case_069,5,shared_region,24830,25144,1.0126459927507048,71044,2.436431900016032,11,26882,directed_split,1032
case_069,5,shared_resource,22280,25144,1.1285457809694794,623660,2.1432168000610545,7,36780,directed_split,1032
case_070,2,shared_region,66479,117300,1.7644669745333112,447850,3.1508502999786288,11,66479,greedy,1191
case_070,2,shared_resource,66479,117300,1.7644669745333112,447850,2.971983600058593,7,104774,grain_2.0,1191
case_070,3,shared_region,60156,117300,1.9499301815280272,1611692,3.39768570009619,11,66823,grain_0.25,1191
case_070,3,shared_resource,57335,117300,2.045870759570943,1335248,3.068955500028096,7,95598,region_boundary_13_0,1191
case_070,4,shared_region,48767,117300,2.405315069616749,1611692,3.2474884999683127,11,66930,grain_0.25,1191
case_070,4,shared_resource,48767,117300,2.405315069616749,1611692,3.0969994000624865,7,99520,grain_0.25,1191
case_070,5,shared_region,44868,117300,2.614335383792458,1611692,2.9301536000566557,11,68166,grain_0.25,1191
case_070,5,shared_resource,44868,117300,2.614335383792458,1611692,3.0791612999746576,7,100353,grain_0.25,1191
case_071,2,shared_region,18901,18919,1.0009523305645205,93316,1.474134499905631,11,23511,multilevel,741
case_071,2,shared_resource,17348,18919,1.09055798939359,142954,1.279927600058727,7,20083,region_boundary_715_0,741
case_071,3,shared_region,18757,18919,1.0086367756037746,57220,1.8065479999640957,11,23436,directed_split,741
case_071,3,shared_resource,15752,18919,1.2010538344337227,248236,1.4632530000526458,7,21143,multilevel,741
case_071,4,shared_region,18449,18919,1.0254756355358015,155940,1.663181300042197,11,19592,region_boundary_739_0,741
case_071,4,shared_resource,14329,18919,1.320329401912206,337022,1.2806061999872327,7,22870,directed_split,741
case_071,5,shared_region,18757,18919,1.0086367756037746,57220,1.753991000005044,11,22091,directed_split,741
case_071,5,shared_resource,14329,18919,1.320329401912206,337022,1.276811399962753,7,22870,directed_split,741
case_072,2,shared_region,12769723,23897828,1.8714445097986856,208949012,747.067607967183,11,13280554,multilevel,29666
case_072,2,shared_resource,13280554,23897828,1.799460173122296,220936502,408.3644279129803,7,23324721,grain_2.0,29666
case_072,3,shared_region,8956496,23897828,2.6682117649580817,208995092,432.9917862005532,11,9445978,local_reschedule,29666
case_072,3,shared_resource,9445978,23897828,2.5299474548850314,220936502,250.57969235628843,7,20055142,grain_2.0,29666
case_072,4,shared_region,7126265,23897828,3.3534857320068787,209781524,347.9917329289019,11,7548294,region_boundary_22433_0,29666
case_072,4,shared_resource,7548294,23897828,3.165990619867218,220936502,240.80203395709395,7,18229161,grain_2.0,29666
case_072,5,shared_region,6027316,23897828,3.964920372517386,210879252,352.81444397196174,11,6411928,directed_split,29666
case_072,5,shared_resource,6411928,23897828,3.7270892623872256,220936502,252.72009005770087,7,16128683,grain_2.0,29666
case_073,2,shared_region,5168597,10081626,1.9505536995823045,124388224,43.061142675578594,11,5573386,directed_split,4836
case_073,2,shared_resource,5168597,10081626,1.9505536995823045,124388224,13.19196649454534,2,9940837,directed_split,4836
case_073,3,shared_region,3836078,10081626,2.6281076662153375,131784832,37.99725297279656,11,4074296,directed_split,4836
case_073,3,shared_resource,3836078,10081626,2.6281076662153375,131784832,26.371915129944682,6,9992473,directed_split,4836
case_073,4,shared_region,3249411,10081626,3.1026010560067654,131636352,45.18851570598781,11,3491405,grain_1.0,4836
case_073,4,shared_resource,3249411,10081626,3.1026010560067654,131636352,13.859730845317245,2,9668230,grain_1.0,4836
case_073,5,shared_region,3017992,10081626,3.340507860855827,124387200,46.848767602816224,11,3183107,local_reschedule,4836
case_073,5,shared_resource,3017992,10081626,3.340507860855827,124387200,12.758747085928917,2,9334383,local_reschedule,4836
case_074,2,shared_region,917940,1682239,1.8326241366538119,15405612,13.084675500052981,11,1394346,directed_split,3609
case_074,2,shared_resource,917940,1682239,1.8326241366538119,15405612,5.075050599989481,2,1523533,directed_split,3609
case_074,3,shared_region,636584,1682239,2.64260333278876,15376940,13.387847499921918,11,1397708,region_boundary_3823_0,3609
case_074,3,shared_resource,636584,1682239,2.64260333278876,15376940,4.967029899940826,2,1402056,region_boundary_3823_0,3609
case_074,4,shared_region,514886,1682239,3.2672067214878635,15704620,14.16462529997807,11,1401986,region_repartition_3_0,3609
case_074,4,shared_resource,514886,1682239,3.2672067214878635,15704620,5.324831000063568,2,1157785,region_repartition_3_0,3609
case_074,5,shared_region,460943,1682239,3.6495597069485815,17429468,15.04797330009751,11,1402227,region_boundary_475_0,3609
case_074,5,shared_resource,460943,1682239,3.6495597069485815,17429468,5.19681400002446,2,1108920,region_boundary_475_0,3609
case_075,2,shared_region,1008737,1441809,1.429321022228787,12444746,38.894642299972475,11,1334868,grain_0.25,7410
case_075,2,shared_resource,1008737,1441809,1.429321022228787,12444746,8.203044300084002,2,1439775,grain_0.25,7410
case_075,3,shared_region,778382,1441809,1.8523154440878644,12461130,42.022756499936804,11,1319355,directed_split,7410
case_075,3,shared_resource,778382,1441809,1.8523154440878644,12461130,8.201306900009513,2,1431995,directed_split,7410
case_075,4,shared_region,698816,1441809,2.0632169269163843,12461130,41.564697099966,11,1319355,directed_split,7410
case_075,4,shared_resource,698816,1441809,2.0632169269163843,12461130,8.214083699975163,2,1444309,directed_split,7410
case_075,5,shared_region,709725,1441809,2.0315037514530276,12444746,40.724755299976096,11,1319355,grain_0.25,7410
case_075,5,shared_resource,709725,1441809,2.0315037514530276,12444746,8.425284700002521,2,1477325,grain_0.25,7410
case_076,2,shared_region,3525184,6185113,1.7545504007734065,95300232,447.97988469991833,11,3552451,multilevel,32528
case_076,2,shared_resource,3552451,6185113,1.7410832689880873,114812552,150.18255590007175,3,5325912,grain_2.0,32528
case_076,3,shared_region,2533451,6185113,2.4413785780739397,95528584,411.70802608318627,1,2546057,local_reschedule,32528
case_076,3,shared_resource,2546057,6185113,2.429290860338162,114812552,859.6396870147437,7,4227252,grain_2.0,32528
case_076,4,shared_region,2060009,6185113,3.002468921252286,95823496,925.6037482563406,11,2146104,directed_split,32528
case_076,4,shared_resource,2146104,6185113,2.882019231127662,114812552,587.1892189830542,7,3719549,grain_2.0,32528
case_076,5,shared_region,1866236,6185113,3.3142180303027056,95300232,492.87544544413686,11,2051573,multilevel,32528
case_076,5,shared_resource,2051573,6185113,3.0148149736811707,114812552,418.79804907925427,7,3658780,grain_2.0,32528
case_077,2,shared_region,304715,495320,1.625518927522439,4964904,41.574962228536606,11,365788,grain_0.5,4486
case_077,2,shared_resource,304715,495320,1.625518927522439,4964904,12.308095809072256,2,340178,grain_0.5,4486
case_077,3,shared_region,215300,495320,2.3006038086391083,4973096,42.51681876555085,11,306979,directed_split,4486
case_077,3,shared_resource,215300,495320,2.3006038086391083,4973096,12.482747552916408,2,304660,directed_split,4486
case_077,4,shared_region,176182,495320,2.8114109273365044,4964904,44.34422184899449,11,303453,grain_0.5,4486
case_077,4,shared_resource,176182,495320,2.8114109273365044,4964904,12.411905655637383,2,264177,grain_0.5,4486
case_077,5,shared_region,157540,495320,3.1440903897422876,4964904,40.32880668900907,11,303125,grain_0.5,4486
case_077,5,shared_resource,157540,495320,3.1440903897422876,4964904,12.648019924759865,2,276679,grain_0.5,4486
case_078,2,shared_region,1179848,2296143,1.946134586828134,11466240,2.4387697000056505,11,1261731,local_reschedule,1024
case_078,2,shared_resource,1179848,2296143,1.946134586828134,11466240,1.0566920000128448,2,1651189,local_reschedule,1024
case_078,3,shared_region,840459,2296143,2.732010722712232,12294144,2.298679900006391,11,1122959,random_boundary,1024
case_078,3,shared_resource,840979,2296143,2.7303214467899912,12306432,0.9073094999184832,2,1277225,directed_split,1024
case_078,4,shared_region,733614,2296143,3.1299061904489283,12294144,2.658692799974233,11,879230,random_boundary,1024
case_078,4,shared_resource,734030,2296143,3.1281323651621866,12306432,1.3105093999765813,2,1348549,directed_split,1024
case_078,5,shared_region,689105,2296143,3.3320655052568187,17084496,2.8124614000553265,11,974607,grain_0.25,1024
case_078,5,shared_resource,689105,2296143,3.3320655052568187,17084496,1.3732568999985233,2,939688,grain_0.25,1024
case_079,2,shared_region,14956594,31052251,2.0761579140277524,242368512,271.5987185277045,6,14956594,greedy,18720
case_079,2,shared_resource,14956594,31052251,2.0761579140277524,242368512,422.4593883752823,8,20535169,grain_2.0,18720
case_079,3,shared_region,10110322,31052251,3.0713414468896243,242354176,380.5619785282761,11,10110699,region_boundary_1139_0,18720
case_079,3,shared_resource,10110699,31052251,3.0712269250622533,242368512,469.92657587118447,9,15319186,grain_2.0,18720
case_079,4,shared_region,7654780,31052251,4.056583076195528,260438016,390.8439483065158,11,7847196,grain_1.0,18720
case_079,4,shared_resource,7654780,31052251,4.056583076195528,260438016,376.9874198939651,5,12662632,grain_1.0,18720
case_079,5,shared_region,6193893,31052251,5.013365745904878,260438016,313.0069606024772,11,6642562,grain_1.0,18720
case_079,5,shared_resource,6193893,31052251,5.013365745904878,260438016,151.1288324035704,2,11331404,grain_1.0,18720
case_080,2,shared_region,171205,292138,1.706363716012967,4120576,4.0385443000122905,11,171508,region_boundary_284_0,1098
case_080,2,shared_resource,171508,292138,1.7033491149100917,4116480,3.420116399996914,7,225763,grain_2.0,1098
case_080,3,shared_region,139696,292138,2.0912409804146144,4927488,4.778869800036773,11,152526,region_boundary_784_0,1098
case_080,3,shared_resource,138795,292138,2.1048164559242046,4927488,3.1572806999320164,5,212408,local_reschedule,1098
case_080,4,shared_region,127654,292138,2.2885142651229105,4894720,4.677184000029229,11,152526,grain_1.0,1098
case_080,4,shared_resource,127654,292138,2.2885142651229105,4894720,2.190325199975632,2,221798,grain_1.0,1098
case_080,5,shared_region,119713,292138,2.4403197647707433,4894720,4.787652999977581,11,153064,grain_1.0,1098
case_080,5,shared_resource,119713,292138,2.4403197647707433,4894720,2.005531799979508,2,223851,grain_1.0,1098
case_081,2,shared_region,79149,151795,1.9178385071194834,245880,9.037624399992637,11,82000,directed_split,3485
case_081,2,shared_resource,82000,151795,1.8511585365853658,780754,8.811548899975605,7,161894,grain_2.0,3485
case_081,3,shared_region,54638,151795,2.7781946630550167,262268,9.6245744000189,11,58728,directed_split,3485
case_081,3,shared_resource,58728,151795,2.5847125732189076,780754,8.552282500080764,7,161495,grain_2.0,3485
case_081,4,shared_region,42731,151795,3.5523390512742505,239722,9.52507160010282,11,49190,local_reschedule,3485
case_081,4,shared_resource,49190,151795,3.085891441349868,780754,8.245368300005794,7,163024,grain_2.0,3485
case_081,5,shared_region,39206,151795,3.8717288170178032,247920,10.288355800090358,11,46236,directed_split,3485
case_081,5,shared_resource,46236,151795,3.283047841508781,780754,8.391085199895315,7,156979,grain_2.0,3485
case_082,2,shared_region,497483,721041,1.4493781697063015,5740350,12.91411849996075,11,609428,directed_split,4113
case_082,2,shared_resource,497483,721041,1.4493781697063015,5740350,3.9519892999669537,2,770346,directed_split,4113
case_082,3,shared_region,378014,721041,1.9074452268963584,7216752,13.744463699986227,11,576959,directed_split,4113
case_082,3,shared_resource,378014,721041,1.9074452268963584,7216752,3.87263549992349,2,739964,directed_split,4113
case_082,4,shared_region,328283,721041,2.196400666498113,5723710,13.951493899920024,11,577032,directed_split,4113
case_082,4,shared_resource,328283,721041,2.196400666498113,5723710,4.075619900017045,2,710095,directed_split,4113
case_082,5,shared_region,312290,721041,2.3088827692209164,5703230,13.963467599940486,11,577181,local_reschedule,4113
case_082,5,shared_resource,312290,721041,2.3088827692209164,5703230,4.164780600112863,2,717938,local_reschedule,4113
case_083,2,shared_region,543456,1057993,1.9467868603898015,25772480,9.596099499962293,11,549150,region_repartition_3_0,3844
case_083,2,shared_resource,549150,1057993,1.9266011108076118,26114496,7.168047100072727,7,891880,grain_2.0,3844
case_083,3,shared_region,436908,1057993,2.421546412517052,19450976,10.77378679998219,11,495964,region_repartition_2_0,3844
case_083,3,shared_resource,495964,1057993,2.1332052326378528,26114496,7.2943265999201685,7,896458,grain_2.0,3844
case_083,4,shared_region,417384,1057993,2.534819255170299,19407232,11.179845800041221,11,485719,directed_split,3844
case_083,4,shared_resource,485719,1057993,2.178199741002514,26114496,7.353734600008465,7,900828,grain_2.0,3844
case_083,5,shared_region,391729,1057993,2.700828889359736,19753696,11.50780110002961,11,482337,region_repartition_2_0,3844
case_083,5,shared_resource,482337,1057993,2.1934726135461307,26114496,7.452421399997547,7,889372,grain_2.0,3844
case_084,2,shared_region,1273413,2507412,1.9690485333509238,18432,103.14650060236454,11,1287208,local_reschedule,8616
case_084,2,shared_resource,1287208,2507412,1.947946252664682,0,140.8277533967048,9,1524809,grain_2.0,8616
case_084,3,shared_region,863488,2507412,2.903818003261192,0,101.09392078407109,11,863488,greedy,8616
case_084,3,shared_resource,863488,2507412,2.903818003261192,0,147.53863474354148,9,1291584,grain_2.0,8616
case_084,4,shared_region,657524,2507412,3.813415175719822,0,99.18558787554502,11,657524,greedy,8616
case_084,4,shared_resource,657524,2507412,3.813415175719822,0,123.45196606218815,8,1247908,grain_2.0,8616
case_084,5,shared_region,526456,2507412,4.762813986354035,0,97.446149289608,11,526456,greedy,8616
case_084,5,shared_resource,526456,2507412,4.762813986354035,0,123.79901389032602,8,1244687,grain_2.0,8616
case_085,2,shared_region,2334501,3187899,1.3655590637999298,34301210,446.3642777595669,11,2617830,grain_0.25,19737
case_085,2,shared_resource,2334501,3187899,1.3655590637999298,34301210,74.55559259466827,2,3600031,grain_0.25,19737
case_085,3,shared_region,1626396,3187899,1.960100123217224,34301210,435.2493015024811,11,2395606,grain_0.25,19737
case_085,3,shared_resource,1626396,3187899,1.960100123217224,34301210,75.84422173537314,2,3575509,grain_0.25,19737
case_085,4,shared_region,1324330,3187899,2.407178724336079,34301210,423.1676933951676,11,2318740,grain_0.25,19737
case_085,4,shared_resource,1324330,3187899,2.407178724336079,34301210,73.28336322121322,2,3635811,grain_0.25,19737
case_085,5,shared_region,1169044,3187899,2.72692815668187,34301210,415.62498225830495,11,2290631,grain_0.25,19737
case_085,5,shared_resource,1169044,3187899,2.72692815668187,34301210,64.82485392130911,2,3548010,grain_0.25,19737
case_086,2,shared_region,102016,118403,1.1606316656210791,2674522,17.532980900024995,11,103009,directed_split,5274
case_086,2,shared_resource,103009,118403,1.1494432525313323,2665304,11.014697200036608,7,132021,grain_2.0,5274
case_086,3,shared_region,97297,118403,1.2169234405994018,3334272,42.814879888668656,11,101314,grain_1.0,5274
case_086,3,shared_resource,97297,118403,1.2169234405994018,3334272,23.84524517506361,5,134396,grain_1.0,5274
case_086,4,shared_region,98592,118403,1.2009392242778318,3359618,44.40077952854335,11,101692,directed_split,5274
case_086,4,shared_resource,98592,118403,1.2009392242778318,3359618,21.823886021971703,4,143633,directed_split,5274
case_086,5,shared_region,99507,118403,1.1898961882078647,3359618,42.77698138542473,11,102015,directed_split,5274
case_086,5,shared_resource,99507,118403,1.1898961882078647,3359618,20.891271855682135,4,152568,directed_split,5274
case_087,2,shared_region,2320950,3974071,1.712260496779336,41490238,570.6219533924013,9,2415068,multilevel,27556
case_087,2,shared_resource,2372171,3974071,1.6752885858565845,46065992,329.0097087100148,7,3453846,directed_split,27556
case_087,3,shared_region,1760458,3974071,2.2574074473801704,46056776,739.8411824889481,11,1905750,directed_split,27556
case_087,3,shared_resource,1802706,3974071,2.204503119199692,57111524,249.7811178304255,4,2806885,directed_split,27556
case_087,4,shared_region,1478670,3974071,2.687598314701725,57134564,694.0770913828164,11,1595912,directed_split,27556
case_087,4,shared_resource,1478670,3974071,2.687598314701725,57134564,74.59867060743272,2,2646363,directed_split,27556
case_087,5,shared_region,1309863,3974071,3.033959276657177,57102308,468.5729746706784,11,1510817,directed_split,27556
case_087,5,shared_resource,1309863,3974071,3.033959276657177,57102308,59.70849653147161,2,2509578,directed_split,27556
case_088,2,shared_region,163881,243623,1.4865847779791435,2935364,10.042087199981324,11,213324,region_boundary_4720_0,3309
case_088,2,shared_resource,163881,243623,1.4865847779791435,2935364,2.7366314999526367,2,244344,region_boundary_4720_0,3309
case_088,3,shared_region,153688,243623,1.585179064077872,2932484,8.955322300083935,11,213581,grain_0.5,3309
case_088,3,shared_resource,153688,243623,1.585179064077872,2932484,2.4071434000506997,2,230524,grain_0.5,3309
case_088,4,shared_region,153194,243623,1.5902907424572763,2957060,9.10956739995163,11,213581,region_placement_0,3309
case_088,4,shared_resource,153194,243623,1.5902907424572763,2957060,2.6617800999665633,2,203966,region_placement_0,3309
case_088,5,shared_region,151301,243623,1.6101876392092584,2932484,9.135833699954674,11,213581,local_reschedule,3309
case_088,5,shared_resource,151301,243623,1.6101876392092584,2932484,2.6663535999832675,2,195565,local_reschedule,3309
case_089,2,shared_region,372491,693092,1.8606946208096302,7550384,36.29984097741544,11,374657,grain_2.0,5120
case_089,2,shared_resource,374657,693092,1.8499374094171468,7550384,34.2965032402426,8,692462,grain_2.0,5120
case_089,3,shared_region,261276,693092,2.652719729328373,6490456,37.812614178285,11,263918,multilevel,5120
case_089,3,shared_resource,263918,693092,2.626164187361226,7550384,29.416184028610587,7,687752,grain_2.0,5120
case_089,4,shared_region,207130,693092,3.3461690725631246,7573424,38.75284050218761,11,210014,directed_split,5120
case_089,4,shared_resource,210014,693092,3.300218080699382,7550384,25.563687216490507,7,678594,grain_2.0,5120
case_089,5,shared_region,186952,693092,3.707325944627498,7632672,37.76398602500558,11,197083,region_repartition_4_0,5120
case_089,5,shared_resource,197083,693092,3.516751825373066,7550384,31.845078252255917,7,674123,grain_2.0,5120
case_090,2,shared_region,625263,1178363,1.884587765468291,18405960,3.5093685999745503,11,651384,region_repartition_3_0,1664
case_090,2,shared_resource,625263,1178363,1.884587765468291,18405960,2.084984299959615,5,843568,region_repartition_3_0,1664
case_090,3,shared_region,550183,1178363,2.1417655580052455,25354368,3.6156867999816313,11,551031,region_boundary_1435_0,1664
case_090,3,shared_resource,515911,1178363,2.2840431779900023,18405960,2.541796699981205,7,794791,region_repartition_3_0,1664
case_090,4,shared_region,527825,1178363,2.232488040543741,19402440,3.500681799952872,11,542656,region_placement_0,1664
case_090,4,shared_resource,527643,1178363,2.2332580930667136,19402440,2.0496624000370502,5,816630,local_reschedule,1664
case_090,5,shared_region,509204,1178363,2.3141275402392756,19405512,3.6621163999661803,11,536539,directed_split,1664
case_090,5,shared_resource,509204,1178363,2.3141275402392756,19405512,2.249147200025618,5,837959,directed_split,1664
case_091,2,shared_region,5254557,9186769,1.7483432000071557,105577492,1019.2489152550697,11,5336467,directed_split,31554
case_091,2,shared_resource,5336467,9186769,1.7215076941354646,107702036,383.3171608168632,7,6786518,grain_2.0,31554
case_091,3,shared_region,3711295,9186769,2.4753540206316123,105734164,479.86755351163447,11,3827115,directed_split,31554
case_091,3,shared_resource,3827115,9186769,2.4004423697746216,107702036,337.0957586672157,7,5203069,grain_2.0,31554
case_091,4,shared_region,2963609,9186769,3.0998586520691496,105778708,463.0447376575321,11,3074638,local_reschedule,31554
case_091,4,shared_resource,3074638,9186769,2.987918902973293,107702036,342.4309901949018,7,4495264,grain_2.0,31554
case_091,5,shared_region,2518651,9186769,3.647495822168296,105666580,451.4101440291852,11,2637061,directed_split,31554
case_091,5,shared_resource,2637061,9186769,3.4837150145559774,107702036,355.65146114490926,7,4157807,grain_2.0,31554
case_092,2,shared_region,2412929,4815554,1.9957296712833241,113053056,251.90962084569037,11,2546212,region_placement_0,17608
case_092,2,shared_resource,2515098,4815554,1.914658593820201,120935104,192.94739940948784,7,4202838,directed_split,17608
case_092,3,shared_region,2109464,4815554,2.2828329850616083,112651936,243.46646718867123,11,2237733,multilevel,17608
case_092,3,shared_resource,2237733,4815554,2.1519788106981483,120931008,188.1386226620525,7,4121510,grain_2.0,17608
case_092,4,shared_region,2037129,4815554,2.3638925173614433,113053056,251.29073707014322,11,2189721,region_placement_0,17608
case_092,4,shared_resource,2189292,4815554,2.199594206711576,120935104,186.99038748443127,7,4089388,directed_split,17608
case_092,5,shared_region,2005925,4815554,2.400665029849072,112651936,255.08446475304663,11,2132554,multilevel,17608
case_092,5,shared_resource,2132554,4815554,2.2581158554484433,120931008,201.8720429390669,7,4114032,grain_2.0,17608
case_093,2,shared_region,47307,74205,1.5685839304965439,1056768,2.0163755000103265,11,48342,region_boundary_78_0,552
case_093,2,shared_resource,48342,74205,1.535000620578379,1056768,1.9555676000891253,9,64992,grain_2.0,552
case_093,3,shared_region,34697,74205,2.1386575208231258,950272,2.0376417000079527,11,37828,directed_split,552
case_093,3,shared_resource,36180,74205,2.050995024875622,1091584,2.0037042999174446,8,56276,region_boundary_380_0,552
case_093,4,shared_region,31453,74205,2.359234413251518,1093632,2.193397199967876,11,34436,directed_split,552
case_093,4,shared_resource,31453,74205,2.359234413251518,1093632,0.8719764000270516,2,50881,directed_split,552
case_093,5,shared_region,30469,74205,2.4354261708621876,1062912,2.665934099932201,11,30477,directed_split,552
case_093,5,shared_resource,30469,74205,2.4354261708621876,1062912,1.8145764999790117,6,50988,directed_split,552
case_094,2,shared_region,50794,94892,1.8681734063078317,406216,1.3121083000442013,11,54573,directed_split,647
case_094,2,shared_resource,52831,94892,1.7961424163843198,695788,1.125005800044164,7,87990,grain_1.0,647
case_094,3,shared_region,40046,94892,2.3695749887629227,965920,1.7540720999240875,11,63947,local_reschedule,647
case_094,3,shared_resource,40046,94892,2.3695749887629227,965920,0.8988454999634996,2,89608,local_reschedule,647
case_094,4,shared_region,33641,94892,2.820724710918225,965920,1.922711299965158,11,51952,grain_0.5,647
case_094,4,shared_resource,33641,94892,2.820724710918225,965920,0.9479309000307694,2,85431,grain_0.5,647
case_094,5,shared_region,29372,94892,3.23069590085796,993568,1.5833382999990135,11,56611,directed_split,647
case_094,5,shared_resource,29372,94892,3.23069590085796,993568,1.0015833999495953,2,87356,directed_split,647
case_095,2,shared_region,1056807,2084853,1.9727850023703477,73728,11.466432399931364,11,1067403,local_reschedule,3696
case_095,2,shared_resource,1067403,2084853,1.9532013681805278,0,14.65465039992705,9,1995931,grain_2.0,3696
case_095,3,shared_region,710791,2084853,2.9331449047610336,73728,11.445727100013755,11,732718,local_reschedule,3696
case_095,3,shared_resource,732187,2084853,2.8474324182210284,0,13.40766479994636,9,1925285,region_placement_0,3696
case_095,4,shared_region,543023,2084853,3.839345663075045,0,11.16473970003426,11,560659,directed_split,3696
case_095,4,shared_resource,553687,2084853,3.765399946178978,0,14.3621329999296,9,1911143,grain_1.0,3696
case_095,5,shared_region,452071,2084853,4.6117822200495056,0,11.407958699972369,11,452071,greedy,3696
case_095,5,shared_resource,447114,2084853,4.662911472241978,73728,14.83133590000216,9,1912225,local_reschedule,3696
case_096,2,shared_region,46989,84194,1.7917810551405648,448020,2.519573799916543,11,48712,region_boundary_963_0,1198
case_096,2,shared_resource,47624,84194,1.7678901394254998,573742,2.413649099995382,7,80105,grain_1.0,1198
case_096,3,shared_region,35718,84194,2.357186852567333,612910,3.114686500048265,11,48780,directed_split,1198
case_096,3,shared_resource,36486,84194,2.3075700268596173,573742,1.5106718000024557,2,85807,grain_1.0,1198
case_096,4,shared_region,29883,84194,2.8174547401532646,1006726,3.149677100009285,11,48849,region_repartition_3_0,1198
case_096,4,shared_resource,29883,84194,2.8174547401532646,1006726,1.3887801999226213,2,93176,region_repartition_3_0,1198
case_096,5,shared_region,29146,84194,2.8886982776367254,1031306,3.238880000077188,11,47410,region_boundary_609_0,1198
case_096,5,shared_resource,29146,84194,2.8886982776367254,1031306,1.9359638000605628,4,102302,region_boundary_609_0,1198
case_097,2,shared_region,5247114,11491509,2.1900627659319007,85295104,32.563370699994266,11,5300905,region_boundary_5781_0,6592
case_097,2,shared_resource,5247114,11491509,2.1900627659319007,85295104,24.336170900030993,5,10374486,region_boundary_5781_0,6592
case_097,3,shared_region,3509566,11491509,3.2743390493297464,85327872,34.53092030005064,11,5300905,directed_split,6592
case_097,3,shared_resource,3509566,11491509,3.2743390493297464,85327872,11.81056039989926,2,10354309,directed_split,6592
case_097,4,shared_region,2705741,11491509,4.247083885708204,92076032,38.9538197000511,11,5300905,directed_split,6592
case_097,4,shared_resource,2714136,11491509,4.233947377729045,92045312,11.595075299963355,2,9898173,region_boundary_1665_0,6592
case_097,5,shared_region,2179047,11491509,5.273639806759561,92065792,41.29431780008599,11,5300905,directed_split,6592
case_097,5,shared_resource,2181856,11491509,5.266850332927563,92059648,12.092749199946411,2,9302662,local_reschedule,6592
case_098,2,shared_region,98402,177430,1.8031137578504501,1553184,3.3111808999674395,11,117094,local_reschedule,1365
case_098,2,shared_resource,98402,177430,1.8031137578504501,1553184,1.7485702000558376,2,203414,local_reschedule,1365
case_098,3,shared_region,79351,177430,2.236014669002281,1479456,3.376291900058277,11,117300,grain_1.0,1365
case_098,3,shared_resource,79351,177430,2.236014669002281,1479456,1.5647111000726,2,203158,grain_1.0,1365
case_098,4,shared_region,79805,177430,2.2232942798070296,1479456,2.9849413000047207,11,117575,grain_1.0,1365
case_098,4,shared_resource,79805,177430,2.2232942798070296,1479456,1.6649712999351323,2,204300,grain_1.0,1365
case_098,5,shared_region,73104,177430,2.4270901729043555,3282976,4.188156199990772,11,117849,directed_split,1365
case_098,5,shared_resource,75666,177430,2.3449105278460602,3250208,1.668633499997668,2,208078,grain_0.25,1365
case_099,2,shared_region,885056,1622999,1.8337811392725432,12708396,34.945894000004046,11,909661,directed_split,6296
case_099,2,shared_resource,909661,1622999,1.7841800406964792,14497836,26.16820969991386,7,1012662,grain_2.0,6296
case_099,3,shared_region,638770,1622999,2.5408190741581476,14522412,32.94111709995195,11,640936,region_boundary_6295_0,6296
case_099,3,shared_resource,640936,1622999,2.5322325473994285,14497836,26.32406439993065,7,748018,grain_2.0,6296
case_099,4,shared_region,506189,1622999,3.2063102912153365,14530604,35.018766200053506,11,507427,directed_split,6296
case_099,4,shared_resource,507427,1622999,3.1984876642354467,14497836,27.699691799934953,7,626492,grain_2.0,6296
case_099,5,shared_region,426988,1622999,3.8010412470608075,14497836,36.80767799995374,11,427726,region_placement_0,6296
case_099,5,shared_resource,427726,1622999,3.794482916633546,14497836,26.853358800057322,7,575297,grain_2.0,6296
case_100,2,shared_region,85465,151223,1.7694143801556192,1809678,2.948260899982415,11,92847,grain_1.0,1394
case_100,2,shared_resource,85465,151223,1.7694143801556192,1809678,1.6245961000677198,3,175479,grain_1.0,1394
case_100,3,shared_region,83808,151223,1.8043981481481481,1809678,2.9185629999265075,11,92846,grain_1.0,1394
case_100,3,shared_resource,83808,151223,1.8043981481481481,1809678,2.0391989999916404,5,176779,grain_1.0,1394
case_100,4,shared_region,75379,151223,2.0061688268615927,3321212,3.099256100016646,11,92995,directed_split,1394
case_100,4,shared_resource,76534,151223,1.9758930671335615,3288444,2.1794517000671476,5,173029,grain_0.25,1394
case_100,5,shared_region,75870,151223,1.9931857124027943,3321212,3.113295199931599,11,92995,directed_split,1394
case_100,5,shared_resource,76036,151223,1.98883423641433,3288444,2.221963800024241,5,179767,grain_0.25,1394
