case,cores,structure,prefix8,final12,late_gain,search_seconds,late_evaluation_seconds
case_001,2,distributed_components,116868,116868,0,1.109725100104697,0.27964809990953654
case_001,3,distributed_components,78545,78545,0,1.0897213999414816,0.2553941998630762
case_001,4,distributed_components,58984,58984,0,1.141564500052482,0.26263859996106476
case_001,5,distributed_components,47502,47502,0,1.1334493999602273,0.2818874000804499
case_002,2,dominant_component,138077,138077,0,6.517295841127634,1.9053903203457594
case_002,3,dominant_component,96927,95931,996,7.4065731558948755,2.3614998757839203
case_002,4,dominant_component,74670,74618,52,6.17573781311512,2.138657981529832
case_002,5,dominant_component,62090,60651,1439,6.790521023795009,1.913486683741212
case_003,2,dominant_component,462934,462800,134,105.48705548606813,22.847638284787536
case_003,3,dominant_component,378576,378576,0,108.12948506325483,24.782350288704038
case_003,4,dominant_component,342271,329107,13164,107.02365427277982,25.655185472220182
case_003,5,dominant_component,331333,294109,37224,112.34736599214375,25.38598383590579
case_004,2,distributed_components,199074,199074,0,1.397112900041975,0.33942580001894385
case_004,3,distributed_components,134043,134043,0,1.3026253998978063,0.31794400000944734
case_004,4,distributed_components,104188,104188,0,1.44962279999163,0.35446419997606426
case_004,5,distributed_components,88341,88341,0,1.4084279000526294,0.40480649983510375
case_005,2,dominant_component,91571,91571,0,19.404766730964184,5.915734816342592
case_005,3,dominant_component,88392,88392,0,20.830163119360805,5.61688444390893
case_005,4,dominant_component,87624,87624,0,21.929961355403066,7.086981605738401
case_005,5,dominant_component,87840,87840,0,22.237771911546588,6.922677868977189
case_006,2,distributed_components,42379,42379,0,1.1211157999932766,0.2700899000046775
case_006,3,distributed_components,32925,32925,0,1.3033075999701396,0.2886784999864176
case_006,4,distributed_components,31608,31129,479,1.2129876000108197,0.28939900000113994
case_006,5,distributed_components,32210,31729,481,1.328386400011368,0.32151859998703003
case_007,2,distributed_components,507494,507494,0,26.401923587545753,6.831030825152993
case_007,3,distributed_components,338094,338094,0,26.771724985912442,6.660694103688002
case_007,4,distributed_components,254398,254398,0,25.767222611233592,6.414070328697562
case_007,5,distributed_components,203834,203834,0,25.991107573732734,7.115208376199007
case_008,2,distributed_components,244266,244266,0,1.5579082999611273,0.42835539986845106
case_008,3,distributed_components,163359,163359,0,1.5156202999642119,0.4206460000714287
case_008,4,distributed_components,123060,123060,0,1.4231172000290826,0.3664420001441613
case_008,5,distributed_components,100603,100603,0,1.5511363999685273,0.4048203999409452
case_009,2,dominant_component,92259,92259,0,40.59786695614457,9.645758984610438
case_009,3,dominant_component,92004,92004,0,41.07842209748924,9.756840901449323
case_009,4,dominant_component,92368,92192,176,39.60864528641105,8.72699673473835
case_009,5,dominant_component,91903,91903,0,40.02630488201976,9.333933075889945
case_010,2,distributed_components,45626,45626,0,1.1436751999426633,0.24891580000985414
case_010,3,distributed_components,34518,34518,0,1.2128612999804318,0.28949319990351796
case_010,4,distributed_components,31873,30262,1611,1.1238476000726223,0.26164030004292727
case_010,5,distributed_components,31773,28842,2931,1.2383271000580862,0.2820279997540638
case_011,2,distributed_components,92646,92646,0,1.1634724999312311,0.30885599995963275
case_011,3,distributed_components,69625,69625,0,1.253800299949944,0.3498767999699339
case_011,4,distributed_components,46880,46880,0,1.3344503999687731,0.3575933000538498
case_011,5,distributed_components,47287,47047,240,1.4547642999095842,0.4303729999810457
case_012,2,distributed_components,30094,29489,605,1.9327172000193968,0.4518384000984952
case_012,3,distributed_components,20637,20230,407,1.7150847000302747,0.43366570002399385
case_012,4,distributed_components,16168,15724,444,2.037958599976264,0.47569860017392784
case_012,5,distributed_components,13406,13406,0,1.8328679000260308,0.4490182000445202
case_013,2,distributed_components,132198,132198,0,13.9469357393682,3.4037949964404106
case_013,3,distributed_components,88351,88351,0,14.116345904767513,3.702746292576194
case_013,4,distributed_components,66982,66982,0,13.7853725515306,3.3681903779506683
case_013,5,distributed_components,54363,54363,0,12.63535769842565,3.0898204389959574
case_014,2,distributed_components,8909568,8909568,0,311.56475827656686,76.605858232826
case_014,3,distributed_components,6002519,6002519,0,357.1129451543093,79.46198594011366
case_014,4,distributed_components,4543360,4543360,0,313.94561481289566,65.40906433574855
case_014,5,distributed_components,3694137,3694137,0,314.01190965250134,68.99021691083908
case_015,2,distributed_components,90480,90480,0,1.8245754999807104,0.44716010009869933
case_015,3,distributed_components,61018,61018,0,2.0704903999576345,0.47105849999934435
case_015,4,distributed_components,48866,48866,0,1.9287112000165507,0.48400290007703006
case_015,5,distributed_components,44068,44068,0,2.0725204000482336,0.49387190002016723
case_016,2,dominant_component,6439804,5440637,999167,119.73983779363334,36.0707765892148
case_016,3,dominant_component,6094005,4478897,1615108,121.93213598057628,36.46894212812185
case_016,4,dominant_component,6094005,4266542,1827463,122.72553174942732,37.52954514697194
case_016,5,dominant_component,6094005,4158373,1935632,122.27789946831763,37.47350606881082
case_017,2,distributed_components,81776,81117,659,8.16204003430903,1.987326031550765
case_017,3,distributed_components,55092,53799,1293,7.105870356783271,1.6918991729617119
case_017,4,distributed_components,41309,41101,208,7.1014857199043036,1.7703798040747643
case_017,5,distributed_components,34252,33081,1171,8.792205795645714,2.360694957897067
case_018,2,distributed_components,504287,501235,3052,17.818669594824314,4.764815956354141
case_018,3,distributed_components,341047,336388,4659,20.790859216824174,4.468738343566656
case_018,4,distributed_components,253676,253676,0,20.64489928819239,5.145014610141516
case_018,5,distributed_components,205219,203806,1413,21.422647716477513,5.275647979229689
case_019,2,distributed_components,41643,40136,1507,1.0341206999728456,0.2359973001293838
case_019,3,distributed_components,28363,27848,515,1.1255936999805272,0.26624770008493215
case_019,4,distributed_components,24501,24465,36,1.0413084001047537,0.2331789998570457
case_019,5,distributed_components,23450,23450,0,1.207967899972573,0.3020032999338582
case_020,2,distributed_components,266580,266580,0,33.70305010303855,9.531649814918637
case_020,3,distributed_components,177950,177950,0,38.37339797988534,8.972318585962057
case_020,4,distributed_components,133704,133704,0,36.48022636398673,10.326643269509077
case_020,5,distributed_components,107650,107650,0,36.09406760893762,9.25650928542018
case_021,2,distributed_components,3172377,3168548,3829,32.63503815419972,8.556807791814208
case_021,3,distributed_components,2124156,2124156,0,35.80320024676621,8.59570843167603
case_021,4,distributed_components,1550324,1550324,0,34.974353056401014,8.359388761222363
case_021,5,distributed_components,1250168,1249916,252,40.700626811012626,10.275857731699944
case_022,2,distributed_components,28303,28303,0,2.3317997999256477,0.5110795000800863
case_022,3,distributed_components,18978,18978,0,2.4297884999541566,0.5856135000940412
case_022,4,distributed_components,14336,14336,0,2.4005671000340953,0.5338905999669805
case_022,5,distributed_components,11603,11479,124,2.245570100028999,0.5356113000307232
case_023,2,distributed_components,61065,61065,0,1.800472299917601,0.4282586000626907
case_023,3,distributed_components,40682,40682,0,1.7728227000916377,0.4240002001170069
case_023,4,distributed_components,30516,30516,0,1.6921917999861762,0.38971869996748865
case_023,5,distributed_components,24940,24940,0,1.9564162999158725,0.45185400010086596
case_024,2,dominant_component,2133282,1803647,329635,30.001189816743135,9.05627167224884
case_024,3,dominant_component,2019026,1483888,535138,29.532953960821033,9.22320987470448
case_024,4,dominant_component,2019026,1413568,605458,29.19908127374947,8.316945737227798
case_024,5,dominant_component,2019026,1378992,640034,31.326928017660975,9.106937911361456
case_025,2,distributed_components,2431840,2431840,0,256.91284109279513,51.25764969736338
case_025,3,distributed_components,1622164,1622164,0,255.76419060118496,49.46276051737368
case_025,4,distributed_components,1217444,1217444,0,254.95160405524075,50.472666662186384
case_025,5,distributed_components,975282,975282,0,253.2495682965964,50.65034739859402
case_026,2,distributed_components,55057,51839,3218,0.9996700000483543,0.2342266000341624
case_026,3,distributed_components,42462,42174,288,1.1626142000313848,0.273931400035508
case_026,4,distributed_components,42654,42089,565,1.1360264000250027,0.2509978001471609
case_026,5,distributed_components,44595,43946,649,1.2205426000291482,0.2779569999547675
case_027,2,distributed_components,1116984,1116984,0,9.43078549951315,2.2334709763526917
case_027,3,distributed_components,837049,804739,32310,11.50374480895698,2.723082782700658
case_027,4,distributed_components,559196,559196,0,9.7811283711344,2.2524730805307627
case_027,5,distributed_components,558753,558753,0,11.51351574063301,2.909285333007574
case_028,2,distributed_components,20808183,20808183,0,193.37105559185147,37.08907528966665
case_028,3,distributed_components,13957556,13957556,0,178.829605916515,36.8200293276459
case_028,4,distributed_components,10694242,10676362,17880,185.94676604494452,37.88621648401022
case_028,5,distributed_components,9020934,9004662,16272,183.52695473097265,38.02498472109437
case_029,2,distributed_components,19740,19740,0,1.3090004000114277,0.35075960005633533
case_029,3,distributed_components,12743,12743,0,1.26424029993359,0.3404682001564652
case_029,4,distributed_components,11028,11028,0,1.3199237000662833,0.3639458998804912
case_029,5,distributed_components,9383,9383,0,1.255979000008665,0.33842650009319186
case_030,2,distributed_components,1403123,1399339,3784,86.91161340102553,22.23565191961825
case_030,3,distributed_components,933857,932367,1490,84.30239642597735,20.03269168920815
case_030,4,distributed_components,701900,700342,1558,81.90998287498951,20.467858241871
case_030,5,distributed_components,561102,560306,796,86.8363097384572,23.58117542974651
case_031,2,distributed_components,712262,712262,0,50.105165930464864,12.869711002334952
case_031,3,distributed_components,473822,473822,0,50.17245869524777,13.176253901794553
case_031,4,distributed_components,358129,356417,1712,52.51955673098564,12.575091624632478
case_031,5,distributed_components,284848,284848,0,52.99186907336116,12.039325734600425
case_032,2,distributed_components,20947,20900,47,1.5312421000562608,0.36560779996216297
case_032,3,distributed_components,14137,14009,128,1.4079525000415742,0.34893560013733804
case_032,4,distributed_components,11004,10933,71,1.5029746000654995,0.37077420006971806
case_032,5,distributed_components,10313,10280,33,1.589308699942194,0.36610049998853356
case_033,2,distributed_components,889697,888544,1153,27.72547520697117,6.625484578311443
case_033,3,distributed_components,592065,590697,1368,27.5938411783427,6.683189807459712
case_033,4,distributed_components,443447,443447,0,28.968060983344913,7.250553360208869
case_033,5,distributed_components,355102,353592,1510,31.330277351662517,7.402453910559416
case_034,2,distributed_components,419167,419167,0,29.139062261208892,7.36935443803668
case_034,3,distributed_components,278067,278067,0,29.91662535816431,7.388384513556957
case_034,4,distributed_components,211953,205314,6639,32.15501760877669,8.071193916723132
case_034,5,distributed_components,171637,167930,3707,32.5970436707139,8.46971401385963
case_035,2,dominant_component,95406,95406,0,21.536972273141146,5.518986888229847
case_035,3,dominant_component,95782,95782,0,23.216754384338856,5.882096068933606
case_035,4,dominant_component,95000,94869,131,25.85923571884632,6.301946869120002
case_035,5,dominant_component,95983,95983,0,24.961178820580244,5.871817657724023
case_036,2,distributed_components,466068,466068,0,20.821211678907275,3.9234162345528603
case_036,3,distributed_components,311345,311345,0,19.862264474853873,4.181210262700915
case_036,4,distributed_components,233584,233584,0,18.951054271310568,4.11485630273819
case_036,5,distributed_components,187182,187182,0,20.16484611108899,4.299268200993538
case_037,2,distributed_components,105374,105374,0,1.3553560000145808,0.34929709997959435
case_037,3,distributed_components,74038,74038,0,1.5646581000182778,0.42172689992003143
case_037,4,distributed_components,53320,53320,0,1.4304872999200597,0.38210440007969737
case_037,5,distributed_components,43800,43800,0,1.6893043000018224,0.4604946000035852
case_038,2,distributed_components,674500,674500,0,52.71922857128084,12.718173025175929
case_038,3,distributed_components,452248,450730,1518,54.961540479213,12.958026647567749
case_038,4,distributed_components,339624,338163,1461,56.05045558512211,13.079664658755064
case_038,5,distributed_components,275133,274658,475,56.34265740402043,13.97280820645392
case_039,2,distributed_components,708557,708557,0,52.053322076797485,12.96317172050476
case_039,3,distributed_components,483917,482318,1599,53.036868304014206,13.517355566844344
case_039,4,distributed_components,395323,395323,0,53.57251254469156,13.309822004288435
case_039,5,distributed_components,431161,431161,0,55.393181450665,13.83642834611237
case_040,2,dominant_component,137746,120926,16820,18.670189501717687,3.9748258367180824
case_040,3,dominant_component,110105,109777,328,21.813939476385713,4.735255567356944
case_040,4,dominant_component,109607,109607,0,18.761347452178597,4.64662417024374
case_040,5,dominant_component,109411,108131,1280,21.32200931943953,4.934598725289106
case_041,2,distributed_components,2990398,2990398,0,172.51421609707177,37.31423428840935
case_041,3,distributed_components,1991911,1991911,0,190.91731403954327,44.93832513131201
case_041,4,distributed_components,1490603,1490603,0,182.3121707327664,42.96896506845951
case_041,5,distributed_components,1201884,1201884,0,173.96372761018574,38.880061119794846
case_042,2,distributed_components,849115,845091,4024,38.41876889951527,9.007385957986116
case_042,3,distributed_components,562007,559018,2989,42.89815211109817,9.683482773602009
case_042,4,distributed_components,425650,419432,6218,41.546841748058796,10.00218990072608
case_042,5,distributed_components,342520,336330,6190,44.14977351389825,10.83573441579938
case_043,2,dominant_component,353851,353710,141,68.62206544913352,16.90640715137124
case_043,3,dominant_component,267112,267112,0,81.49537146836519,18.585062189027667
case_043,4,dominant_component,269350,266590,2760,77.77499635145068,17.833321820944548
case_043,5,dominant_component,265002,264401,601,72.06647999212146,16.757422041147947
case_044,2,distributed_components,128579,119062,9517,7.739094909280539,1.6670558098703623
case_044,3,distributed_components,123085,123085,0,8.02076442912221,1.762047028169036
case_044,4,distributed_components,120120,120120,0,7.74126435816288,1.3126997370272875
case_044,5,distributed_components,131771,131771,0,8.156967215240002,1.7024890463799238
case_045,2,distributed_components,63059,63059,0,7.045554371550679,1.8281300477683544
case_045,3,distributed_components,42601,42601,0,6.646962571889162,1.7692876290529966
case_045,4,distributed_components,31878,31878,0,6.329928278923035,1.619659772142768
case_045,5,distributed_components,26164,26164,0,6.955476393923163,1.8740517850965261
case_046,2,distributed_components,152419,152419,0,1.9607464000582695,0.4717798999045044
case_046,3,distributed_components,136283,128115,8168,1.9652451000874862,0.44767169980332255
case_046,4,distributed_components,116069,116069,0,1.9386840999359265,0.45604960003402084
case_046,5,distributed_components,123768,111389,12379,2.0152800999348983,0.4821751998970285
case_047,2,dominant_component,276535,276535,0,83.73008402064443,23.939053505659103
case_047,3,dominant_component,241969,241969,0,90.77252006344497,25.633451284840703
case_047,4,dominant_component,225720,225654,66,88.4906212836504,26.032640788704157
case_047,5,dominant_component,222964,222583,381,87.38552086800337,26.34490890428424
case_048,2,dominant_component,206542,197496,9046,7.267940316349268,2.257484946399927
case_048,3,dominant_component,206542,197613,8929,7.561120215803385,2.2644943222403526
case_048,4,dominant_component,206542,197613,8929,7.053668614476919,2.06956684961915
case_048,5,dominant_component,206542,197613,8929,7.490908721461892,2.388712475076318
case_049,2,dominant_component,159015,156968,2047,27.900154093280435,6.549572169780731
case_049,3,dominant_component,148284,132866,15418,30.327111097052693,7.2084724344313145
case_049,4,dominant_component,146153,123251,22902,28.95788754336536,6.780795302242041
case_049,5,dominant_component,144755,117489,27266,30.452363904565573,8.562336694449186
case_050,2,dominant_component,108323,108323,0,30.289683578535914,7.2882252763956785
case_050,3,dominant_component,106519,104366,2153,33.073407949879766,8.679799912497401
case_050,4,dominant_component,105504,98003,7501,34.35362425819039,9.042706655338407
case_050,5,dominant_component,105340,99382,5958,32.87405588105321,8.93878210708499
case_051,2,dominant_component,507303,429872,77431,4.619681194424629,1.5744418427348137
case_051,3,dominant_component,482102,352843,129259,5.745700571686029,1.8915872909128666
case_051,4,dominant_component,482102,336378,145724,6.050490168854594,1.9011655505746603
case_051,5,dominant_component,482102,328989,153113,5.3841751832515,1.5288883727043867
case_052,2,distributed_components,90903,90903,0,2.022821099963039,0.4977950000902638
case_052,3,distributed_components,60160,60160,0,2.025095700053498,0.4737387999193743
case_052,4,distributed_components,45777,45777,0,2.112916999962181,0.5111949999118224
case_052,5,distributed_components,37846,37846,0,2.0084674999816343,0.49843670008704066
case_053,2,dominant_component,828335,774757,53578,85.5078558512032,20.575653763487935
case_053,3,dominant_component,542159,509253,32906,103.30022963136435,25.490891924127936
case_053,4,dominant_component,491606,491606,0,105.17280067875981,24.046158330515027
case_053,5,dominant_component,477080,474708,2372,101.16860939189792,21.764116149395704
case_054,2,dominant_component,510200,510200,0,128.226392025128,25.9778010006994
case_054,3,dominant_component,409397,402111,7286,116.01877906359732,26.447460805997252
case_054,4,dominant_component,362721,362394,327,132.79138424433768,30.848605193197727
case_054,5,dominant_component,333071,333071,0,133.6195802204311,30.695873944088817
case_055,2,distributed_components,60859,56902,3957,2.1885441999183968,0.5213217000709847
case_055,3,distributed_components,42047,38966,3081,2.140688000014052,0.5265581000130624
case_055,4,distributed_components,32118,32118,0,2.2271205000579357,0.5164915999630466
case_055,5,distributed_components,25570,24831,739,2.2329689000034705,0.56586089998018
case_056,2,dominant_component,231882,231882,0,57.98519470356405,12.478026678785682
case_056,3,dominant_component,215200,199699,15501,55.468595165759325,13.272933591157198
case_056,4,dominant_component,213528,189615,23913,56.15678692422807,13.784441201016307
case_056,5,dominant_component,213013,186638,26375,50.68009775131941,13.276346085593104
case_057,2,distributed_components,30047,30047,0,1.5133262999588624,0.3379065999761224
case_057,3,distributed_components,20705,20691,14,1.5696903000352904,0.3694670000113547
case_057,4,distributed_components,16485,16471,14,1.49411600001622,0.36343630007468164
case_057,5,distributed_components,14364,14319,45,1.66900330001954,0.3599252998828888
case_058,2,distributed_components,2270188,2268326,1862,190.995732113719,45.42060591466725
case_058,3,distributed_components,1542012,1532367,9645,183.14055340364575,43.85192103497684
case_058,4,distributed_components,1154389,1152464,1925,194.76403134875,46.586279755458236
case_058,5,distributed_components,1003250,1002440,810,183.0439865346998,44.02063730917871
case_059,2,distributed_components,369318,369318,0,16.699013905599713,4.7035565581172705
case_059,3,distributed_components,257669,254823,2846,19.196732027456164,5.643284160643816
case_059,4,distributed_components,185216,185216,0,17.64218478836119,4.66622150875628
case_059,5,distributed_components,150782,150782,0,17.915748355910182,5.254879737272859
case_060,2,distributed_components,441525,441525,0,45.33182342350483,11.24531390145421
case_060,3,distributed_components,295983,295983,0,43.67905004695058,9.565420085564256
case_060,4,distributed_components,223107,223107,0,43.9878565967083,11.022723753005266
case_060,5,distributed_components,180081,180081,0,46.071565395221114,11.350019482895732
case_061,2,distributed_components,39298,39298,0,2.1691745000425726,0.5144302998669446
case_061,3,distributed_components,28342,28342,0,2.2031986999791116,0.5444976998260245
case_061,4,distributed_components,24024,24024,0,2.11548560007941,0.4925033999606967
case_061,5,distributed_components,22005,21941,64,2.3113957000896335,0.525937799946405
case_062,2,dominant_component,1463796,1463796,0,104.97347440384328,25.871401043608785
case_062,3,dominant_component,982947,982412,535,103.30106843262911,27.951606864109635
case_062,4,dominant_component,757553,744188,13365,100.27317383699119,25.84552837908268
case_062,5,dominant_component,606061,605685,376,89.32005308009684,26.20536964200437
case_063,2,dominant_component,552512,552512,0,35.33341035991907,9.549924725666642
case_063,3,dominant_component,371366,371366,0,34.73365565389395,9.602410914376378
case_063,4,dominant_component,283231,283231,0,35.5880524571985,10.110560942441225
case_063,5,dominant_component,229053,229053,0,34.52577132731676,9.047928193584085
case_064,2,dominant_component,19116,19089,27,1.2540491999825463,0.3424468000885099
case_064,3,dominant_component,19116,19089,27,1.1705932000186294,0.3934235001215711
case_064,4,dominant_component,19076,19076,0,1.229277400067076,0.3602555999532342
case_064,5,dominant_component,19083,19083,0,1.1409741999814287,0.34502999985124916
case_065,2,distributed_components,26802,26410,392,1.1236028999555856,0.2669804999604821
case_065,3,distributed_components,17964,17964,0,1.163730000029318,0.28865380003117025
case_065,4,distributed_components,13800,13800,0,1.2603858000366017,0.30457600008230656
case_065,5,distributed_components,10984,10949,35,1.227469899924472,0.30015379993710667
case_066,2,dominant_component,242005,242005,0,46.129369378089905,10.522165002301335
case_066,3,dominant_component,181433,176353,5080,41.16152846440673,10.727262089028955
case_066,4,dominant_component,178608,162001,16607,41.6738965138793,10.743189226835966
case_066,5,dominant_component,175666,140194,35472,41.888664254918694,11.025714235380292
case_067,2,distributed_components,32203165,32203165,0,73.88835776410997,15.87712525576353
case_067,3,distributed_components,21702412,21585693,116719,72.72874363139272,14.882880004122853
case_067,4,distributed_components,16358776,16358776,0,76.50464714877307,15.59899765625596
case_067,5,distributed_components,13455316,13455316,0,76.66601826436818,15.407986983656883
case_068,2,dominant_component,243395,243395,0,37.05104052089155,8.429978402331471
case_068,3,dominant_component,224168,224168,0,33.176543828099966,8.654097717255354
case_068,4,dominant_component,225518,225518,0,36.61579751223326,9.73148613423109
case_068,5,dominant_component,226454,226325,129,35.58862015046179,10.20527869835496
case_069,2,dominant_component,22000,21862,138,1.506148700020276,0.48623670008964837
case_069,3,dominant_component,22000,21862,138,1.4588724999921396,0.4559525999939069
case_069,4,dominant_component,22000,21862,138,1.5926602999679744,0.4977037999778986
case_069,5,dominant_component,24830,24830,0,1.4063739000121132,0.46625060006044805
case_070,2,distributed_components,58498,58498,0,2.137890400015749,0.5287726997630671
case_070,3,distributed_components,39333,39333,0,2.2083732000319287,0.5184055001009256
case_070,4,distributed_components,30080,30080,0,2.01618779997807,0.46398659993428737
case_070,5,distributed_components,25374,25374,0,2.1877113999798894,0.5183241999475285
case_071,2,dominant_component,18901,18901,0,1.0135789999039844,0.32851679995656013
case_071,3,dominant_component,18757,18757,0,0.9608735999790952,0.2741837002104148
case_071,4,dominant_component,18491,18449,42,1.0858320000115782,0.34434019995387644
case_071,5,dominant_component,18757,18757,0,1.0110095998970792,0.3034182998817414
case_072,2,distributed_components,11841342,11841342,0,279.8570448756218,58.73614550754428
case_072,3,distributed_components,7935290,7929522,5768,305.4602858759463,61.15254870057106
case_072,4,distributed_components,6003776,5990048,13728,353.9033976867795,74.64841946214437
case_072,5,distributed_components,4831281,4830220,1061,363.85866411589086,76.13405984267592
case_073,2,distributed_components,5168597,5168597,0,38.46436536312103,7.680625332519412
case_073,3,distributed_components,3846663,3836078,10585,32.807995507493615,7.15732747502625
case_073,4,distributed_components,3249411,3249411,0,36.494518265128136,7.628091247752309
case_073,5,distributed_components,3017992,3017992,0,36.15908221527934,8.219944695010781
case_074,2,distributed_components,831845,831774,71,29.453089168295264,7.0856569185853004
case_074,3,distributed_components,563098,551928,11170,29.266624752432108,7.1510741002857685
case_074,4,distributed_components,418987,414717,4270,31.152007581666112,7.611793061718345
case_074,5,distributed_components,337275,335011,2264,30.267651561647654,7.46811961941421
case_075,2,dominant_component,1024475,1008737,15738,43.13807191699743,12.939969703555107
case_075,3,dominant_component,927525,778382,149143,45.15499088540673,13.288917433470488
case_075,4,dominant_component,856719,698816,157903,44.924774730578065,13.001516776159406
case_075,5,dominant_component,855215,709725,145490,46.987561823800206,14.419960020110011
case_076,2,distributed_components,3065214,3065214,0,279.035392254591,65.44840827025473
case_076,3,distributed_components,2050028,2050028,0,276.3525307700038,59.187500193715096
case_076,4,distributed_components,1540201,1540201,0,289.6079237163067,69.58181565254927
case_076,5,distributed_components,1240011,1236760,3251,304.54562766104937,74.80468659102917
case_077,2,distributed_components,248734,248734,0,30.426640367135406,7.323315113782883
case_077,3,distributed_components,168976,168976,0,30.942241359502077,7.456939121708274
case_077,4,distributed_components,127832,127832,0,28.890890756621957,6.780045667663217
case_077,5,distributed_components,115617,115141,476,31.855678901076317,6.7127231284976006
case_078,2,distributed_components,1181543,1179848,1695,2.03326349996496,0.44613660010509193
case_078,3,distributed_components,867029,840459,26570,2.0231179000111297,0.47379130008630455
case_078,4,distributed_components,648770,621588,27182,1.9583045999752358,0.48922019999008626
case_078,5,distributed_components,635493,635493,0,2.0469953999854624,0.4631391001166776
case_079,2,distributed_components,14956594,14956594,0,212.29545450396836,40.235712515190244
case_079,3,distributed_components,10106197,10106197,0,197.46167740412056,45.22865057177842
case_079,4,distributed_components,7615964,7609995,5969,200.1762691102922,46.65504557080567
case_079,5,distributed_components,6028657,6022007,6650,218.3692396506667,50.501809576526284
case_080,2,distributed_components,145757,145757,0,2.756951899966225,0.6528350999578834
case_080,3,distributed_components,100325,100325,0,2.7382760000182316,0.6017141998745501
case_080,4,distributed_components,111314,111314,0,2.94687480002176,0.7331982998875901
case_080,5,distributed_components,113455,113455,0,3.241101299994625,0.7869705001357943
case_081,2,distributed_components,76860,76860,0,20.009726367890835,5.625662913545966
case_081,3,distributed_components,51943,51943,0,19.448277017101645,5.637318715453148
case_081,4,distributed_components,39588,39588,0,18.979008795693517,6.077456325292587
case_081,5,distributed_components,30943,30943,0,18.859693311154842,5.321004783734679
case_082,2,dominant_component,498613,497483,1130,21.4099442306906,6.103358943015337
case_082,3,dominant_component,391047,378014,13033,22.64354177005589,6.641291376203299
case_082,4,dominant_component,335484,328283,7201,22.906507432460785,6.762314710766077
case_082,5,dominant_component,317546,312290,5256,22.52443098463118,7.025168852880597
case_083,2,distributed_components,546975,543456,3519,25.183300744742155,5.62164449878037
case_083,3,distributed_components,442860,436908,5952,24.784992896020412,6.6860893201082945
case_083,4,distributed_components,423490,417384,6106,25.635069552809,5.8899426609277725
case_083,5,distributed_components,393935,391729,2206,26.186233619228005,6.48614857159555
case_084,2,distributed_components,1254745,1254320,425,76.92538088560104,24.71675954386592
case_084,3,distributed_components,836168,836116,52,75.19333186373115,22.851336436346173
case_084,4,distributed_components,629028,629028,0,69.95107381232083,18.018391074612737
case_084,5,distributed_components,503472,503472,0,66.91457380354404,16.91088923998177
case_085,2,dominant_component,2355729,2334501,21228,140.80371460318565,37.96631759032607
case_085,3,dominant_component,1827923,1626396,201527,132.67197467572987,37.57386525347829
case_085,4,dominant_component,1615365,1324330,291035,145.61024894937873,40.03918278589845
case_085,5,dominant_component,1506394,1169044,337350,141.87460941262543,40.380021715536714
case_086,2,dominant_component,103009,102016,993,24.721857571974397,7.776772182434797
case_086,3,dominant_component,97297,97297,0,25.360366286709905,8.247815499082208
case_086,4,dominant_component,98847,98592,255,26.782029585912824,8.920404953882098
case_086,5,dominant_component,99574,99507,67,28.310688039287925,8.929047355428338
case_087,2,distributed_components,2016479,1987606,28873,247.3514994326979,63.14115027152002
case_087,3,distributed_components,1374901,1374901,0,248.6164991557598,61.113952688872814
case_087,4,distributed_components,1046846,1046846,0,241.28333469107747,63.742907801643014
case_087,5,distributed_components,833349,833349,0,255.24044565670192,63.43216408602893
case_088,2,dominant_component,163889,163881,8,22.328686209395528,5.353497132658958
case_088,3,dominant_component,153688,153688,0,20.426760064437985,5.154321368783712
case_088,4,dominant_component,153194,153194,0,20.209313191473484,5.56152300350368
case_088,5,dominant_component,151301,151301,0,20.264280365779996,5.621330378577113
case_089,2,distributed_components,346832,346832,0,25.711657159030437,7.052666466683149
case_089,3,distributed_components,243614,243614,0,25.462934624403715,7.062917646020651
case_089,4,distributed_components,178160,178160,0,25.497980792075396,7.342260282486677
case_089,5,distributed_components,147432,147432,0,25.02821479178965,6.453116927295923
case_090,2,distributed_components,644300,625263,19037,9.888113280758262,2.376230275258422
case_090,3,distributed_components,551031,550183,848,9.079612009227276,2.2278659902513027
case_090,4,distributed_components,529217,527825,1392,8.715650303289294,2.0160062424838543
case_090,5,distributed_components,511539,509204,2335,9.537286520004272,2.135317811742425
case_091,2,distributed_components,4571759,4571759,0,288.93964010477066,69.70885555632412
case_091,3,distributed_components,3090094,3070918,19176,282.5541688799858,67.55681827291846
case_091,4,distributed_components,2315897,2315897,0,286.6601854376495,71.52822026610374
case_091,5,distributed_components,1882479,1880163,2316,288.8641585242003,70.22258942201734
case_092,2,distributed_components,2414282,2412929,1353,159.5747605636716,29.71067858673632
case_092,3,distributed_components,2109464,2109464,0,152.4129993263632,29.6761759724468
case_092,4,distributed_components,2049809,2037129,12680,141.93849057890475,31.358626570552588
case_092,5,distributed_components,1661234,1661234,0,167.72028519026935,39.71029646508396
case_093,2,distributed_components,37827,37827,0,0.9925409000134096,0.24431729991920292
case_093,3,distributed_components,25103,25103,0,1.113978200010024,0.29015300003811717
case_093,4,distributed_components,19779,19779,0,1.068076099967584,0.2668653001310304
case_093,5,distributed_components,15876,15876,0,1.1679054000414908,0.2895812999922782
case_094,2,distributed_components,47498,47498,0,1.0521560000488535,0.261041900026612
case_094,3,distributed_components,32728,32728,0,1.186938599916175,0.2848652999382466
case_094,4,distributed_components,24854,24495,359,1.1365124000003561,0.2451230000006035
case_094,5,distributed_components,21804,21804,0,1.1968805000651628,0.28580870013684034
case_095,2,distributed_components,1042787,1042787,0,27.196049196645617,8.75182607024908
case_095,3,distributed_components,695775,695775,0,25.57274831086397,6.961328260600567
case_095,4,distributed_components,524422,524422,0,25.57658876478672,7.0828759502619505
case_095,5,distributed_components,420852,420852,0,24.429133992642164,6.8359168618917465
case_096,2,distributed_components,43973,43782,191,1.8513062000274658,0.46895729983225465
case_096,3,distributed_components,34599,34182,417,2.1694310000166297,0.5073937999550253
case_096,4,distributed_components,27087,27087,0,2.1701896999729797,0.5042725000530481
case_096,5,distributed_components,27370,27053,317,2.107815199997276,0.5192594000836834
case_097,2,distributed_components,5247127,5247114,13,62.23220777325332,14.241458293050528
case_097,3,distributed_components,3539378,3509566,29812,66.40040436014533,14.610283244401217
case_097,4,distributed_components,2625746,2622226,3520,66.73324730060995,16.32101609930396
case_097,5,distributed_components,2102068,2101905,163,70.88403449207544,18.2900301348418
case_098,2,distributed_components,93465,93465,0,8.150812787935138,2.0429451409727335
case_098,3,distributed_components,79351,79351,0,6.308067951351404,1.8435455672442913
case_098,4,distributed_components,79805,79805,0,6.786582063883543,1.9271504282951355
case_098,5,distributed_components,79610,73104,6506,7.5516273137182,2.0640037674456835
case_099,2,distributed_components,811243,808380,2863,53.84960551187396,11.424329984933138
case_099,3,distributed_components,544403,540127,4276,56.0199871212244,11.443716023117304
case_099,4,distributed_components,405336,405336,0,57.7928392291069,13.070856027305126
case_099,5,distributed_components,339475,334609,4866,56.003422947600484,13.588553143665195
case_100,2,distributed_components,80622,80622,0,6.055788744240999,1.2871619816869497
case_100,3,distributed_components,59130,58758,372,7.434581723064184,1.7099037878215313
case_100,4,distributed_components,59443,58793,650,7.716608429327607,1.736284889280796
case_100,5,distributed_components,60299,59649,650,7.335293108597398,1.714095551520586
