version,candidate,count,improving_calls,saved_cycles,evaluation_seconds
current,directed_migrate,22,0,0,13.221520610735752
current,directed_split,1073,403,3135014,3156.8068918661447
current,grain_0.25,400,42,10574595,1368.1588868740946
current,grain_0.5,402,198,38476777,1212.400327791227
current,grain_1.0,398,32,878722,1117.5221297339303
current,grain_2.0,252,0,0,893.5110070152441
current,grain_4.0,14,0,0,20.778712536673993
current,greedy,400,367,732750859,1007.884548726026
current,local_reschedule,276,68,571839,917.6468008462107
current,multilevel,389,120,5951254,1016.7782601540675
current,random_boundary,3,1,520,0.2131908000446856
current,random_migrate,136,0,0,240.33789096423425
current,random_reorder,1,0,0,3.296927133575082
current,random_split,2,2,54,0.13275040010921657
current,region_boundary_1018_0,3,3,202,0.15570150001440197
current,region_boundary_1039_0,1,0,0,0.11684220004826784
current,region_boundary_1105_0,3,0,0,28.201943434774876
current,region_boundary_1145_0,1,0,0,0.09158620005473495
current,region_boundary_115_0,1,0,0,1.7359115071594715
current,region_boundary_118_0,1,0,0,0.4293084517121315
current,region_boundary_1241_0,1,1,335,0.3929260391741991
current,region_boundary_1250_0,2,2,911,13.88324050232768
current,region_boundary_1319_0,1,1,45,0.07511980005074292
current,region_boundary_1339_0,1,0,0,0.0718701999867335
current,region_boundary_13546_0,1,0,0,6.573319358751178
current,region_boundary_13578_0,1,1,134,5.318393833935261
current,region_boundary_1435_0,1,1,848,0.5486450474709272
current,region_boundary_144_0,1,0,0,10.101492879912257
current,region_boundary_1463_0,1,0,0,2.2033892199397087
current,region_boundary_15583_0,2,0,0,11.529308384284377
current,region_boundary_15600_0,2,1,327,15.632145950570703
current,region_boundary_1565_0,1,1,13,0.056181700085289776
current,region_boundary_157_0,1,1,45,0.09522610006388277
current,region_boundary_1612_0,1,1,33,0.08619609999004751
current,region_boundary_1695_0,2,0,0,0.8460346143692732
current,region_boundary_178_0,1,0,0,0.1429079999215901
current,region_boundary_1898_0,1,0,0,2.284082932397723
current,region_boundary_215_0,1,1,936,0.12284010008443147
current,region_boundary_2297_0,1,0,0,0.10280150000471622
current,region_boundary_2393_0,1,1,64,0.10636849992442876
current,region_boundary_2395_0,4,2,47,12.956559535115957
current,region_boundary_258_0,1,0,0,0.06480299995746464
current,region_boundary_2838_0,3,2,142,4.7785791382193565
current,region_boundary_28_0,9,9,11700,34.5349499899894
current,region_boundary_343_0,1,1,479,0.06561960000544786
current,region_boundary_379_0,1,0,0,0.06269689998589456
current,region_boundary_3929_0,1,0,0,2.98527873121202
current,region_boundary_398_0,1,0,0,5.478270823135972
current,region_boundary_4129_0,1,0,0,3.7911173347383738
current,region_boundary_4372_0,1,0,0,8.44554791226983
current,region_boundary_4720_0,1,1,8,1.515456911176443
current,region_boundary_4880_0,1,0,0,2.7404402419924736
current,region_boundary_5013_0,1,0,0,2.6529774758964777
current,region_boundary_5757_0,1,0,0,1.4611998554319143
current,region_boundary_5781_0,1,1,13,3.5811274591833353
current,region_boundary_6037_0,1,0,0,2.966921268031001
current,region_boundary_6331_0,1,0,0,1.068326111882925
current,region_boundary_6619_0,1,0,0,1.0303159058094025
current,region_boundary_6709_0,1,0,0,1.8264444079250097
current,region_boundary_687_0,1,1,372,0.37844992987811565
current,region_boundary_739_0,1,1,42,0.07381780003197491
current,region_boundary_73_0,1,0,0,1.5409339740872383
current,region_boundary_7597_0,2,2,1085,7.211983611807227
current,region_boundary_854_0,1,1,73,0.05919749999884516
current,region_boundary_8758_0,1,1,16272,9.504257136955857
current,region_boundary_9214_0,2,0,0,4.273240556940436
current,region_boundary_936_0,1,0,0,0.0736260999692604
current,region_boundary_938_0,1,1,288,0.05641970003489405
current,region_placement_0,41,5,16054,101.00714186544064
current,region_placement_1,5,0,0,8.23935838486068
current,region_repartition_1_0,6,6,2977,6.372315278160386
current,region_repartition_2_0,111,20,54089,95.09185207250994
current,region_repartition_2_1,9,0,0,1.2575594092486426
current,region_repartition_3_0,15,4,16926,46.91501962277107
current,region_repartition_3_1,2,0,0,0.6230923482216895
current,region_repartition_4_0,5,2,4062,29.329478938132524
current,region_repartition_4_1,4,0,0,13.183635728433728
current,single_task,400,0,0,91.86315896513406
current,structural_component_lpt,193,186,13799164,351.05744008440524
current,structural_component_pipe,55,14,262059,190.71196968201548
current,structural_component_round_robin,35,12,4462966,194.423046866199
current,structural_hybrid_work_0.5,7,7,84533,3.503142776316963
current,structural_hybrid_work_1,29,29,640222,38.37660276016686
current,structural_memory_batches,7,7,1655590,34.94289357960224
current,structural_memory_lpt,31,31,8416516,163.04120900225826
previous,directed_migrate,22,0,0,26.649548154324293
previous,directed_split,1084,402,3072971,2790.5157900918275
previous,grain_0.25,400,49,11917486,1247.547018783167
previous,grain_0.5,402,198,38476777,1125.4130758158863
previous,grain_1.0,398,51,1574522,1005.8542468938977
previous,grain_2.0,244,2,3746,792.6549547836185
previous,grain_4.0,14,0,0,16.78744932077825
previous,greedy,400,367,732750859,925.7874968517572
previous,local_reschedule,289,79,607751,1085.0739627555013
previous,multilevel,389,120,5951254,927.3524010032415
previous,random_boundary,7,4,1799,7.892359523102641
previous,random_migrate,172,3,23360,288.9888829383999
previous,random_reorder,1,0,0,3.373527616262436
previous,random_split,3,2,54,0.4899734705686569
previous,region_boundary_1018_0,2,2,166,0.26193870417773724
previous,region_boundary_1039_0,1,0,0,0.2559624556452036
previous,region_boundary_1105_0,3,0,0,26.461751824244857
previous,region_boundary_1139_0,2,1,377,20.07291770912707
previous,region_boundary_1145_0,1,0,0,0.206801176071167
previous,region_boundary_115_0,1,0,0,1.3542734570801258
previous,region_boundary_118_0,1,0,0,0.39795801416039467
previous,region_boundary_1241_0,1,1,335,0.41802769899368286
previous,region_boundary_1250_0,2,2,911,9.990504924207926
previous,region_boundary_1339_0,1,0,0,0.2111995406448841
previous,region_boundary_13546_0,1,0,0,5.423828637227416
previous,region_boundary_13578_0,1,1,134,4.928155591711402
previous,region_boundary_1435_0,1,1,848,0.4557303413748741
previous,region_boundary_144_0,1,0,0,8.66366608068347
previous,region_boundary_1463_0,1,0,0,1.903198903426528
previous,region_boundary_15583_0,2,0,0,10.935487940907478
previous,region_boundary_15600_0,2,1,327,14.458996251225471
previous,region_boundary_1565_0,1,1,13,0.14424488134682178
previous,region_boundary_157_0,1,1,45,0.1498273964971304
previous,region_boundary_1665_0,1,1,412,2.405530732125044
previous,region_boundary_1695_0,2,0,0,0.6340596713125706
previous,region_boundary_178_0,1,0,0,0.2640868239104748
previous,region_boundary_1898_0,1,0,0,1.736071888357401
previous,region_boundary_215_0,1,1,936,0.23275326937437057
previous,region_boundary_220_0,1,0,0,4.3016134183853865
previous,region_boundary_222_0,1,0,0,0.1617906279861927
previous,region_boundary_22433_0,1,1,3727,14.237020863220096
previous,region_boundary_2330_0,2,0,0,7.247451147064567
previous,region_boundary_2361_0,1,0,0,0.2906669173389673
previous,region_boundary_2395_0,4,2,47,11.714907567948103
previous,region_boundary_245_0,1,0,0,0.23669501580297947
previous,region_boundary_2481_0,1,1,11179,3.497352220118046
previous,region_boundary_271_0,1,1,616,0.25284953601658344
previous,region_boundary_2838_0,3,2,142,3.8854468818753958
previous,region_boundary_284_0,1,1,303,0.4002426750957966
previous,region_boundary_28_0,9,9,11700,28.859891580417752
previous,region_boundary_315_0,1,0,0,0.43621946312487125
previous,region_boundary_31_1,1,0,0,0.16684556379914284
previous,region_boundary_343_0,1,1,479,0.17274904809892178
previous,region_boundary_363_0,1,1,11621,0.5442184116691351
previous,region_boundary_3778_0,1,1,44,2.080508815124631
previous,region_boundary_3929_0,1,0,0,2.3039089031517506
previous,region_boundary_398_0,1,0,0,5.066947627812624
previous,region_boundary_4129_0,1,0,0,2.515373608097434
previous,region_boundary_4372_0,1,0,0,8.306274719536304
previous,region_boundary_44_0,1,0,0,1.2726346626877785
previous,region_boundary_459_0,2,2,5168,3.4094422664493322
previous,region_boundary_4720_0,1,1,8,1.0056539196521044
previous,region_boundary_4880_0,1,0,0,1.6362628675997257
previous,region_boundary_4929_0,1,1,379,2.0568220000714064
previous,region_boundary_5013_0,1,0,0,2.206288557499647
previous,region_boundary_5091_0,1,0,0,7.904036870226264
previous,region_boundary_5099_0,1,1,75,8.960211642086506
previous,region_boundary_549_0,1,1,253,0.12866035476326942
previous,region_boundary_5509_0,1,0,0,2.714789289981127
previous,region_boundary_5545_0,1,0,0,2.080020299181342
previous,region_boundary_5681_0,1,0,0,1.6534483544528484
previous,region_boundary_5757_0,1,0,0,1.4637759774923325
previous,region_boundary_5781_0,1,1,13,2.2258830945938826
previous,region_boundary_6037_0,1,0,0,2.632179234176874
previous,region_boundary_6050_0,1,0,0,12.415565276518464
previous,region_boundary_609_0,1,1,21,0.326160317286849
previous,region_boundary_6203_0,1,0,0,1.103108987212181
previous,region_boundary_6259_0,1,0,0,1.1494893431663513
previous,region_boundary_6297_0,1,1,183,1.004666831344366
previous,region_boundary_643_0,1,0,0,0.19338782131671906
previous,region_boundary_648_0,1,0,0,2.5938251353800297
previous,region_boundary_657_0,1,1,44,0.1872343234717846
previous,region_boundary_6709_0,1,0,0,1.2167761344462633
previous,region_boundary_680_0,1,0,0,1.7748832497745752
previous,region_boundary_739_0,1,1,42,0.1437971591949463
previous,region_boundary_73_0,1,0,0,1.6678893566131592
previous,region_boundary_742_0,2,0,0,0.30817027390003204
previous,region_boundary_7597_0,2,2,1085,6.068281807005405
previous,region_boundary_784_0,1,1,334,0.4625514801591635
previous,region_boundary_8342_1,1,0,0,0.9333959184587002
previous,region_boundary_854_0,1,1,73,0.12999881245195866
previous,region_boundary_8758_0,1,1,16272,8.439730608835816
previous,region_boundary_9214_0,2,0,0,3.2160731088370085
previous,region_boundary_936_0,1,0,0,0.09551549516618252
previous,region_placement_0,36,4,15637,96.66349158994853
previous,region_placement_1,6,0,0,18.377498883754015
previous,region_repartition_1_0,1,1,314,6.743265965953469
previous,region_repartition_2_0,92,14,18375,50.576719488948584
previous,region_repartition_2_1,9,0,0,2.3405849505215883
previous,region_repartition_3_0,18,6,18878,56.02074019797146
previous,region_repartition_3_1,3,0,0,2.0521817300468683
previous,region_repartition_4_0,16,7,59025,29.31241549924016
previous,region_repartition_4_1,5,0,0,25.319908142089844
previous,single_task,400,0,0,87.71867338195443
previous,structural_component_lpt,193,186,13799164,637.8743572253734
previous,structural_component_pipe,55,14,262059,180.93559376336634
previous,structural_component_round_robin,35,12,4462966,350.00482297316194
