case,cores,makespan,added_copy_bytes,speedup,search_seconds,role
1,1,233110,0,1.0,0.0,prescribed_reference
1,2,116868,1152,1.9946435294520313,0.8012208435684443,routed
1,3,78545,2304,2.9678528232223567,0.8300681747496128,routed
1,4,58984,3456,3.952088702020887,1.4277781080454588,routed
1,5,47502,4608,4.9073723211654245,0.8022588696330786,routed
2,1,261945,0,1.0,0.0,prescribed_reference
2,2,134224,216576,1.951551138395518,3.5982994846999645,routed
2,3,90565,423936,2.892342516424667,7.482640400528908,routed
2,4,68574,377856,3.8198880041998424,7.322411630302668,routed
2,5,55189,514560,4.746326260667887,4.938739184290171,routed
3,1,602212,0,1.0,0.0,prescribed_reference
3,2,341181,6564470,1.7650807049630548,130.41053925082088,routed
3,3,274348,9497892,2.1950661204018256,146.16106702014804,routed
3,4,217774,7333194,2.765307153287353,118.34640407934785,routed
3,5,199233,7908308,3.0226518699211478,135.548722025007,routed
4,1,392357,0,1.0,0.0,prescribed_reference
4,2,199074,110592,1.9709103147573264,1.0212454069405794,routed
4,3,134043,221184,2.927098020784375,1.709415040910244,routed
4,4,104188,331776,3.765855952700887,1.5613982640206814,routed
4,5,88341,442368,4.441391879195391,1.0299564860761166,routed
5,1,95618,0,1.0,0.0,prescribed_reference
5,2,61371,882310,1.5580322953838133,13.06782347895205,routed
5,3,54267,1461452,1.7619916339580224,14.345235861837864,routed
5,4,52462,1495922,1.8226144638023711,15.90728940628469,routed
5,5,55679,1859574,1.717308141310009,22.413854030892253,routed
6,1,82837,16400,1.0,0.0,prescribed_reference
6,2,40815,17280,2.029572461104986,1.1294559575617313,routed
6,3,30449,118176,2.7205162731124175,1.4737554918974638,routed
6,4,26843,203696,3.0859814476772343,1.585293248295784,routed
6,5,27216,219928,3.0436875367430924,1.6880549639463425,routed
7,1,1012562,0,1.0,0.0,prescribed_reference
7,2,507494,27648,1.9952196479170197,9.270476097241044,routed
7,3,338094,55296,2.994912657426633,10.075640067458153,routed
7,4,254398,82944,3.980227831979811,10.548923406749964,routed
7,5,203834,110592,4.967581463347626,13.020922003313899,routed
8,1,487605,0,1.0,0.0,prescribed_reference
8,2,244266,0,1.9962049568912579,1.4362718500196934,routed
8,3,163359,0,2.984867684057811,1.4018758609890938,routed
8,4,123060,0,3.962335446123842,1.391427805647254,routed
8,5,100603,0,4.846823653370178,1.5518996827304363,routed
9,1,153261,0,1.0,0.0,prescribed_reference
9,2,90801,547342,1.687877886807414,20.575222343206406,routed
9,3,72361,737384,2.11800555547878,28.58407711982727,routed
9,4,62725,838982,2.4433798326026306,27.823815744370222,routed
9,5,56088,898504,2.732509627727856,27.195883441716433,routed
10,1,86969,0,1.0,0.0,prescribed_reference
10,2,42106,311944,2.0654776041419276,1.8177753686904907,routed
10,3,30856,48384,2.8185442053409386,0.9786678217351437,routed
10,4,26340,483232,3.301784358390281,1.8387508038431406,routed
10,5,22006,562432,3.9520585294919566,1.5256872866302729,routed
11,1,184697,0,1.0,0.0,prescribed_reference
11,2,92646,180224,1.9935777043801135,1.0311762224882841,routed
11,3,64180,1660928,2.8777968214397007,2.8705628234893084,routed
11,4,46880,540672,3.9397824232081913,1.0992579273879528,routed
11,5,46194,2033664,3.998289821188899,2.761585084721446,routed
12,1,59088,0,1.0,0.0,prescribed_reference
12,2,25535,94960,2.314000391619346,3.506656087934971,routed
12,3,18128,189892,3.259488084730803,2.3739836253225803,routed
12,4,14948,39168,3.952903398447953,2.2437748834490776,routed
12,5,12519,25344,4.719865803977953,2.9796621575951576,routed
13,1,263949,0,1.0,0.0,prescribed_reference
13,2,132198,8192,1.9966187083011846,3.9920027684420347,routed
13,3,88351,16384,2.98750438591527,4.278659584000707,routed
13,4,66982,24576,3.9405959810098237,5.509266523644328,routed
13,5,54363,32768,4.855305998565201,7.1810008473694324,routed
14,1,17698626,71010720,1.0,0.0,prescribed_reference
14,2,8909568,69998520,1.9864740916731316,240.62914985977113,routed
14,3,5951263,56526504,2.9739277192085107,308.36521725542843,routed
14,4,4526637,59878296,3.9098840927602545,340.65449914336205,routed
14,5,3663108,62443416,4.831587275068057,356.84703449718654,routed
15,1,177362,180256,1.0,0.0,prescribed_reference
15,2,87493,109824,2.027156458230944,3.540037252008915,routed
15,3,61018,298252,2.906716051001344,2.528594618663192,routed
15,4,48866,365824,3.6295583841525807,2.5244547221809626,routed
15,5,42569,326144,4.166459160421903,1.7720325645059347,routed
16,1,7715523,0,1.0,0.0,prescribed_reference
16,2,4027025,404200,1.9159362060081573,134.36108527705073,routed
16,3,2877849,341100,2.6810034160930614,142.27091455087066,routed
16,4,2244367,605676,3.4377278760559213,150.5180834531784,routed
16,5,2088965,444880,3.6934668603830128,163.18700999207795,routed
17,1,162810,22528,1.0,0.0,prescribed_reference
17,2,76658,87552,2.1238487829058936,2.94672985188663,routed
17,3,49850,175104,3.2659979939819457,3.975650267675519,routed
17,4,39668,259200,4.104315821316931,4.458443455398083,routed
17,5,33081,331776,4.921556180284756,2.4550455641001463,routed
18,1,1004367,1970176,1.0,0.0,prescribed_reference
18,2,502491,2638848,1.998776097482343,5.752759750932455,routed
18,3,337417,3971072,2.9766342537572203,6.568252874538302,routed
18,4,253676,4938752,3.9592511707847806,10.621434466913342,routed
18,5,205917,5320704,4.8775331808447095,8.394452510401607,routed
19,1,81144,0,1.0,0.0,prescribed_reference
19,2,38506,354360,2.1073079520074796,1.2308769561350346,routed
19,3,27716,54336,2.9276951941117044,0.7784620206803083,routed
19,4,22276,762456,3.6426647513018495,1.602489860728383,routed
19,5,18267,255068,4.442108720643784,1.3613902516663074,routed
20,1,532746,0,1.0,0.0,prescribed_reference
20,2,266580,0,1.9984469952734638,15.827647913247347,routed
20,3,177950,0,2.993796010115201,19.56921610981226,routed
20,4,133704,0,3.984518039849219,18.135817509144545,routed
20,5,107650,0,4.948871342313051,20.399849820882082,routed
21,1,6567937,4501504,1.0,0.0,prescribed_reference
21,2,3174339,33017856,2.0690723328541782,17.549928640946746,routed
21,3,2090922,34854912,3.141167867572296,20.916126677766442,routed
21,4,1550324,4608000,4.236493145948847,12.603791268542409,routed
21,5,1250168,11431936,5.253643510312214,13.616997268050909,routed
22,1,56780,0,1.0,0.0,prescribed_reference
22,2,27860,145236,2.0380473797559224,2.282356411218643,routed
22,3,18978,13824,2.9918853409210664,2.0354541409760714,routed
22,4,14336,20736,3.960658482142857,2.7286410871893167,routed
22,5,11479,20736,4.9464239045213,2.8881353344768286,routed
23,1,122614,0,1.0,0.0,prescribed_reference
23,2,60965,74016,2.0112195522020833,1.908326480537653,routed
23,3,40682,207264,3.0139619487734133,1.5640900116413832,routed
23,4,30516,281280,4.018023332022546,2.0779190361499786,routed
23,5,24940,280992,4.91635926222935,1.6536565627902746,routed
24,1,2555343,0,1.0,0.0,prescribed_reference
24,2,1335245,396856,1.9137633917370969,29.12863260321319,routed
24,3,954537,332124,2.677049711011726,33.214934239163995,routed
24,4,748435,595068,3.4142483983245038,34.33845323510468,routed
24,5,695849,432232,3.672266540585673,41.786805137991905,routed
25,1,4863026,0,1.0,0.0,prescribed_reference
25,2,2431840,27648,1.9997310678334101,123.70801037177444,routed
25,3,1622164,55296,2.9978633479722148,116.9625962227583,routed
25,4,1217444,82944,3.9944555971362954,119.90628047846258,routed
25,5,975282,110592,4.986276789687495,128.7683751191944,routed
26,1,99203,0,1.0,0.0,prescribed_reference
26,2,51429,21936,1.9289311477959905,1.157791381701827,routed
26,3,41688,95664,2.379653617347918,1.7757603786885738,routed
26,4,42226,172128,2.3493345332259743,1.2629646472632885,routed
26,5,38198,835212,2.5970731451908478,1.8659618645906448,routed
27,1,2363952,1400832,1.0,0.0,prescribed_reference
27,2,1120962,1744896,2.10886006840553,4.29897054284811,routed
27,3,744579,18481152,3.174884062000137,5.8683422319591045,routed
27,4,559196,3317760,4.227412213249022,2.8520091213285923,routed
27,5,499622,21954560,4.731480999635725,11.511665808036923,routed
28,1,43836040,277412256,1.0,0.0,prescribed_reference
28,2,20517451,75738432,2.136524658935459,177.16737578064203,routed
28,3,13687852,44350128,3.202550699700727,181.69247012771666,routed
28,4,10347838,74883456,4.23625108935799,167.6048848796636,routed
28,5,8286707,73953792,5.2899227642536415,171.5969411507249,routed
29,1,37555,0,1.0,0.0,prescribed_reference
29,2,18880,16388,1.9891419491525424,1.4672999121248722,routed
29,3,12743,0,2.9471082162756024,2.0750990621745586,routed
29,4,10168,49164,3.693450039339103,3.1605961676687,routed
29,5,8787,65552,4.273927392739274,2.5054923836141825,routed
30,1,2808034,5519360,1.0,0.0,prescribed_reference
30,2,1390496,1292288,2.019447736634985,43.549711579456925,routed
30,3,933720,8985600,3.0073619500492654,44.81077626720071,routed
30,4,697351,6002688,4.026715384361677,62.42756980098784,routed
30,5,559882,7484416,5.015403245683912,58.41331568732858,routed
31,1,1414369,3491328,1.0,0.0,prescribed_reference
31,2,712262,5250048,1.985742605951181,21.406058378517628,routed
31,3,473822,7544832,2.985021801435982,21.49072015658021,routed
31,4,360134,7808000,3.9273409342078227,25.91477138735354,routed
31,5,284848,7931904,4.965346430376902,29.95732308551669,routed
32,1,41443,0,1.0,0.0,prescribed_reference
32,2,17566,6216,2.3592735967209384,1.4275628682225943,routed
32,3,11910,12360,3.47968094038623,1.6781724318861961,routed
32,4,10728,74980,3.86306860551827,3.3779252152889967,routed
32,5,10414,12360,3.9795467639715767,3.220997640863061,routed
33,1,1774196,4592640,1.0,0.0,prescribed_reference
33,2,889132,6452256,1.995424751330511,9.457462383434176,routed
33,3,596821,7053888,2.9727439215443154,14.108230074867606,routed
33,4,443447,7214688,4.000920064855552,9.69254401139915,routed
33,5,361176,7894656,4.912275455733493,9.684368589892983,routed
34,1,842996,1079832,1.0,0.0,prescribed_reference
34,2,415251,943616,2.0300878263989732,12.664906622841954,routed
34,3,270947,2288640,3.1112948288779725,11.876233721151948,routed
34,4,206454,3059200,4.083214662830461,16.208561522886157,routed
34,5,167389,3463168,5.036149328808942,17.22508342936635,routed
35,1,169571,0,1.0,0.0,prescribed_reference
35,2,93692,801138,1.8098770439311787,9.533891638740897,routed
35,3,75717,1276568,2.2395366958542997,14.638778246939182,routed
35,4,63767,1505978,2.6592281274013203,12.765881203114986,routed
35,5,58308,1058710,2.9081944158606023,16.19328235089779,routed
36,1,931510,0,1.0,0.0,prescribed_reference
36,2,466068,1152,1.998656848356892,5.270095154643059,routed
36,3,311345,2304,2.991890025534375,7.612269472330809,routed
36,4,233584,3456,3.987901568600589,5.386701423674822,routed
36,5,187182,4608,4.976493466252097,6.003936760127544,routed
37,1,210001,0,1.0,0.0,prescribed_reference
37,2,105374,204800,1.992910964754114,1.0885092932730913,routed
37,3,74038,573440,2.836394824279424,2.1744963973760605,routed
37,4,53320,614400,3.938503375843961,1.1374876406043768,routed
37,5,43013,942080,4.882268151489085,1.6496806908398867,routed
38,1,1364555,5627904,1.0,0.0,prescribed_reference
38,2,674500,6790656,2.0230615270570795,23.073261538520455,routed
38,3,449590,8107008,3.035109766676305,28.659884406253695,routed
38,4,338182,8954880,4.034972293025649,25.018268881365657,routed
38,5,275278,9592320,4.957007098278831,23.448610220104456,routed
39,1,1435262,7929856,1.0,0.0,prescribed_reference
39,2,708430,9166848,2.025975749191875,18.94148471020162,routed
39,3,478013,11911168,3.002558507823009,19.879101837053895,routed
39,4,368961,14536704,3.8900100552632932,25.569223131984472,routed
39,5,338925,14536704,4.23474810061223,20.948254488408566,routed
40,1,253454,0,1.0,0.0,prescribed_reference
40,2,134642,1227916,1.882428959759956,7.565967295318842,routed
40,3,105492,1985768,2.402589769840367,9.71565550006926,routed
40,4,89539,1836692,2.8306547984677066,11.563886560499668,routed
40,5,78938,1915296,3.2107983480706377,13.679313339293003,routed
41,1,6003957,30898176,1.0,0.0,prescribed_reference
41,2,2990398,33669120,2.0077451228899967,110.55892491899431,routed
41,3,1991911,34851840,3.0141693077652567,96.72822814621031,routed
41,4,1490603,39164928,4.027871270888358,98.71552172861993,routed
41,5,1196379,40630272,5.018440644645217,99.62558392807841,routed
42,1,1686740,6629376,1.0,0.0,prescribed_reference
42,2,840111,7262496,2.007758498579354,14.79783877916634,routed
42,3,570685,8474176,2.9556410278875385,22.80752708017826,routed
42,4,430510,8605536,3.918004227544076,17.849402975291014,routed
42,5,350713,9936736,4.809459586613555,19.74243078380823,routed
43,1,677656,49160,1.0,0.0,prescribed_reference
43,2,349881,3210754,1.9368185182962208,43.68323393538594,routed
43,3,250900,4852554,2.700900757273814,60.36974147707224,routed
43,4,207895,5894554,3.2596070131556796,54.01761256530881,routed
43,5,199041,6609206,3.404605081365146,65.89598337933421,routed
44,1,154407,4438112,1.0,0.0,prescribed_reference
44,2,54510,886880,2.8326362135388004,3.056321308016777,routed
44,3,44484,891584,3.47106824925816,3.1845171246677637,routed
44,4,49989,1389344,3.0888195402988656,4.535769458860159,routed
44,5,43028,655488,3.588523751975458,4.112948354333639,routed
45,1,125614,0,1.0,0.0,prescribed_reference
45,2,63059,0,1.99200748505368,2.557723306119442,routed
45,3,42601,0,2.94861622966597,3.2118928600102663,routed
45,4,31878,0,3.940460505677897,1.999247144907713,routed
45,5,26164,0,4.801024308209754,2.118388194590807,routed
46,1,276455,3176288,1.0,0.0,prescribed_reference
46,2,112410,942688,2.4593452539809624,1.7041423451155424,routed
46,3,96500,2958528,2.864818652849741,3.223614512011409,routed
46,4,71871,2098976,3.8465445033462733,3.354000186547637,routed
46,5,77698,2660736,3.558070992818348,2.722705414518714,routed
47,1,326508,0,1.0,0.0,prescribed_reference
47,2,197413,1264006,1.6539336315237598,74.00834806449711,routed
47,3,156690,1857324,2.0837832663220373,82.35234816372395,routed
47,4,143256,2256146,2.279192494555202,91.93114669620991,routed
47,5,135565,2575320,2.4084977685980893,89.40641037933528,routed
48,1,222220,0,1.0,0.0,prescribed_reference
48,2,150049,467846,1.4809828789262174,3.8887487929314375,routed
48,3,114626,1177612,1.9386526616997888,7.9570827186107635,routed
48,4,114384,1270930,1.9427542313610295,7.3743528965860605,routed
48,5,101641,1273560,2.1863224486181756,9.700651301071048,routed
49,1,196276,0,1.0,0.0,prescribed_reference
49,2,126174,1027062,1.5555978252254823,20.804658574983478,routed
49,3,83711,2408560,2.344685883575635,23.28120700828731,routed
49,4,75814,2607184,2.5889149761257815,23.53752002120018,routed
49,5,76846,2907980,2.554147255550061,30.73958946764469,routed
50,1,149690,0,1.0,0.0,prescribed_reference
50,2,87435,1022694,1.712014639446446,18.64306530356407,routed
50,3,60421,1831624,2.477449893249036,19.977886959910393,routed
50,4,57912,2053712,2.584783809918497,18.834194416180253,routed
50,5,57017,1337182,2.625357349562411,20.997616734355688,routed
51,1,607628,0,1.0,0.0,prescribed_reference
51,2,319230,394084,1.903417598596623,3.0031718127429485,routed
51,3,228581,328736,2.658261185312865,3.4925929587334394,routed
51,4,183794,591064,3.306027400241575,5.26904316060245,routed
51,5,170016,427456,3.5739459815546772,6.761152017861605,routed
52,1,180301,0,1.0,0.0,prescribed_reference
52,2,90903,102912,1.9834438907406797,2.850496107712388,routed
52,3,60160,181248,2.99702460106383,1.8854741174727678,routed
52,4,45777,254976,3.9386809970072307,1.8221921529620886,routed
52,5,37846,333312,4.76407017914707,1.948380783200264,routed
53,1,1472686,5405536,1.0,0.0,prescribed_reference
53,2,723016,4631434,2.036865020967724,51.672604851424694,routed
53,3,495435,6090084,2.972511025664315,57.28678007796407,routed
53,4,394500,8679750,3.733044359949303,75.61615109443665,routed
53,5,357068,9823040,4.124385271152834,75.13877240382135,routed
54,1,815051,0,1.0,0.0,prescribed_reference
54,2,465795,2620302,1.7498062452366385,102.54713888093829,routed
54,3,359793,4112418,2.2653331221007633,135.03024129383266,routed
54,4,274779,7279264,2.9662055688389577,144.20233589038253,routed
54,5,257061,8197794,3.1706521020302576,131.47068166546524,routed
55,1,118835,69632,1.0,0.0,prescribed_reference
55,2,52737,16384,2.253351536871646,1.978497739881277,routed
55,3,35943,74240,3.30620705005147,2.1469894517213106,routed
55,4,31281,115712,3.7989514401713502,3.448224637657404,routed
55,5,24831,173568,4.785751681366034,2.106119576841593,routed
56,1,277285,0,1.0,0.0,prescribed_reference
56,2,172836,3326338,1.6043243305792774,50.30090399645269,routed
56,3,122295,3278908,2.2673453534486283,45.048774641007185,routed
56,4,115731,3685886,2.3959440426506293,50.17125823535025,routed
56,5,117134,4124830,2.3672460600679566,60.2764775659889,routed
57,1,59726,94216,1.0,0.0,prescribed_reference
57,2,29703,22304,2.0107733225600106,1.290641287341714,routed
57,3,20565,14112,2.9042548018477996,1.2529961485415697,routed
57,4,16345,28224,3.654083817681248,2.05015947856009,routed
57,5,14028,14400,4.257627601938979,2.033159375190735,routed
58,1,4539717,28696576,1.0,0.0,prescribed_reference
58,2,2266495,29548544,2.0029680189014316,102.20638934336603,routed
58,3,1538252,30400512,2.9512180058924025,106.913654319942,routed
58,4,1141935,31551488,3.975460074347489,125.09227205067873,routed
58,5,1000800,32104448,4.536088129496403,93.10395986400545,routed
59,1,829473,1691648,1.0,0.0,prescribed_reference
59,2,369318,360448,2.2459587672412393,5.614117639139295,routed
59,3,254073,1171456,3.2647034513702753,9.202651860192418,routed
59,4,185216,1081344,4.478408992743607,8.908765887841582,routed
59,5,150782,2072576,5.501140719714555,10.903351252898574,routed
60,1,888789,2068520,1.0,0.0,prescribed_reference
60,2,441525,2746508,2.012998131476134,18.815868493169546,routed
60,3,295983,3159296,3.0028380008311286,22.01214873045683,routed
60,4,223107,3960200,3.9836894404926784,15.741128167137504,routed
60,5,180081,3733888,4.935495693604545,15.975369511172175,routed
61,1,77191,0,1.0,0.0,prescribed_reference
61,2,39298,34560,1.9642475444042953,2.84536343626678,routed
61,3,28342,43008,2.723555147837132,2.3687691912055016,routed
61,4,23892,62208,3.230830403482337,4.563530595973134,routed
61,5,18840,110592,4.097186836518047,3.47883041203022,routed
62,1,2854809,0,1.0,0.0,prescribed_reference
62,2,1431735,2347008,1.993950696183302,120.04965236783028,routed
62,3,958567,2268672,2.9782049663716776,113.02676346339285,routed
62,4,722454,2603520,3.951544319776761,115.77781660109758,routed
62,5,579973,2746368,4.92231362494461,120.53028094768524,routed
63,1,1070397,0,1.0,0.0,prescribed_reference
63,2,536070,1049088,1.9967485589568525,36.34743285737932,routed
63,3,358763,1262592,2.9835769017429334,27.169222367927432,routed
63,4,270138,1420800,3.962408102525376,34.174472875893116,routed
63,5,218917,1539072,4.8895106364512575,32.70919984206557,routed
64,1,19116,0,1.0,0.0,prescribed_reference
64,2,14726,75590,1.2981121825342932,1.6120611000806093,routed
64,3,13455,66186,1.4207357859531773,3.0005087200552225,routed
64,4,10160,130956,1.881496062992126,5.3481895588338375,routed
64,5,11391,159314,1.6781669739267844,3.28034552000463,routed
65,1,53068,0,1.0,0.0,prescribed_reference
65,2,25517,13968,2.0797115648391267,2.0937529988586903,routed
65,3,17964,27936,2.9541304831885995,1.527837086468935,routed
65,4,13800,41904,3.8455072463768114,1.9549757447093725,routed
65,5,11212,55872,4.733143061006065,1.200159315019846,routed
66,1,359070,0,1.0,0.0,prescribed_reference
66,2,203504,1653418,1.764437062662159,25.544084621593356,routed
66,3,146357,2500738,2.4533845323421497,30.120429947972298,routed
66,4,116226,3806464,3.089412007640287,31.69840524531901,routed
66,5,106067,3979388,3.3853130568414302,37.07007556781173,routed
67,1,63834834,264449408,1.0,0.0,prescribed_reference
67,2,32040130,215994240,1.9923400435641179,46.13515216112137,routed
67,3,21255269,159238912,3.003247524178593,49.39602443575859,routed
67,4,16409509,226600576,3.8901123732587,48.00099867768586,routed
67,5,13461153,229484544,4.742152028136074,50.47060839086771,routed
68,1,362095,0,1.0,0.0,prescribed_reference
68,2,196346,1624576,1.8441679484175895,26.04256276600063,routed
68,3,180284,2355384,2.0084699696035146,27.720454862341285,routed
68,4,156990,2646854,2.3064844894579273,28.304974736645818,routed
68,5,158423,5510878,2.285621405982717,49.70437039062381,routed
69,1,25144,0,1.0,0.0,prescribed_reference
69,2,17661,179494,1.423701942132382,2.77284037694335,routed
69,3,16631,278084,1.511875413384643,1.932766506448388,routed
69,4,15620,361896,1.609731113956466,2.1977352555841208,routed
69,5,16803,355242,1.496399452478724,3.631953615695238,routed
70,1,117300,0,1.0,0.0,prescribed_reference
70,2,54493,129536,2.152570054869433,2.0028158593922853,routed
70,3,39333,259072,2.9822286629547707,1.7847362365573645,routed
70,4,30080,333312,3.8996010638297873,1.9000803772360086,routed
70,5,25374,449024,4.622842279498699,2.869774840772152,routed
71,1,18919,0,1.0,0.0,prescribed_reference
71,2,13765,173988,1.3744278968398111,1.6097426153719425,routed
71,3,12869,234308,1.47012199860129,1.5798202250152826,routed
71,4,11417,208904,1.6570903039327318,2.3540869653224945,routed
71,5,12234,253002,1.546427987575609,1.4356042332947254,routed
72,1,23897828,108613680,1.0,0.0,prescribed_reference
72,2,11836023,113724192,2.01907583315781,185.40809995308518,routed
72,3,7941294,120851232,3.009311580707124,196.28839059360325,routed
72,4,5965868,123071264,4.005758759664142,204.60210726968944,routed
72,5,4826156,77245216,4.951731357212656,232.02844540402293,routed
73,1,10081626,141570432,1.0,0.0,prescribed_reference
73,2,5294770,86179712,1.9040725092874666,14.754406366497278,routed
73,3,3805931,134138624,2.648925059335022,17.12612014822662,routed
73,4,3295138,137012864,3.0595459127963687,26.998975368216634,routed
73,5,2848898,94477312,3.538780960216898,22.631327694281936,routed
74,1,1682239,6070280,1.0,0.0,prescribed_reference
74,2,814840,3776512,2.064502233567326,14.95083499699831,routed
74,3,542996,5619712,3.0980688623857264,15.310070091858506,routed
74,4,408908,6623232,4.113979183581637,14.175125194713473,routed
74,5,328499,7151616,5.120986669670227,19.005439890548587,routed
75,1,1441809,0,1.0,0.0,prescribed_reference
75,2,754663,4745798,1.9105335759140172,47.402775056660175,routed
75,3,557783,12507404,2.5848923326813473,65.55696990340948,routed
75,4,462730,11096688,3.115875348475353,68.85652142390609,routed
75,5,378054,12427608,3.8137647002809123,74.86069747246802,routed
76,1,6185113,28280832,1.0,0.0,prescribed_reference
76,2,3065214,31095808,2.017840516192344,172.26926030777395,routed
76,3,2046322,17912832,3.0225511918456625,251.01820958033204,routed
76,4,1527039,19563520,4.050396224326949,272.70288669504225,routed
76,5,1227673,22311936,5.038078543716446,308.73399300314486,routed
77,1,495320,0,1.0,0.0,prescribed_reference
77,2,248734,57344,1.9913642686564763,14.790344264358282,routed
77,3,168976,114688,2.9313038538017233,12.232443232089281,routed
77,4,127832,114688,3.8747731397459164,10.237754572182894,routed
77,5,114837,172032,4.313243989306582,12.095704477280378,routed
78,1,2296143,12644568,1.0,0.0,prescribed_reference
78,2,1050081,2782080,2.1866341739351536,3.065792728215456,routed
78,3,718909,6965760,3.193927186890135,3.3612470868974924,routed
78,4,540759,6950784,4.246148469096215,5.13099617138505,routed
78,5,470359,10766304,4.8816818642781366,5.123560888692737,routed
79,1,31052251,32448512,1.0,0.0,prescribed_reference
79,2,15118882,194232320,2.053872171235942,144.37658400274813,routed
79,3,10181692,39960576,3.049812447675691,127.7387541718781,routed
79,4,7620379,31801344,4.074895881162866,107.96303822286427,routed
79,5,6063012,34084864,5.121588246897747,149.22362110763788,routed
80,1,292138,548864,1.0,0.0,prescribed_reference
80,2,145825,1675264,2.0033464769415397,2.2239841297268867,routed
80,3,100325,3047424,2.9119162721156244,2.9968250915408134,routed
80,4,90584,2666496,3.225050781594984,2.7536895982921124,routed
80,5,89345,3047424,3.2697744697520847,2.404956666752696,routed
81,1,151795,0,1.0,0.0,prescribed_reference
81,2,76860,0,1.9749544626593807,9.37413414940238,routed
81,3,51943,0,2.9223379473653814,10.101658906787634,routed
81,4,39588,0,3.834369000707285,8.19960611499846,routed
81,5,30943,0,4.905632937982743,10.881218338385224,routed
82,1,721041,0,1.0,0.0,prescribed_reference
82,2,407535,3389668,1.7692738047038905,17.77440968900919,routed
82,3,288553,5338828,2.4988165085790133,31.81567015312612,routed
82,4,235778,6420240,3.058135194971541,34.80062962695956,routed
82,5,206503,7708408,3.491673244456497,36.553236957639456,routed
83,1,1057993,13934688,1.0,0.0,prescribed_reference
83,2,442847,5589600,2.389071169049356,18.90741565823555,routed
83,3,290664,5739712,3.639917568051083,18.675891196355224,routed
83,4,220741,6471456,4.7929156794614505,14.342863192781806,routed
83,5,201107,7741824,5.26084621619337,16.931840647011995,routed
84,1,2507412,0,1.0,0.0,prescribed_reference
84,2,1175864,32004864,2.1323996652674118,76.6681776046753,routed
84,3,836220,0,2.998507569778288,40.37790288776159,routed
84,4,629028,0,3.986169137144928,35.62795883975923,routed
84,5,503472,0,4.98024120507198,33.97502884082496,routed
85,1,3187899,0,1.0,0.0,prescribed_reference
85,2,1843091,17607566,1.729648183404943,223.88822858780622,routed
85,3,1276351,31680716,2.497666394275556,272.14104317873716,routed
85,4,995687,27902578,3.201707966459339,279.1528612803668,routed
85,5,890475,38398484,3.5799983155057693,326.7970541436225,routed
86,1,118403,0,1.0,0.0,prescribed_reference
86,2,74609,1019206,1.5869801230414562,15.887114128097892,routed
86,3,64401,1574634,1.8385273520597507,17.487630857154727,routed
86,4,63006,1919826,1.879233723772339,21.168597366660833,routed
86,5,65815,2223540,1.7990275773000075,26.203321123495698,routed
87,1,3974071,7902720,1.0,0.0,prescribed_reference
87,2,1987606,10142208,1.999425942566082,155.99896687082946,routed
87,3,1374901,11036160,2.890441566338231,148.81929381936789,routed
87,4,1046846,12607488,3.796232683699417,161.00842624343932,routed
87,5,833349,12487680,4.768795546643723,155.5245889890939,routed
88,1,243623,0,1.0,0.0,prescribed_reference
88,2,132639,1032234,1.8367373095394266,12.33056065440178,routed
88,3,122079,1572244,1.9956175918872205,15.361251596361399,routed
88,4,112565,2028164,2.1642873006707237,12.902344351634383,routed
88,5,112833,2034888,2.1591467035353133,13.596811074763536,routed
89,1,693092,0,1.0,0.0,prescribed_reference
89,2,329513,1467520,2.103382871085511,22.231973370537162,routed
89,3,225452,2429184,3.074233096180118,16.283635230734944,routed
89,4,165365,1827200,4.191285943216521,27.76962674036622,routed
89,5,133148,2186320,5.205425541502689,27.53984199464321,routed
90,1,1178363,21233592,1.0,0.0,prescribed_reference
90,2,470442,3196848,2.5047997415196774,7.9370750561356544,routed
90,3,342250,5523456,3.442989043097151,5.903238954022527,routed
90,4,294798,7360608,3.9971879049382966,7.5975759997963905,routed
90,5,267434,7981056,4.406182459971432,8.767087746411562,routed
91,1,9186769,53947008,1.0,0.0,prescribed_reference
91,2,4532609,52032556,2.0268170053935823,219.9636731557548,routed
91,3,3042680,60113508,3.01930173399766,260.3561372663826,routed
91,4,2314443,67112896,3.969321776341003,251.24552144482732,routed
91,5,1872567,71035764,4.90597612795697,291.68521579541266,routed
92,1,4815554,66000096,1.0,0.0,prescribed_reference
92,2,2017778,10740320,2.3865628428895547,113.76500244811177,routed
92,3,1348585,21856448,3.5708197851822465,132.16342702507973,routed
92,4,1018849,18053920,4.726464863782563,121.31778393127024,routed
92,5,826308,19945856,5.8277954467341475,139.9372634962201,routed
93,1,74205,0,1.0,0.0,prescribed_reference
93,2,37827,8192,1.9616940280751844,1.4596899654716253,routed
93,3,25103,16384,2.956021192686133,1.4239528086036444,routed
93,4,19779,24576,3.751706355225239,0.9242535885423422,routed
93,5,15876,32768,4.674036281179139,1.022015929222107,routed
94,1,94892,0,1.0,0.0,prescribed_reference
94,2,47498,106272,1.997810434123542,0.89220274053514,routed
94,3,32728,212544,2.8994133463700806,0.906126257032156,routed
94,4,24668,318528,3.846765039727582,0.9860689230263233,routed
94,5,21804,424800,4.3520454962392225,1.0440949574112892,routed
95,1,2084853,0,1.0,0.0,prescribed_reference
95,2,1042890,0,1.9991111238960964,13.460434762760997,routed
95,3,695775,0,2.9964471273040854,12.970225995406508,routed
95,4,524422,0,3.9755254356224565,13.47062449529767,routed
95,5,420852,0,4.953886401870491,11.89843307994306,routed
96,1,84194,0,1.0,0.0,prescribed_reference
96,2,42443,346520,1.9836957802228872,2.489608347415924,routed
96,3,30876,123264,2.726842855292136,2.38942801207304,routed
96,4,24217,234168,3.476648635256225,3.5329813957214355,routed
96,5,22137,448896,3.803315715769978,3.6496991384774446,routed
97,1,11491509,10584064,1.0,0.0,prescribed_reference
97,2,5153667,2490368,2.22977328570123,33.12587960995734,routed
97,3,3444086,82444288,3.336591769195078,44.92286940291524,routed
97,4,2622394,14221312,4.382068064524248,31.25395542755723,routed
97,5,2102348,21311488,5.466035594487687,38.82172277569771,routed
98,1,177430,0,1.0,0.0,prescribed_reference
98,2,89620,0,1.9798036152644498,3.7229891382157803,routed
98,3,65476,784240,2.709847883193842,5.045952029526234,routed
98,4,53735,961274,3.301944728761515,4.868607761338353,routed
98,5,47355,1166870,3.746806039488966,8.622224785387516,routed
99,1,1622999,5484544,1.0,0.0,prescribed_reference
99,2,807983,5906432,2.0087043910577327,29.726283691823483,routed
99,3,540063,6479872,3.0052030966757584,26.14265334792435,routed
99,4,405336,9838592,4.004083032348471,24.693341867998242,routed
99,5,332266,7084052,4.884637609626022,34.42004751972854,routed
100,1,151223,0,1.0,0.0,prescribed_reference
100,2,76850,621700,1.9677683799609629,5.104147279635072,routed
100,3,57811,72192,2.6158170590372074,2.324270125478506,routed
100,4,49623,1207894,3.0474376801080143,7.218106705695391,routed
100,5,53383,1599352,2.8327932113219565,7.101335687562823,routed
