case,cores,arm,makespan,bytes,reference,reference_seconds,speedup,base_makespan,base_bytes,base_plan_sha256,slots,official_calls,cache_hits,solve_seconds,replay_seconds,diagnostic_seconds,replay_equal
12,2,j_guided,26263,125696,59088,0.09389328397810459,2.2498572135704222,26375,125696,147f1cdfc08bb355e66ce908d4fc45f13fde4f2ff76e0617bac013ef61af2f26,12,11,1,2.0885451044887304,0.1126738078892231,0.1004724558442831,True
12,2,j_mixed,26345,125696,59088,0.09389328397810459,2.242854431580945,26375,125696,147f1cdfc08bb355e66ce908d4fc45f13fde4f2ff76e0617bac013ef61af2f26,12,11,1,2.0826130155473948,0.11428443901240826,0.10511662065982819,True
12,2,j_ordinary,26375,125696,59088,0.09389328397810459,2.240303317535545,26375,125696,147f1cdfc08bb355e66ce908d4fc45f13fde4f2ff76e0617bac013ef61af2f26,12,11,1,1.9280192982405424,0.11306926235556602,0.0,True
12,2,placement_corrected,26375,125696,59088,0.09389328397810459,2.240303317535545,26375,125696,147f1cdfc08bb355e66ce908d4fc45f13fde4f2ff76e0617bac013ef61af2f26,8,7,1,1.055852223187685,0.1996658593416214,0.0,True
12,2,placement_reference,26375,125696,59088,0.09389328397810459,2.240303317535545,26375,125696,147f1cdfc08bb355e66ce908d4fc45f13fde4f2ff76e0617bac013ef61af2f26,8,7,1,0.8352836687117815,0.11846797727048397,0.0,True
12,3,j_guided,17704,198104,59088,0.09389328397810459,3.3375508359692723,17704,198104,d7bb20f041d82d346918939acc8e2b1a1f52722929fdc404e7a362a70a5a971b,12,11,1,2.500463968142867,0.11992499977350235,0.10334521904587746,True
12,3,j_mixed,17704,198104,59088,0.09389328397810459,3.3375508359692723,17704,198104,d7bb20f041d82d346918939acc8e2b1a1f52722929fdc404e7a362a70a5a971b,12,11,1,2.5068682618439198,0.12032138183712959,0.10330469533801079,True
12,3,j_ordinary,17704,198104,59088,0.09389328397810459,3.3375508359692723,17704,198104,d7bb20f041d82d346918939acc8e2b1a1f52722929fdc404e7a362a70a5a971b,12,11,1,1.8552479445934296,0.11897045932710171,0.0,True
12,3,placement_corrected,17704,198104,59088,0.09389328397810459,3.3375508359692723,17704,198104,d7bb20f041d82d346918939acc8e2b1a1f52722929fdc404e7a362a70a5a971b,8,7,1,0.8762818668037653,0.12292259186506271,0.0,True
12,3,placement_reference,17704,198104,59088,0.09389328397810459,3.3375508359692723,17704,198104,d7bb20f041d82d346918939acc8e2b1a1f52722929fdc404e7a362a70a5a971b,8,7,1,0.852912025526166,0.11514065973460674,0.0,True
12,4,j_guided,14689,49536,59088,0.09389328397810459,4.022601947035197,14689,49536,56aac07889c732190ae9e1e9baf450cac148dd67f729582fca8c9656fc31d6c2,12,11,1,2.568265615031123,0.10160650871694088,0.0904642716050148,True
12,4,j_mixed,14689,49536,59088,0.09389328397810459,4.022601947035197,14689,49536,56aac07889c732190ae9e1e9baf450cac148dd67f729582fca8c9656fc31d6c2,12,10,2,2.467534689232707,0.10369031690061092,0.09169403836131096,True
12,4,j_ordinary,14689,49536,59088,0.09389328397810459,4.022601947035197,14689,49536,56aac07889c732190ae9e1e9baf450cac148dd67f729582fca8c9656fc31d6c2,12,11,1,1.876934563741088,0.10567464679479599,0.0,True
12,4,placement_corrected,14689,49536,59088,0.09389328397810459,4.022601947035197,14689,49536,56aac07889c732190ae9e1e9baf450cac148dd67f729582fca8c9656fc31d6c2,8,7,1,0.8776113502681255,0.10161223262548447,0.0,True
12,4,placement_reference,14689,49536,59088,0.09389328397810459,4.022601947035197,14689,49536,56aac07889c732190ae9e1e9baf450cac148dd67f729582fca8c9656fc31d6c2,8,7,1,0.8986772261559963,0.11547213234007359,0.0,True
12,5,j_guided,13234,35136,59088,0.09389328397810459,4.464863231071482,13302,35136,c27a841a5aedfda765da8ec110ff8adc217c1db67eced6a1299d4215c48c9b40,12,11,1,2.8678353801369667,0.10685986466705799,0.09025094099342823,True
12,5,j_mixed,13302,35136,59088,0.09389328397810459,4.4420387911592245,13302,35136,c27a841a5aedfda765da8ec110ff8adc217c1db67eced6a1299d4215c48c9b40,12,10,2,2.7435186691582203,0.10532489232718945,0.08868242800235748,True
12,5,j_ordinary,13302,35136,59088,0.09389328397810459,4.4420387911592245,13302,35136,c27a841a5aedfda765da8ec110ff8adc217c1db67eced6a1299d4215c48c9b40,12,11,1,2.0620103552937508,0.10543282702565193,0.0,True
12,5,placement_corrected,13302,35136,59088,0.09389328397810459,4.4420387911592245,13302,35136,c27a841a5aedfda765da8ec110ff8adc217c1db67eced6a1299d4215c48c9b40,8,7,1,0.9170923121273518,0.10799511894583702,0.0,True
12,5,placement_reference,13302,35136,59088,0.09389328397810459,4.4420387911592245,13302,35136,c27a841a5aedfda765da8ec110ff8adc217c1db67eced6a1299d4215c48c9b40,8,7,1,0.9023123513907194,0.10258727893233299,0.0,True
48,2,j_guided,150049,467846,222220,0.19145071506500244,1.4809828789262174,150049,467846,e1f3743234cd9896366236805b5d2479ae4e4609ef7a4b69d9c12d9217790916,12,10,2,3.4228100143373013,0.21049845032393932,0.19246341288089752,True
48,2,j_mixed,150049,467846,222220,0.19145071506500244,1.4809828789262174,150049,467846,e1f3743234cd9896366236805b5d2479ae4e4609ef7a4b69d9c12d9217790916,12,10,2,3.4152443930506706,0.21316521987318993,0.19159162230789661,True
48,2,j_ordinary,150049,467846,222220,0.19145071506500244,1.4809828789262174,150049,467846,e1f3743234cd9896366236805b5d2479ae4e4609ef7a4b69d9c12d9217790916,12,10,2,3.3886858504265547,0.20354404859244823,0.0,True
48,2,placement_corrected,150049,467846,222220,0.19145071506500244,1.4809828789262174,150049,467846,e1f3743234cd9896366236805b5d2479ae4e4609ef7a4b69d9c12d9217790916,8,6,2,1.4362545348703861,0.19989528320729733,0.0,True
48,2,placement_reference,150049,467846,222220,0.19145071506500244,1.4809828789262174,150049,467846,e1f3743234cd9896366236805b5d2479ae4e4609ef7a4b69d9c12d9217790916,8,6,2,1.417639471590519,0.20630083605647087,0.0,True
48,3,j_guided,114626,1177612,222220,0.19145071506500244,1.9386526616997888,114626,1177612,1c49ebdd4eec135f74d6f19cc55ac4d1da3bacf9ad2f3e49cfff73f65dbe0f4c,12,10,2,6.8774130549281836,0.27673226594924927,0.23892175406217575,True
48,3,j_mixed,114626,1177612,222220,0.19145071506500244,1.9386526616997888,114626,1177612,1c49ebdd4eec135f74d6f19cc55ac4d1da3bacf9ad2f3e49cfff73f65dbe0f4c,12,10,2,6.9836511090397835,0.2676548585295677,0.2326262779533863,True
48,3,j_ordinary,114626,1177612,222220,0.19145071506500244,1.9386526616997888,114626,1177612,1c49ebdd4eec135f74d6f19cc55ac4d1da3bacf9ad2f3e49cfff73f65dbe0f4c,12,10,2,4.617427626624703,0.2726420946419239,0.0,True
48,3,placement_corrected,114626,1177612,222220,0.19145071506500244,1.9386526616997888,114626,1177612,1c49ebdd4eec135f74d6f19cc55ac4d1da3bacf9ad2f3e49cfff73f65dbe0f4c,8,6,2,1.4710419662296772,0.2673187926411629,0.0,True
48,3,placement_reference,114626,1177612,222220,0.19145071506500244,1.9386526616997888,114626,1177612,1c49ebdd4eec135f74d6f19cc55ac4d1da3bacf9ad2f3e49cfff73f65dbe0f4c,8,6,2,1.4469706118106842,0.2669207453727722,0.0,True
48,4,j_guided,114384,1270930,222220,0.19145071506500244,1.9427542313610295,114384,1270930,2d39973d8de1b46930d91481953d7c947fbfad4141fda57978051d9690954fb4,12,10,2,8.69566254504025,0.28552819788455963,0.24407461285591125,True
48,4,j_mixed,114384,1270930,222220,0.19145071506500244,1.9427542313610295,114384,1270930,2d39973d8de1b46930d91481953d7c947fbfad4141fda57978051d9690954fb4,12,10,2,8.647804841399193,0.27926344238221645,0.2430056445300579,True
48,4,j_ordinary,114384,1270930,222220,0.19145071506500244,1.9427542313610295,114384,1270930,2d39973d8de1b46930d91481953d7c947fbfad4141fda57978051d9690954fb4,12,10,2,5.463000835850835,0.2847312670201063,0.0,True
48,4,placement_corrected,114384,1270930,222220,0.19145071506500244,1.9427542313610295,114384,1270930,2d39973d8de1b46930d91481953d7c947fbfad4141fda57978051d9690954fb4,8,6,2,1.5512248538434505,0.2834590822458267,0.0,True
48,4,placement_reference,114384,1270930,222220,0.19145071506500244,1.9427542313610295,114384,1270930,2d39973d8de1b46930d91481953d7c947fbfad4141fda57978051d9690954fb4,8,6,2,1.4835410173982382,0.28250296600162983,0.0,True
48,5,j_guided,101731,1269464,222220,0.19145071506500244,2.1843882395729914,101731,1269464,512e5f60272d3ee8f97918a096e4cd02bc5aaafab28c543226e9835bf24c3d80,12,10,2,10.071694649755955,0.27895994670689106,0.236815445125103,True
48,5,j_mixed,101641,1273560,222220,0.19145071506500244,2.1863224486181756,101731,1269464,512e5f60272d3ee8f97918a096e4cd02bc5aaafab28c543226e9835bf24c3d80,12,10,2,10.01783112064004,0.2796743381768465,0.22761687450110912,True
48,5,j_ordinary,101641,1273560,222220,0.19145071506500244,2.1863224486181756,101731,1269464,512e5f60272d3ee8f97918a096e4cd02bc5aaafab28c543226e9835bf24c3d80,12,10,2,6.215800112113357,0.2765425592660904,0.0,True
48,5,placement_corrected,101731,1269464,222220,0.19145071506500244,2.1843882395729914,101731,1269464,512e5f60272d3ee8f97918a096e4cd02bc5aaafab28c543226e9835bf24c3d80,8,6,2,1.553819639608264,0.27813717536628246,0.0,True
48,5,placement_reference,101731,1269464,222220,0.19145071506500244,2.1843882395729914,101731,1269464,512e5f60272d3ee8f97918a096e4cd02bc5aaafab28c543226e9835bf24c3d80,8,6,2,1.5007836520671844,0.27404567040503025,0.0,True
50,2,j_guided,87003,1022694,149690,0.6158909592777491,1.7205153845269703,87435,1022694,f3f32d0ea4924d86ace85da9826fc8c068ae50ac0453693306b8b6272dcefd33,12,12,0,12.221041660755873,0.7542442586272955,0.7196195926517248,True
50,2,j_mixed,87234,1018278,149690,0.6158909592777491,1.7159593736387189,87435,1022694,f3f32d0ea4924d86ace85da9826fc8c068ae50ac0453693306b8b6272dcefd33,12,12,0,12.137326871976256,0.757954403758049,0.7187312748283148,True
50,2,j_ordinary,87435,1022694,149690,0.6158909592777491,1.712014639446446,87435,1022694,f3f32d0ea4924d86ace85da9826fc8c068ae50ac0453693306b8b6272dcefd33,12,12,0,10.195747977122664,0.7513414770364761,0.0,True
50,2,placement_corrected,87435,1021654,149690,0.6158909592777491,1.712014639446446,87435,1021654,3c261147e0645247d12a6eb6e18cf053c1fe76e89ee9d50e2b8974b7b3a0c584,8,8,0,5.7989859487861395,0.7382117602974176,0.0,True
50,2,placement_reference,87435,1022694,149690,0.6158909592777491,1.712014639446446,87435,1022694,f3f32d0ea4924d86ace85da9826fc8c068ae50ac0453693306b8b6272dcefd33,8,8,0,5.714347507804632,0.746038381010294,0.0,True
50,3,j_guided,60479,1834792,149690,0.6158909592777491,2.4750739926255396,60480,1834792,0e3e524fac74a66775ba914c28bb3cf055450b178ac2a329266b74205a1469a1,12,12,0,15.929681466892362,0.8629380371421576,0.7758524212986231,True
50,3,j_mixed,60479,1834792,149690,0.6158909592777491,2.4750739926255396,60480,1834792,0e3e524fac74a66775ba914c28bb3cf055450b178ac2a329266b74205a1469a1,12,12,0,15.888287050649524,0.8224431816488504,0.7841843124479055,True
50,3,j_ordinary,60421,1831624,149690,0.6158909592777491,2.477449893249036,60480,1834792,0e3e524fac74a66775ba914c28bb3cf055450b178ac2a329266b74205a1469a1,12,12,0,12.29324752651155,0.8433635458350182,0.0,True
50,3,placement_corrected,60480,1834792,149690,0.6158909592777491,2.475033068783069,60480,1834792,0e3e524fac74a66775ba914c28bb3cf055450b178ac2a329266b74205a1469a1,8,8,0,6.066793212667108,0.8520232103765011,0.0,True
50,3,placement_reference,60480,1834792,149690,0.6158909592777491,2.475033068783069,60480,1834792,0e3e524fac74a66775ba914c28bb3cf055450b178ac2a329266b74205a1469a1,8,8,0,6.006525214761496,0.8473045192658901,0.0,True
50,4,j_guided,58032,2056112,149690,0.6158909592777491,2.5794389302453817,58032,2056112,5dea35797b2c1d5931879c54d6b1eeba111a110fad8efd125766042843b1e424,12,12,0,17.982863921672106,0.872340964153409,0.8246819321066141,True
50,4,j_mixed,58032,2056112,149690,0.6158909592777491,2.5794389302453817,58032,2056112,5dea35797b2c1d5931879c54d6b1eeba111a110fad8efd125766042843b1e424,12,12,0,17.236559875309467,0.8238899763673544,0.7696215342730284,True
50,4,j_ordinary,57912,2053712,149690,0.6158909592777491,2.584783809918497,58032,2056112,5dea35797b2c1d5931879c54d6b1eeba111a110fad8efd125766042843b1e424,12,12,0,12.991104362532496,0.8413704335689545,0.0,True
50,4,placement_corrected,58032,2056112,149690,0.6158909592777491,2.5794389302453817,58032,2056112,5dea35797b2c1d5931879c54d6b1eeba111a110fad8efd125766042843b1e424,8,8,0,6.050780834630132,0.8446573037654161,0.0,True
50,4,placement_reference,58032,2056112,149690,0.6158909592777491,2.5794389302453817,58032,2056112,5dea35797b2c1d5931879c54d6b1eeba111a110fad8efd125766042843b1e424,8,8,0,6.0535315573215485,0.8324931655079126,0.0,True
50,5,j_guided,56886,1347422,149690,0.6158909592777491,2.631403157191576,57017,1337182,0b10c2c20e7b35654a774e30fcfcde8a03f72e9fb3c3ae180435994871c4910b,12,12,0,15.826557025313377,0.6875329501926899,0.6290771327912807,True
50,5,j_mixed,57017,1337182,149690,0.6158909592777491,2.625357349562411,57017,1337182,0b10c2c20e7b35654a774e30fcfcde8a03f72e9fb3c3ae180435994871c4910b,12,11,1,15.25922068208456,0.6843600049614906,0.6157330013811588,True
50,5,j_ordinary,57017,1337182,149690,0.6158909592777491,2.625357349562411,57017,1337182,0b10c2c20e7b35654a774e30fcfcde8a03f72e9fb3c3ae180435994871c4910b,12,12,0,11.921030014753342,0.6889436282217503,0.0,True
50,5,placement_corrected,57547,1330014,149690,0.6158909592777491,2.601178167410986,57547,1330014,ed2e9aacbdb868fd032c8e8689eb85933394125703c8300d2da723b44507b321,8,8,0,6.150516273453832,0.6887681540101767,0.0,True
50,5,placement_reference,57017,1337182,149690,0.6158909592777491,2.625357349562411,57017,1337182,0b10c2c20e7b35654a774e30fcfcde8a03f72e9fb3c3ae180435994871c4910b,8,8,0,5.931112602353096,0.6936911996454,0.0,True
18,2,j_guided,502491,2638848,1004367,0.29869302175939083,1.998776097482343,502491,2638848,53edebb45389afdf969fc27e02e27947a01598c965030a25d53de760da5d09ae,12,11,1,4.95526379160583,0.35636850632727146,0.3392397612333298,True
18,2,j_mixed,502491,2638848,1004367,0.29869302175939083,1.998776097482343,502491,2638848,53edebb45389afdf969fc27e02e27947a01598c965030a25d53de760da5d09ae,12,10,2,4.614427097141743,0.33608745597302914,0.3414460886269808,True
18,2,j_ordinary,502491,2638848,1004367,0.29869302175939083,1.998776097482343,502491,2638848,53edebb45389afdf969fc27e02e27947a01598c965030a25d53de760da5d09ae,12,11,1,4.5530910566449165,0.34818814881145954,0.0,True
18,2,placement_corrected,502491,2638848,1004367,0.29869302175939083,1.998776097482343,502491,2638848,53edebb45389afdf969fc27e02e27947a01598c965030a25d53de760da5d09ae,8,7,1,3.1287447083741426,0.3446148633956909,0.0,True
18,2,placement_reference,502491,2638848,1004367,0.29869302175939083,1.998776097482343,502491,2638848,53edebb45389afdf969fc27e02e27947a01598c965030a25d53de760da5d09ae,8,7,1,3.041813611984253,0.3439651560038328,0.0,True
18,3,j_guided,337417,3971072,1004367,0.29869302175939083,2.9766342537572203,337417,3971072,f1b81907950c4fa76d2e9b8da2c689d2cdbf7352bd7c9b5f81e4f91304ea0376,12,11,1,5.256201820448041,0.3495271485298872,0.3404381535947323,True
18,3,j_mixed,337417,3971072,1004367,0.29869302175939083,2.9766342537572203,337417,3971072,f1b81907950c4fa76d2e9b8da2c689d2cdbf7352bd7c9b5f81e4f91304ea0376,12,11,1,5.2622965052723885,0.35464140214025974,0.33403363078832626,True
18,3,j_ordinary,337417,3971072,1004367,0.29869302175939083,2.9766342537572203,337417,3971072,f1b81907950c4fa76d2e9b8da2c689d2cdbf7352bd7c9b5f81e4f91304ea0376,12,11,1,4.838726185262203,0.36472825333476067,0.0,True
18,3,placement_corrected,337417,3971072,1004367,0.29869302175939083,2.9766342537572203,337417,3971072,f1b81907950c4fa76d2e9b8da2c689d2cdbf7352bd7c9b5f81e4f91304ea0376,8,7,1,3.294861489906907,0.3595105428248644,0.0,True
18,3,placement_reference,337417,3971072,1004367,0.29869302175939083,2.9766342537572203,337417,3971072,f1b81907950c4fa76d2e9b8da2c689d2cdbf7352bd7c9b5f81e4f91304ea0376,8,7,1,3.262357810512185,0.3667112961411476,0.0,True
18,4,j_guided,253676,4938752,1004367,0.29869302175939083,3.9592511707847806,253676,4938752,16be042c1dd7225ee00fbcd2d8d6dd205bf6e08d92b163bed0304f032b233285,12,11,1,5.506715511903167,0.36425855569541454,0.33673989586532116,True
18,4,j_mixed,253676,4938752,1004367,0.29869302175939083,3.9592511707847806,253676,4938752,16be042c1dd7225ee00fbcd2d8d6dd205bf6e08d92b163bed0304f032b233285,12,11,1,5.443406881764531,0.3679248373955488,0.3362859711050987,True
18,4,j_ordinary,253676,4938752,1004367,0.29869302175939083,3.9592511707847806,253676,4938752,16be042c1dd7225ee00fbcd2d8d6dd205bf6e08d92b163bed0304f032b233285,12,11,1,4.9378856886178255,0.3658597208559513,0.0,True
18,4,placement_corrected,253676,4938752,1004367,0.29869302175939083,3.9592511707847806,253676,4938752,16be042c1dd7225ee00fbcd2d8d6dd205bf6e08d92b163bed0304f032b233285,8,7,1,3.4603017680346966,0.3675509840250015,0.0,True
18,4,placement_reference,253676,4938752,1004367,0.29869302175939083,3.9592511707847806,253676,4938752,16be042c1dd7225ee00fbcd2d8d6dd205bf6e08d92b163bed0304f032b233285,8,7,1,3.3907011318951845,0.35084339417517185,0.0,True
18,5,j_guided,205917,5320704,1004367,0.29869302175939083,4.8775331808447095,205917,5320704,1ff54a83738d207e64e2a8ee3e79fabe37b2081ce10d6d31347d699517127d38,12,11,1,5.730647852644324,0.37460014782845974,0.33908718079328537,True
18,5,j_mixed,205917,5320704,1004367,0.29869302175939083,4.8775331808447095,205917,5320704,1ff54a83738d207e64e2a8ee3e79fabe37b2081ce10d6d31347d699517127d38,12,10,2,5.353223733603954,0.36931210197508335,0.3345433622598648,True
18,5,j_ordinary,205917,5320704,1004367,0.29869302175939083,4.8775331808447095,205917,5320704,1ff54a83738d207e64e2a8ee3e79fabe37b2081ce10d6d31347d699517127d38,12,11,1,5.1971557307988405,0.3740470353513956,0.0,True
18,5,placement_corrected,205917,5320704,1004367,0.29869302175939083,4.8775331808447095,205917,5320704,1ff54a83738d207e64e2a8ee3e79fabe37b2081ce10d6d31347d699517127d38,8,7,1,3.5543282069265842,0.37880609557032585,0.0,True
18,5,placement_reference,205917,5320704,1004367,0.29869302175939083,4.8775331808447095,205917,5320704,1ff54a83738d207e64e2a8ee3e79fabe37b2081ce10d6d31347d699517127d38,8,7,1,3.446502286940813,0.3620859105139971,0.0,True
33,2,j_guided,889132,6452256,1774196,0.44258415326476097,1.995424751330511,889132,6452256,2f78de3e2d4440f7276a8edb137f5b63b091ba9f92dd5eb4cd846bf9b0c2d37d,12,11,1,7.853678442537785,0.5368254315108061,0.5645664036273956,True
33,2,j_mixed,889132,6452256,1774196,0.44258415326476097,1.995424751330511,889132,6452256,2f78de3e2d4440f7276a8edb137f5b63b091ba9f92dd5eb4cd846bf9b0c2d37d,12,10,2,7.257672756910324,0.5513822939246893,0.5674568116664886,True
33,2,j_ordinary,889132,6452256,1774196,0.44258415326476097,1.995424751330511,889132,6452256,2f78de3e2d4440f7276a8edb137f5b63b091ba9f92dd5eb4cd846bf9b0c2d37d,12,11,1,7.179135421290994,0.5349856726825237,0.0,True
33,2,placement_corrected,889132,6452256,1774196,0.44258415326476097,1.995424751330511,889132,6452256,2f78de3e2d4440f7276a8edb137f5b63b091ba9f92dd5eb4cd846bf9b0c2d37d,8,7,1,4.895699825137854,0.5515900067985058,0.0,True
33,2,placement_reference,889132,6452256,1774196,0.44258415326476097,1.995424751330511,889132,6452256,2f78de3e2d4440f7276a8edb137f5b63b091ba9f92dd5eb4cd846bf9b0c2d37d,8,7,1,4.814871795475483,0.5411465261131525,0.0,True
33,3,j_guided,596821,7053888,1774196,0.44258415326476097,2.9727439215443154,596821,7053888,63523814882fa390f8d9bd2f6c5a6386f6db68e209fc58ce02fd9dfc69131b98,12,11,1,7.537158137187362,0.5217059329152107,0.49366098269820213,True
33,3,j_mixed,596821,7053888,1774196,0.44258415326476097,2.9727439215443154,596821,7053888,63523814882fa390f8d9bd2f6c5a6386f6db68e209fc58ce02fd9dfc69131b98,12,11,1,7.57882434129715,0.5047265607863665,0.5260589383542538,True
33,3,j_ordinary,596821,7053888,1774196,0.44258415326476097,2.9727439215443154,596821,7053888,63523814882fa390f8d9bd2f6c5a6386f6db68e209fc58ce02fd9dfc69131b98,12,11,1,6.894684638828039,0.5129552241414785,0.0,True
33,3,placement_corrected,596821,7053888,1774196,0.44258415326476097,2.9727439215443154,596821,7053888,63523814882fa390f8d9bd2f6c5a6386f6db68e209fc58ce02fd9dfc69131b98,8,7,1,4.782515456900001,0.5235022995620966,0.0,True
33,3,placement_reference,596821,7053888,1774196,0.44258415326476097,2.9727439215443154,596821,7053888,63523814882fa390f8d9bd2f6c5a6386f6db68e209fc58ce02fd9dfc69131b98,8,7,1,4.581871286034584,0.5176351927220821,0.0,True
33,4,j_guided,443447,7214688,1774196,0.44258415326476097,4.000920064855552,443447,7214688,b6cad94c86539ff2cef90e735ac82ae92c373ebbe52fe8c7581d560292ccd679,12,11,1,7.508872497826815,0.5089591406285763,0.4741565454751253,True
33,4,j_mixed,443447,7214688,1774196,0.44258415326476097,4.000920064855552,443447,7214688,b6cad94c86539ff2cef90e735ac82ae92c373ebbe52fe8c7581d560292ccd679,12,10,2,6.941709529608488,0.5047319252043962,0.4947122912853956,True
33,4,j_ordinary,443447,7214688,1774196,0.44258415326476097,4.000920064855552,443447,7214688,b6cad94c86539ff2cef90e735ac82ae92c373ebbe52fe8c7581d560292ccd679,12,11,1,6.86034613661468,0.5103459618985653,0.0,True
33,4,placement_corrected,443447,7214688,1774196,0.44258415326476097,4.000920064855552,443447,7214688,b6cad94c86539ff2cef90e735ac82ae92c373ebbe52fe8c7581d560292ccd679,8,7,1,4.637781450524926,0.5069413632154465,0.0,True
33,4,placement_reference,443447,7214688,1774196,0.44258415326476097,4.000920064855552,443447,7214688,b6cad94c86539ff2cef90e735ac82ae92c373ebbe52fe8c7581d560292ccd679,8,7,1,4.5750481598079205,0.5045041758567095,0.0,True
33,5,j_guided,361176,7894656,1774196,0.44258415326476097,4.912275455733493,361176,7894656,8652c9cf74141dffff6f3de184f16b2ad42956d6535c3d49c515c972b59949c6,12,11,1,8.079115699976683,0.5338606741279364,0.48830808512866497,True
33,5,j_mixed,361176,7894656,1774196,0.44258415326476097,4.912275455733493,361176,7894656,8652c9cf74141dffff6f3de184f16b2ad42956d6535c3d49c515c972b59949c6,12,11,1,8.186157474294305,0.5296700857579708,0.48618808947503567,True
33,5,j_ordinary,361176,7894656,1774196,0.44258415326476097,4.912275455733493,361176,7894656,8652c9cf74141dffff6f3de184f16b2ad42956d6535c3d49c515c972b59949c6,12,11,1,7.293551664799452,0.5313816629350185,0.0,True
33,5,placement_corrected,361176,7894656,1774196,0.44258415326476097,4.912275455733493,361176,7894656,8652c9cf74141dffff6f3de184f16b2ad42956d6535c3d49c515c972b59949c6,8,7,1,4.9610172510147095,0.5324059575796127,0.0,True
33,5,placement_reference,361176,7894656,1774196,0.44258415326476097,4.912275455733493,361176,7894656,8652c9cf74141dffff6f3de184f16b2ad42956d6535c3d49c515c972b59949c6,8,7,1,4.832815343514085,0.5223655011504889,0.0,True
67,2,j_guided,32084984,216872832,63834834,2.4325935002416372,1.9895548023337022,32084984,216905600,075cffb6cd46ef99b3faf031577e0c70a5d78a624bd8cf3f389031c2d90bd767,12,10,2,26.261013912037015,1.4329910930246115,1.4366007521748543,True
67,2,j_mixed,32040130,215994240,63834834,2.4325935002416372,1.9923400435641179,32084984,216905600,075cffb6cd46ef99b3faf031577e0c70a5d78a624bd8cf3f389031c2d90bd767,12,10,2,26.249260207638144,1.4057197477668524,1.4341179374605417,True
67,2,j_ordinary,32040130,215994240,63834834,2.4325935002416372,1.9923400435641179,32084984,216905600,075cffb6cd46ef99b3faf031577e0c70a5d78a624bd8cf3f389031c2d90bd767,12,10,2,21.952937511727214,1.3897847719490528,0.0,True
67,2,placement_corrected,32084984,216905600,63834834,2.4325935002416372,1.9895548023337022,32084984,216905600,075cffb6cd46ef99b3faf031577e0c70a5d78a624bd8cf3f389031c2d90bd767,8,6,2,13.707637207582593,1.4263963997364044,0.0,True
67,2,placement_reference,32084984,216905600,63834834,2.4325935002416372,1.9895548023337022,32084984,216905600,075cffb6cd46ef99b3faf031577e0c70a5d78a624bd8cf3f389031c2d90bd767,8,6,2,13.59211310185492,1.4343736451119184,0.0,True
67,3,j_guided,21374767,159173376,63834834,2.4325935002416372,2.9864575365897554,21374767,159173376,8453bf81bfb797e98c313b1a15c2c11467c5b7a9c76467eed334ff55b2aeaad5,12,10,2,32.74269387498498,1.833195611834526,1.776304503902793,True
67,3,j_mixed,21255269,159238912,63834834,2.4325935002416372,3.003247524178593,21374767,159173376,8453bf81bfb797e98c313b1a15c2c11467c5b7a9c76467eed334ff55b2aeaad5,12,10,2,32.40579739958048,1.8180796578526497,1.7733077500015497,True
67,3,j_ordinary,21255269,159238912,63834834,2.4325935002416372,3.003247524178593,21374767,159173376,8453bf81bfb797e98c313b1a15c2c11467c5b7a9c76467eed334ff55b2aeaad5,12,10,2,25.512893797829747,1.7466600202023983,0.0,True
67,3,placement_corrected,21374767,159173376,63834834,2.4325935002416372,2.9864575365897554,21374767,159173376,8453bf81bfb797e98c313b1a15c2c11467c5b7a9c76467eed334ff55b2aeaad5,8,6,2,13.422322863712907,1.7678377833217382,0.0,True
67,3,placement_reference,21374767,159173376,63834834,2.4325935002416372,2.9864575365897554,21374767,159173376,8453bf81bfb797e98c313b1a15c2c11467c5b7a9c76467eed334ff55b2aeaad5,8,6,2,13.282260440289974,1.8094657827168703,0.0,True
67,4,j_guided,16430577,226567808,63834834,2.4325935002416372,3.885124302086287,16430577,226567808,8503df211569c2575957130e96e51f18ef854ae077e9dfc4e8c49e561b33cc6b,12,10,2,30.52507713995874,1.4547885470092297,1.4047201350331306,True
67,4,j_mixed,16409509,226600576,63834834,2.4325935002416372,3.8901123732587,16430577,226567808,8503df211569c2575957130e96e51f18ef854ae077e9dfc4e8c49e561b33cc6b,12,10,2,30.57667058892548,1.4434893801808357,1.486838860437274,True
67,4,j_ordinary,16409509,226600576,63834834,2.4325935002416372,3.8901123732587,16430577,226567808,8503df211569c2575957130e96e51f18ef854ae077e9dfc4e8c49e561b33cc6b,12,10,2,23.81393894739449,1.4729532934725285,0.0,True
67,4,placement_corrected,16430577,226567808,63834834,2.4325935002416372,3.885124302086287,16430577,226567808,8503df211569c2575957130e96e51f18ef854ae077e9dfc4e8c49e561b33cc6b,8,6,2,12.854009846225381,1.4393612425774336,0.0,True
67,4,placement_reference,16430577,226567808,63834834,2.4325935002416372,3.885124302086287,16430577,226567808,8503df211569c2575957130e96e51f18ef854ae077e9dfc4e8c49e561b33cc6b,8,6,2,12.58883336931467,1.435165973380208,0.0,True
67,5,j_guided,13477716,229484544,63834834,2.4325935002416372,4.736324314891336,13477716,229484544,c5d2eb0662787a1f7a87127b2248f1cfea3e5e99b17cd99eda11d304d281b896,12,10,2,33.4783687479794,1.5416552759706974,1.4062281399965286,True
67,5,j_mixed,13477716,229484544,63834834,2.4325935002416372,4.736324314891336,13477716,229484544,c5d2eb0662787a1f7a87127b2248f1cfea3e5e99b17cd99eda11d304d281b896,12,10,2,33.54064226709306,1.5494560357183218,1.397839853540063,True
67,5,j_ordinary,13461153,229484544,63834834,2.4325935002416372,4.742152028136074,13477716,229484544,c5d2eb0662787a1f7a87127b2248f1cfea3e5e99b17cd99eda11d304d281b896,12,10,2,25.229264814406633,1.484938019886613,0.0,True
67,5,placement_corrected,13477716,229484544,63834834,2.4325935002416372,4.736324314891336,13477716,229484544,c5d2eb0662787a1f7a87127b2248f1cfea3e5e99b17cd99eda11d304d281b896,8,6,2,12.727490404620767,1.5273435562849045,0.0,True
67,5,placement_reference,13477716,229484544,63834834,2.4325935002416372,4.736324314891336,13477716,229484544,c5d2eb0662787a1f7a87127b2248f1cfea3e5e99b17cd99eda11d304d281b896,8,6,2,12.408760024234653,1.5243954211473465,0.0,True
