stage,case,cores,baseline,unguarded,event_guarded,unguarded_bytes,event_guarded_bytes,unguarded_solve_seconds,event_solve_seconds
development,case_039,2,841140,708557,708557,11550720,11550720,49.02797542139888,63.66223740018904
development,case_039,3,649664,482318,482318,15020032,15020032,51.40439847484231,66.52289941161871
development,case_039,4,564871,395323,395323,17604608,17604608,51.83001943677664,66.7868864312768
development,case_039,5,511084,431161,431161,20480000,20480000,54.37596895173192,67.43069119565189
development,case_058,5,1524911,1002440,1002440,33316864,33316864,172.73423687554896,223.043684348464
development,case_009,2,132262,92259,92259,182950,182950,36.95439557172358,49.02896450459957
development,case_058,3,1910788,1532367,1532367,31514624,31514624,179.7788620237261,230.62996982224286
development,case_058,4,1624923,1152464,1152464,42893312,42893312,189.81295659951866,234.44023725017905
development,case_009,3,117616,92004,92004,193702,193702,35.28492232784629,47.93684121593833
development,case_100,2,80622,80622,80622,16896,16896,7.697999665513635,7.256477443501353
development,case_058,2,2658985,2268326,2268326,33972224,33972224,193.51195495016873,244.14474832080305
development,case_100,3,83808,58758,58758,698388,698388,7.01672475785017,8.941962599754333
development,case_100,4,75379,58793,58793,534528,534528,6.599601207301021,8.292931582778692
development,case_100,5,75870,59649,59649,534528,534528,7.163263039663434,8.412805687636137
development,case_009,4,117873,92192,92192,225586,225586,34.56362639926374,44.34230592660606
development,case_040,2,120926,120926,120926,283200,283200,19.897343542426825,20.121686501428485
development,case_009,5,120100,91903,91903,214604,214604,35.339465165510774,45.802299335598946
development,case_040,3,145657,109777,109777,642836,642836,20.136602202430367,25.839565372094512
development,case_040,4,142257,109607,109607,1022796,1022796,18.154205325990915,23.09265244565904
development,case_040,5,142985,108131,108131,727212,727212,18.440401151776314,23.679168716073036
development,case_072,2,12769723,11841342,11841342,110234400,110234400,347.75896847061813,426.7340040896088
development,case_072,3,8956496,7929522,7929522,115280672,115280672,347.65679180808365,434.55142166279256
development,case_067,2,32203165,32203165,32203165,262601984,262601984,71.55069376714528,90.49655026383698
development,case_072,4,7126265,5990048,5990048,120472240,120472240,349.9710275642574,443.4354230724275
development,case_028,3,13957556,13957556,13957556,310848768,310848768,189.72847416065633,234.8391811158508
development,case_072,5,6027316,4830220,4830220,127451824,127451824,355.5064900163561,445.2067964375019
development,case_028,4,10676362,10694242,10676362,310848768,310848768,189.53952109254897,231.41999534331262
development,case_028,2,20808183,20808183,20808183,310682880,310682880,197.98962424509227,244.96500265598297
development,case_067,3,21585693,21585693,21585693,247821184,247821184,69.82456370815635,94.01933320611715
development,case_028,5,9004662,9004662,9004662,286344264,286344264,187.72047234512866,231.49834869801998
development,case_067,5,13455316,13455316,13455316,262606080,262606080,69.70416663400829,81.41977520287037
development,case_067,4,16358776,16358776,16358776,262601984,262601984,68.97918621823192,83.71604305878282
extension,case_010,2,45626,45626,45626,48384,48384,3.079132568091154,3.296044873073697
extension,case_010,4,33256,30262,30262,575880,575880,2.9546912983059883,3.8625346664339304
extension,case_010,3,39104,34518,34518,395696,395696,3.1373568158596754,3.7567204982042313
extension,case_010,5,28842,28842,28842,958646,958646,3.088528148829937,4.049591913819313
extension,case_026,2,51839,51839,51839,218580,218580,3.151410887017846,2.9063437432050705
extension,case_026,3,50092,42174,42174,381752,381752,2.8291046787053347,3.815396785736084
extension,case_026,4,50038,42089,42089,217872,217872,3.3420731630176306,3.8895711731165648
extension,case_026,5,50757,43946,43946,414504,414504,4.058740245178342,4.060442641377449
extension,case_027,2,1157230,1116984,1116984,1843200,1843200,9.294517727568746,12.095543939620256
extension,case_027,4,644890,559196,559196,3317760,3317760,9.90687463618815,12.710847325623035
extension,case_027,3,816499,804739,804739,19496960,19496960,10.561895487830043,13.348967546597123
extension,case_027,5,644890,558753,558753,5529600,5529600,10.798200307413936,12.975172653794289
extension,case_021,2,3168548,3168548,3168548,50104320,50104320,31.883783696219325,39.73059204407036
extension,case_035,2,95406,95406,95406,0,0,22.963028747588396,22.358792254701257
extension,case_021,4,1611899,1550324,1550324,4608000,4608000,29.070646066218615,39.02323823235929
extension,case_021,3,2124156,2124156,2124156,50071552,50071552,34.2606317717582,44.14107814244926
extension,case_035,3,125507,95782,95782,42278,42278,21.917324984446168,27.991081377491355
extension,case_035,4,125981,94869,94869,47410,47410,21.381914237514138,27.518577873706818
extension,case_035,5,126070,95983,95983,83532,83532,22.46131569892168,27.92907080426812
extension,case_044,2,146270,119062,119062,5274528,5274528,7.394021725282073,8.354867285117507
extension,case_044,3,143812,123085,123085,5678624,5678624,7.270693739876151,8.487751690670848
extension,case_021,5,1313319,1249916,1249916,11845632,11845632,35.73091549612582,46.377261236310005
extension,case_044,4,143812,120120,120120,5792192,5792192,6.036168964579701,7.829436315223575
extension,case_046,2,152419,152419,152419,5255872,5255872,4.920010102912784,6.155845420435071
extension,case_044,5,143812,131771,131771,6309600,6309600,6.810324443504214,8.631279794499278
extension,case_046,3,152587,128115,128115,4762304,4762304,5.05062005482614,6.450082127004862
extension,case_046,4,157369,116069,116069,5013664,5013664,4.847994975745678,6.736763093620539
extension,case_046,5,111389,111389,111389,4672800,4672800,4.988491475582123,6.143723035231233
extension,case_043,2,353710,353710,353710,589446,589446,75.33335678465664,75.5067382287234
extension,case_057,2,30047,30047,30047,182060,182060,4.600518187507987,4.650121232494712
extension,case_057,3,20691,20691,20691,18228,18228,4.777233576402068,4.825082967057824
extension,case_057,4,16471,16471,16471,32328,32328,4.439927406609058,4.530954254791141
extension,case_057,5,22616,14319,14319,189060,189060,4.152432067319751,5.521046780049801
extension,case_043,5,294404,264401,264401,2875646,2875646,66.99439405836165,90.84762876294553
extension,case_043,4,294918,266590,266590,2584974,2584974,69.64084431901574,92.28632205165923
extension,case_068,3,224168,224168,224168,4401532,4401532,36.53598998486996,34.23897108994424
extension,case_043,3,343054,267112,267112,2381570,2381570,69.77278019860387,94.66949312202632
extension,case_068,2,243395,243395,243395,4401532,4401532,33.471691800281405,45.645982613787055
extension,case_078,2,1179848,1179848,1179848,11466240,11466240,5.046476382762194,6.250976674258709
extension,case_078,3,840459,840459,840459,12294144,12294144,5.499054316431284,6.674317115917802
extension,case_078,4,733614,621588,621588,14093136,14093136,5.445827757939696,6.598890459164977
extension,case_078,5,689105,635493,635493,14093136,14093136,5.074237776920199,6.740787588059902
extension,case_068,4,225518,225518,225518,4426108,4426108,37.054572846740484,35.249164594337344
extension,case_054,3,402111,402111,402111,6732340,6732340,119.07197281345725,118.15251414477825
extension,case_068,5,226325,226325,226325,4426684,4426684,35.9544337913394,36.19112736918032
extension,case_054,4,362394,362394,362394,11175330,11175330,131.66588502563536,129.62869748473167
extension,case_054,5,333071,333071,333071,11208098,11208098,134.70730680041015,133.89050757326186
extension,case_054,2,510200,510200,510200,6569360,6569360,125.37418917566538,148.11162653192878
extension,case_083,2,543456,543456,543456,25772480,25772480,24.147236116230488,30.455592716112733
extension,case_083,3,436908,436908,436908,19450976,19450976,23.372281102463603,31.140005825087428
extension,case_083,4,417384,417384,417384,19407232,19407232,24.509625621140003,29.10036260075867
extension,case_083,5,391729,391729,391729,19753696,19753696,23.636252557858825,28.832638116553426
extension,case_098,2,98402,93465,93465,98340,98340,6.513426499441266,7.614088732749224
extension,case_097,2,5247114,5247114,5247114,85295104,85295104,61.98592294193804,72.25007374584675
extension,case_098,3,79351,79351,79351,1479456,1479456,6.172797556966543,6.507772332057357
extension,case_098,4,79805,79805,79805,1479456,1479456,6.255652761086822,6.373864492401481
extension,case_098,5,73104,73104,73104,3282976,3282976,6.352729756385088,6.495770327746868
extension,case_097,3,3509566,3509566,3509566,85327872,85327872,65.97418924048543,84.71528662741184
extension,case_097,4,2705741,2622226,2622226,14221312,14221312,62.09045304916799,80.24094305746257
extension,case_097,5,2179047,2101905,2101905,22016000,22016000,68.66941472887993,95.00298871472478
extension,case_079,2,14956594,14956594,14956594,242368512,242368512,220.55309139750898,269.3219498526305
extension,case_079,4,7654780,7609995,7609995,31555584,31555584,211.83981361985207,259.0186868235469
extension,case_079,3,10110322,10106197,10106197,40280064,40280064,229.59898698702455,276.4455349743366
extension,case_079,5,6193893,6022007,6022007,50976768,50976768,234.21254402585328,290.0578165948391
