case,cores,arm,makespan,bytes,reference,speedup,slots,official_calls,cache_hits,solve_seconds,replay_seconds,replay_equal,base_makespan
1,2,legacy,116868,1152,233110,1.9946435294520313,12,7,5,0.8892968837171793,0.12637154199182987,True,116868
1,2,routed,116868,1152,233110,1.9946435294520313,12,7,5,0.8012208435684443,0.10301395319402218,True,116868
1,3,legacy,78545,2304,233110,2.9678528232223567,12,7,5,0.832388162612915,0.1513228602707386,True,78545
1,3,routed,78545,2304,233110,2.9678528232223567,12,7,5,0.8300681747496128,0.08158128894865513,True,78545
1,4,legacy,58984,3456,233110,3.952088702020887,12,7,5,1.3918943256139755,0.1498169880360365,True,58984
1,4,routed,58984,3456,233110,3.952088702020887,12,7,5,1.4277781080454588,0.08731923624873161,True,58984
1,5,legacy,47502,4608,233110,4.9073723211654245,12,7,5,0.7992338351905346,0.08913983590900898,True,47502
1,5,routed,47502,4608,233110,4.9073723211654245,12,7,5,0.8022588696330786,0.08351609855890274,True,47502
2,2,legacy,134224,216576,261945,1.951551138395518,12,10,2,4.2023613173514605,0.29438398219645023,True,134224
2,2,routed,134224,216576,261945,1.951551138395518,12,10,2,3.5982994846999645,0.27806913293898106,True,134224
2,3,legacy,91129,408576,261945,2.8744417254660974,12,10,2,5.0109544377774,0.26314122043550014,True,91129
2,3,routed,90565,423936,261945,2.892342516424667,12,10,2,7.482640400528908,0.499630244448781,True,90565
2,4,legacy,68574,377856,261945,3.8198880041998424,12,10,2,4.452635595574975,0.4508280884474516,True,68574
2,4,routed,68574,377856,261945,3.8198880041998424,12,10,2,7.322411630302668,0.2939971163868904,True,68574
2,5,legacy,56281,502272,261945,4.6542349993781205,12,10,2,6.506093375384808,0.2458993662148714,True,56281
2,5,routed,55189,514560,261945,4.746326260667887,12,10,2,4.938739184290171,0.4664306975901127,True,55189
3,2,legacy,361473,4782130,602212,1.665994417287045,12,12,0,120.84426433965564,8.703961413353682,True,361473
3,2,routed,341181,6564470,602212,1.7650807049630548,12,12,0,130.41053925082088,12.679826157167554,True,341181
3,3,legacy,281649,6837964,602212,2.138164878980575,12,12,0,147.44144045189023,7.551445854827762,True,281649
3,3,routed,274348,9497892,602212,2.1950661204018256,12,12,0,146.16106702014804,12.16167869977653,True,274348
3,4,legacy,217774,7333194,602212,2.765307153287353,12,12,0,114.25460669398308,6.73189958371222,True,217843
3,4,routed,217774,7333194,602212,2.765307153287353,12,12,0,118.34640407934785,8.395022694021463,True,217843
3,5,legacy,199233,7908308,602212,3.0226518699211478,12,12,0,117.16917413286865,7.566893719136715,True,199278
3,5,routed,199233,7908308,602212,3.0226518699211478,12,12,0,135.548722025007,6.673036474734545,True,199278
4,2,legacy,199074,110592,392357,1.9709103147573264,12,8,4,1.0514810644090176,0.10256567783653736,True,199074
4,2,routed,199074,110592,392357,1.9709103147573264,12,8,4,1.0212454069405794,0.09836078062653542,True,199074
4,3,legacy,134043,221184,392357,2.927098020784375,12,8,4,1.3802039474248886,0.16318481042981148,True,134043
4,3,routed,134043,221184,392357,2.927098020784375,12,8,4,1.709415040910244,0.1633753627538681,True,134043
4,4,legacy,104188,331776,392357,3.765855952700887,12,8,4,1.0459786914288998,0.09578703343868256,True,104188
4,4,routed,104188,331776,392357,3.765855952700887,12,8,4,1.5613982640206814,0.08668196387588978,True,104188
4,5,legacy,88341,442368,392357,4.441391879195391,12,8,4,1.0410657357424498,0.0873000267893076,True,88341
4,5,routed,88341,442368,392357,4.441391879195391,12,8,4,1.0299564860761166,0.08849696069955826,True,88341
5,2,legacy,63119,1388070,95618,1.5148845830890858,12,10,2,19.551536854356527,1.7601644359529018,True,63119
5,2,routed,61371,882310,95618,1.5580322953838133,12,10,2,13.06782347895205,0.7512707989662886,True,61371
5,3,legacy,56202,1757164,95618,1.7013273548984023,12,10,2,24.67568690702319,0.956139674410224,True,56202
5,3,routed,54267,1461452,95618,1.7619916339580224,12,10,2,14.345235861837864,1.44863654486835,True,54267
5,4,legacy,52945,1645328,95618,1.8059873453583908,12,10,2,24.761433647945523,1.6008211430162191,True,52945
5,4,routed,52462,1495922,95618,1.8226144638023711,12,10,2,15.90728940628469,0.8110784329473972,True,52572
5,5,legacy,50673,1688564,95618,1.8869614982337735,12,10,2,26.078471206128597,0.9187238607555628,True,50733
5,5,routed,55679,1859574,95618,1.717308141310009,12,10,2,22.413854030892253,1.3966683223843575,True,55941
6,2,legacy,40815,17280,82837,2.029572461104986,12,11,1,1.1737150102853775,0.14968227595090866,True,40815
6,2,routed,40815,17280,82837,2.029572461104986,12,11,1,1.1294559575617313,0.07377929612994194,True,40815
6,3,legacy,30449,118176,82837,2.7205162731124175,12,12,0,1.423496350646019,0.08597548864781857,True,30589
6,3,routed,30449,118176,82837,2.7205162731124175,12,12,0,1.4737554918974638,0.084138048812747,True,30589
6,4,legacy,26843,203696,82837,3.0859814476772343,12,12,0,1.579762203618884,0.08402897231280804,True,26843
6,4,routed,26843,203696,82837,3.0859814476772343,12,12,0,1.585293248295784,0.08698307909071445,True,26843
6,5,legacy,27216,219928,82837,3.0436875367430924,12,12,0,1.7446260806173086,0.08906614407896996,True,27216
6,5,routed,27216,219928,82837,3.0436875367430924,12,12,0,1.6880549639463425,0.07806431129574776,True,27216
7,2,legacy,507494,27648,1012562,1.9952196479170197,12,8,4,13.488700395449996,1.3398543447256088,True,507494
7,2,routed,507494,27648,1012562,1.9952196479170197,12,8,4,9.270476097241044,1.293864170089364,True,507494
7,3,legacy,338094,55296,1012562,2.994912657426633,12,8,4,11.617859371006489,0.7583647519350052,True,338094
7,3,routed,338094,55296,1012562,2.994912657426633,12,8,4,10.075640067458153,0.7540972791612148,True,338094
7,4,legacy,254398,82944,1012562,3.980227831979811,12,8,4,9.271716360002756,0.7245031595230103,True,254398
7,4,routed,254398,82944,1012562,3.980227831979811,12,8,4,10.548923406749964,0.67889853566885,True,254398
7,5,legacy,203834,110592,1012562,4.967581463347626,12,8,4,12.56161449290812,0.6685255877673626,True,203834
7,5,routed,203834,110592,1012562,4.967581463347626,12,8,4,13.020922003313899,1.1227389965206385,True,203834
8,2,legacy,244266,0,487605,1.9962049568912579,12,8,4,1.4463187959045172,0.1483494658023119,True,244266
8,2,routed,244266,0,487605,1.9962049568912579,12,8,4,1.4362718500196934,0.14100760407745838,True,244266
8,3,legacy,163359,0,487605,2.984867684057811,12,8,4,1.3889018800109625,0.14183087833225727,True,163359
8,3,routed,163359,0,487605,2.984867684057811,12,8,4,1.4018758609890938,0.13589020259678364,True,163359
8,4,legacy,123060,0,487605,3.962335446123842,12,8,4,1.9056609198451042,0.2375102285295725,True,123060
8,4,routed,123060,0,487605,3.962335446123842,12,8,4,1.391427805647254,0.13814165443181992,True,123060
8,5,legacy,100603,0,487605,4.846823653370178,12,8,4,2.3883008286356926,0.13957214914262295,True,100603
8,5,routed,100603,0,487605,4.846823653370178,12,8,4,1.5518996827304363,0.15113710798323154,True,100603
9,2,legacy,92042,0,153261,1.665120271180548,12,12,0,19.33243719674647,1.1257550939917564,True,92042
9,2,routed,90801,547342,153261,1.687877886807414,12,12,0,20.575222343206406,1.3447299171239138,True,90844
9,3,legacy,87234,764410,153261,1.7568952472659742,12,12,0,29.56527872942388,1.3827520329505205,True,87234
9,3,routed,72361,737384,153261,2.11800555547878,12,12,0,28.58407711982727,1.2985104583203793,True,72361
9,4,legacy,77482,273632,153261,1.978020701582303,12,12,0,24.55317435413599,1.246852895244956,True,77543
9,4,routed,62725,838982,153261,2.4433798326026306,12,12,0,27.823815744370222,1.3140565883368254,True,62725
9,5,legacy,65410,1009526,153261,2.343082097538603,12,12,0,47.49941601976752,1.500871442258358,True,65463
9,5,routed,56088,898504,153261,2.732509627727856,12,12,0,27.195883441716433,1.4256774969398975,True,56088
10,2,legacy,42106,311944,86969,2.0654776041419276,12,10,2,2.4139280430972576,0.1593672465533018,True,42106
10,2,routed,42106,311944,86969,2.0654776041419276,12,10,2,1.8177753686904907,0.16121795028448105,True,42106
10,3,legacy,30856,48384,86969,2.8185442053409386,12,12,0,1.411138016730547,0.06676455400884151,True,30856
10,3,routed,30856,48384,86969,2.8185442053409386,12,12,0,0.9786678217351437,0.06719707325100899,True,30856
10,4,legacy,26340,483232,86969,3.301784358390281,12,12,0,1.7385717816650867,0.08676910400390625,True,27450
10,4,routed,26340,483232,86969,3.301784358390281,12,12,0,1.8387508038431406,0.08288087882101536,True,27450
10,5,legacy,22006,562432,86969,3.9520585294919566,12,12,0,1.5345911588519812,0.08587423898279667,True,22006
10,5,routed,22006,562432,86969,3.9520585294919566,12,12,0,1.5256872866302729,0.08494958840310574,True,22006
11,2,legacy,92646,180224,184697,1.9935777043801135,12,10,2,1.0226570405066013,0.0881572887301445,True,92646
11,2,routed,92646,180224,184697,1.9935777043801135,12,10,2,1.0311762224882841,0.08907769434154034,True,92646
11,3,legacy,64180,1660928,184697,2.8777968214397007,12,10,2,2.4075745940208435,0.12577282637357712,True,64651
11,3,routed,64180,1660928,184697,2.8777968214397007,12,10,2,2.8705628234893084,0.22359887696802616,True,64651
11,4,legacy,46880,540672,184697,3.9397824232081913,12,9,3,1.1068644244223833,0.09271737560629845,True,46880
11,4,routed,46880,540672,184697,3.9397824232081913,12,9,3,1.0992579273879528,0.10006048902869225,True,46880
11,5,legacy,46194,2033664,184697,3.998289821188899,12,11,1,2.874536868184805,0.14002390019595623,True,46211
11,5,routed,46194,2033664,184697,3.998289821188899,12,11,1,2.761585084721446,0.1496121622622013,True,46211
12,2,legacy,25535,94960,59088,2.314000391619346,12,11,1,3.3742626514285803,0.13216568529605865,True,25733
12,2,routed,25535,94960,59088,2.314000391619346,12,11,1,3.506656087934971,0.24700086936354637,True,25733
12,3,legacy,18128,189892,59088,3.259488084730803,12,11,1,2.3040083833038807,0.16722003743052483,True,19120
12,3,routed,18128,189892,59088,3.259488084730803,12,11,1,2.3739836253225803,0.14796343073248863,True,19120
12,4,legacy,14948,39168,59088,3.952903398447953,12,11,1,2.221286676824093,0.12901878356933594,True,14948
12,4,routed,14948,39168,59088,3.952903398447953,12,11,1,2.2437748834490776,0.1300698220729828,True,14948
12,5,legacy,12519,25344,59088,4.719865803977953,12,11,1,2.3981753271073103,0.15896728076040745,True,12519
12,5,routed,12519,25344,59088,4.719865803977953,12,11,1,2.9796621575951576,0.23083417676389217,True,12519
13,2,legacy,132198,8192,263949,1.9966187083011846,12,8,4,4.846538042649627,0.5218123644590378,True,132198
13,2,routed,132198,8192,263949,1.9966187083011846,12,8,4,3.9920027684420347,0.36160461232066154,True,132198
13,3,legacy,88351,16384,263949,2.98750438591527,12,8,4,6.051512088626623,0.5960880350321531,True,88351
13,3,routed,88351,16384,263949,2.98750438591527,12,8,4,4.278659584000707,0.6097531281411648,True,88351
13,4,legacy,66982,24576,263949,3.9405959810098237,12,8,4,4.336645472794771,0.36729003861546516,True,66982
13,4,routed,66982,24576,263949,3.9405959810098237,12,8,4,5.509266523644328,0.6203669011592865,True,66982
13,5,legacy,54363,32768,263949,4.855305998565201,12,8,4,6.951929774135351,0.43755404464900494,True,54363
13,5,routed,54363,32768,263949,4.855305998565201,12,8,4,7.1810008473694324,0.6267359238117933,True,54363
14,2,legacy,8909568,69998520,17698626,1.9864740916731316,12,11,1,248.63603962026536,18.672752365469933,True,8909568
14,2,routed,8909568,69998520,17698626,1.9864740916731316,12,11,1,240.62914985977113,21.044581661000848,True,8909568
14,3,legacy,5951263,56526504,17698626,2.9739277192085107,12,10,2,297.08840062096715,19.819417463615537,True,5974992
14,3,routed,5951263,56526504,17698626,2.9739277192085107,12,10,2,308.36521725542843,18.455847427248955,True,5974992
14,4,legacy,4526637,59878296,17698626,3.9098840927602545,12,11,1,333.21044333279133,23.929509377107024,True,4526637
14,4,routed,4526637,59878296,17698626,3.9098840927602545,12,11,1,340.65449914336205,24.01798901706934,True,4526637
14,5,legacy,3663108,62443416,17698626,4.831587275068057,12,11,1,357.6480835881084,20.762803738936782,True,3675825
14,5,routed,3663108,62443416,17698626,4.831587275068057,12,11,1,356.84703449718654,21.24190599285066,True,3675825
15,2,legacy,87493,109824,177362,2.027156458230944,12,11,1,2.484753241762519,0.2266807109117508,True,87493
15,2,routed,87493,109824,177362,2.027156458230944,12,11,1,3.540037252008915,0.21555127017199993,True,87493
15,3,legacy,61018,298252,177362,2.906716051001344,12,10,2,2.1252268869429827,0.1292310319840908,True,61018
15,3,routed,61018,298252,177362,2.906716051001344,12,10,2,2.528594618663192,0.2218157909810543,True,61018
15,4,legacy,48866,365824,177362,3.6295583841525807,12,11,1,1.6966636758297682,0.12946927919983864,True,48866
15,4,routed,48866,365824,177362,3.6295583841525807,12,11,1,2.5244547221809626,0.14661142602562904,True,48866
15,5,legacy,42569,326144,177362,4.166459160421903,12,11,1,2.350183477625251,0.13453005626797676,True,42569
15,5,routed,42569,326144,177362,4.166459160421903,12,11,1,1.7720325645059347,0.12501750327646732,True,42569
16,2,legacy,4173199,10976,7715523,1.8488270029778116,12,10,2,151.06249346770346,19.62437581270933,True,4173199
16,2,routed,4027025,404200,7715523,1.9159362060081573,12,10,2,134.36108527705073,11.507913017645478,True,4027025
16,3,legacy,2965268,15244,7715523,2.6019648139729696,12,10,2,145.97562151961029,7.702011656016111,True,2965268
16,3,routed,2877849,341100,7715523,2.6810034160930614,12,10,2,142.27091455087066,9.549485681578517,True,2877849
16,4,legacy,2402049,17056,7715523,3.2120589546674525,12,10,2,149.30036811716855,9.281466180458665,True,2402049
16,4,routed,2244367,605676,7715523,3.4377278760559213,12,10,2,150.5180834531784,9.016300175338984,True,2244367
16,5,legacy,2239322,869268,7715523,3.445472781493684,12,10,2,178.15413444302976,10.987332817167044,True,2239322
16,5,routed,2088965,444880,7715523,3.6934668603830128,12,10,2,163.18700999207795,10.635376185178757,True,2088965
17,2,legacy,76658,87552,162810,2.1238487829058936,12,11,1,2.6931639052927494,0.1807239893823862,True,77533
17,2,routed,76658,87552,162810,2.1238487829058936,12,11,1,2.94672985188663,0.2955808937549591,True,77533
17,3,legacy,49850,175104,162810,3.2659979939819457,12,11,1,5.410886384546757,0.33077059872448444,True,52121
17,3,routed,49850,175104,162810,3.2659979939819457,12,11,1,3.975650267675519,0.312052670866251,True,52121
17,4,legacy,39668,259200,162810,4.104315821316931,12,11,1,5.690281068906188,0.31909338012337685,True,39668
17,4,routed,39668,259200,162810,4.104315821316931,12,11,1,4.458443455398083,0.18856287375092506,True,39668
17,5,legacy,33081,331776,162810,4.921556180284756,12,11,1,2.9453146439045668,0.2991608250886202,True,33081
17,5,routed,33081,331776,162810,4.921556180284756,12,11,1,2.4550455641001463,0.17627635411918163,True,33081
18,2,legacy,502491,2638848,1004367,1.998776097482343,12,11,1,5.910384263843298,0.49579787999391556,True,502491
18,2,routed,502491,2638848,1004367,1.998776097482343,12,11,1,5.752759750932455,0.4555237405002117,True,502491
18,3,legacy,337417,3971072,1004367,2.9766342537572203,12,11,1,6.464852217584848,0.4856574069708586,True,337417
18,3,routed,337417,3971072,1004367,2.9766342537572203,12,11,1,6.568252874538302,0.4964731838554144,True,337417
18,4,legacy,253676,4938752,1004367,3.9592511707847806,12,11,1,7.622670270502567,0.47847740910947323,True,253676
18,4,routed,253676,4938752,1004367,3.9592511707847806,12,11,1,10.621434466913342,0.48359555937349796,True,253676
18,5,legacy,205917,5320704,1004367,4.8775331808447095,12,11,1,9.045332802459598,0.49856675043702126,True,205917
18,5,routed,205917,5320704,1004367,4.8775331808447095,12,11,1,8.394452510401607,0.5413109119981527,True,205917
19,2,legacy,38506,354360,81144,2.1073079520074796,12,11,1,1.3551348876208067,0.08657865785062313,True,39030
19,2,routed,38506,354360,81144,2.1073079520074796,12,11,1,1.2308769561350346,0.07585281506180763,True,39030
19,3,legacy,27716,54336,81144,2.9276951941117044,12,11,1,0.7702953238040209,0.0599906537681818,True,27716
19,3,routed,27716,54336,81144,2.9276951941117044,12,11,1,0.7784620206803083,0.0558026023209095,True,27716
19,4,legacy,22276,762456,81144,3.6426647513018495,12,12,0,1.639200136065483,0.08242933452129364,True,22276
19,4,routed,22276,762456,81144,3.6426647513018495,12,12,0,1.602489860728383,0.07800193130970001,True,22276
19,5,legacy,18267,255068,81144,4.442108720643784,12,12,0,1.335330130532384,0.06416833400726318,True,18267
19,5,routed,18267,255068,81144,4.442108720643784,12,12,0,1.3613902516663074,0.06211669556796551,True,18267
20,2,legacy,266580,0,532746,1.9984469952734638,12,10,2,17.433042965829372,1.8319903668016195,True,266580
20,2,routed,266580,0,532746,1.9984469952734638,12,10,2,15.827647913247347,1.2792082522064447,True,266580
20,3,legacy,177950,0,532746,2.993796010115201,12,10,2,22.04653807543218,1.4942158367484808,True,177950
20,3,routed,177950,0,532746,2.993796010115201,12,10,2,19.56921610981226,0.996077036485076,True,177950
20,4,legacy,133704,0,532746,3.984518039849219,12,10,2,15.1506830137223,1.050857862457633,True,133704
20,4,routed,133704,0,532746,3.984518039849219,12,10,2,18.135817509144545,1.072351973503828,True,133704
20,5,legacy,107650,0,532746,4.948871342313051,12,10,2,21.088169613853097,1.1827520728111267,True,107650
20,5,routed,107650,0,532746,4.948871342313051,12,10,2,20.399849820882082,0.9906399566680193,True,107650
21,2,legacy,3174339,33017856,6567937,2.0690723328541782,12,10,2,13.10799496434629,1.1359816286712885,True,3174339
21,2,routed,3174339,33017856,6567937,2.0690723328541782,12,10,2,17.549928640946746,2.108552308753133,True,3174339
21,3,legacy,2090922,34854912,6567937,3.141167867572296,12,10,2,17.674571765586734,1.2515406254678965,True,2092372
21,3,routed,2090922,34854912,6567937,3.141167867572296,12,10,2,20.916126677766442,1.2728555463254452,True,2092372
21,4,legacy,1550324,4608000,6567937,4.236493145948847,12,9,3,11.451029354706407,1.0643090885132551,True,1550324
21,4,routed,1550324,4608000,6567937,4.236493145948847,12,9,3,12.603791268542409,0.8021106272935867,True,1550324
21,5,legacy,1250168,11431936,6567937,5.253643510312214,12,10,2,14.800319258123636,1.6722973473370075,True,1250168
21,5,routed,1250168,11431936,6567937,5.253643510312214,12,10,2,13.616997268050909,0.9875811841338873,True,1250168
22,2,legacy,27860,145236,56780,2.0380473797559224,12,10,2,2.6122778467833996,0.15851430036127567,True,27977
22,2,routed,27860,145236,56780,2.0380473797559224,12,10,2,2.282356411218643,0.16703221201896667,True,27977
22,3,legacy,18978,13824,56780,2.9918853409210664,12,11,1,2.018233770504594,0.16118383221328259,True,18978
22,3,routed,18978,13824,56780,2.9918853409210664,12,11,1,2.0354541409760714,0.14962446503341198,True,18978
22,4,legacy,14336,20736,56780,3.960658482142857,12,11,1,3.5503651052713394,0.2606469113379717,True,14336
22,4,routed,14336,20736,56780,3.960658482142857,12,11,1,2.7286410871893167,0.2727637439966202,True,14336
22,5,legacy,11479,20736,56780,4.9464239045213,12,11,1,2.5462051946669817,0.25056772492825985,True,11479
22,5,routed,11479,20736,56780,4.9464239045213,12,11,1,2.8881353344768286,0.2567571699619293,True,11479
23,2,legacy,60965,74016,122614,2.0112195522020833,12,11,1,1.8640303369611502,0.1167377233505249,True,60965
23,2,routed,60965,74016,122614,2.0112195522020833,12,11,1,1.908326480537653,0.13203594647347927,True,60965
23,3,legacy,40682,207264,122614,3.0139619487734133,12,11,1,1.7679908573627472,0.21472371742129326,True,40682
23,3,routed,40682,207264,122614,3.0139619487734133,12,11,1,1.5640900116413832,0.11459504812955856,True,40682
23,4,legacy,30516,281280,122614,4.018023332022546,12,11,1,2.531007308512926,0.11795362271368504,True,30516
23,4,routed,30516,281280,122614,4.018023332022546,12,11,1,2.0779190361499786,0.12355653382837772,True,30516
23,5,legacy,24940,280992,122614,4.91635926222935,12,10,2,1.4492853451520205,0.11940326727926731,True,24940
23,5,routed,24940,280992,122614,4.91635926222935,12,10,2,1.6536565627902746,0.1079200766980648,True,24940
24,2,legacy,1382326,3632,2555343,1.8485820276837737,12,10,2,29.686399072408676,2.1752815674990416,True,1382326
24,2,routed,1335245,396856,2555343,1.9137633917370969,12,10,2,29.12863260321319,2.258365049958229,True,1335245
24,3,legacy,982864,5044,2555343,2.5998947972456006,12,10,2,37.19522135332227,1.752135219052434,True,982864
24,3,routed,954537,332124,2555343,2.677049711011726,12,10,2,33.214934239163995,1.873114725574851,True,954537
24,4,legacy,797232,5632,2555343,3.205268980673129,12,10,2,30.570539567619562,2.376513009890914,True,797232
24,4,routed,748435,595068,2555343,3.4142483983245038,12,10,2,34.33845323510468,1.6046891678124666,True,748435
24,5,legacy,743500,628436,2555343,3.4369105581708137,12,10,2,34.88571562059224,1.5963407810777426,True,743500
24,5,routed,695849,432232,2555343,3.672266540585673,12,10,2,41.786805137991905,1.836679982021451,True,695849
25,2,legacy,2431840,27648,4863026,1.9997310678334101,12,8,4,117.08749362453818,12.747695663943887,True,2431840
25,2,routed,2431840,27648,4863026,1.9997310678334101,12,8,4,123.70801037177444,10.407364200800657,True,2431840
25,3,legacy,1622164,55296,4863026,2.9978633479722148,12,8,4,128.83498083427548,8.965149881318212,True,1622164
25,3,routed,1622164,55296,4863026,2.9978633479722148,12,8,4,116.9625962227583,8.301112044602633,True,1622164
25,4,legacy,1217444,82944,4863026,3.9944555971362954,12,8,4,128.418556638062,8.432712487876415,True,1217444
25,4,routed,1217444,82944,4863026,3.9944555971362954,12,8,4,119.90628047846258,9.528444612398744,True,1217444
25,5,legacy,975282,110592,4863026,4.986276789687495,12,8,4,131.13146799243987,9.294135535135865,True,975282
25,5,routed,975282,110592,4863026,4.986276789687495,12,8,4,128.7683751191944,7.29914266243577,True,975282
26,2,legacy,51429,21936,99203,1.9289311477959905,12,11,1,1.5663635805249214,0.12395094521343708,True,51429
26,2,routed,51429,21936,99203,1.9289311477959905,12,11,1,1.157791381701827,0.12303968891501427,True,51429
26,3,legacy,41688,95664,99203,2.379653617347918,12,12,0,1.7481625955551863,0.1308897752314806,True,41688
26,3,routed,41688,95664,99203,2.379653617347918,12,12,0,1.7757603786885738,0.12801500409841537,True,41688
26,4,legacy,42226,172128,99203,2.3493345332259743,12,12,0,0.878483708947897,0.05872683227062225,True,42226
26,4,routed,42226,172128,99203,2.3493345332259743,12,12,0,1.2629646472632885,0.05885971710085869,True,42226
26,5,legacy,38198,835212,99203,2.5970731451908478,12,12,0,1.948196653276682,0.08439256809651852,True,38842
26,5,routed,38198,835212,99203,2.5970731451908478,12,12,0,1.8659618645906448,0.0880505945533514,True,38842
27,2,legacy,1120962,1744896,2363952,2.10886006840553,12,11,1,3.2759926598519087,0.24433531612157822,True,1120962
27,2,routed,1120962,1744896,2363952,2.10886006840553,12,11,1,4.29897054284811,0.27527703531086445,True,1120962
27,3,legacy,744579,18481152,2363952,3.174884062000137,12,11,1,5.386551341041923,0.4055791608989239,True,744579
27,3,routed,744579,18481152,2363952,3.174884062000137,12,11,1,5.8683422319591045,0.42437308095395565,True,744579
27,4,legacy,559196,3317760,2363952,4.227412213249022,12,9,3,2.7923399340361357,0.2300898525863886,True,559196
27,4,routed,559196,3317760,2363952,4.227412213249022,12,9,3,2.8520091213285923,0.2402983196079731,True,559196
27,5,legacy,499622,21954560,2363952,4.731480999635725,12,10,2,11.894773870706558,0.6355853658169508,True,502641
27,5,routed,499622,21954560,2363952,4.731480999635725,12,10,2,11.511665808036923,0.530357463285327,True,502641
28,2,legacy,20517451,75738432,43836040,2.136524658935459,12,10,2,172.90247163921595,15.685040043666959,True,20517451
28,2,routed,20517451,75738432,43836040,2.136524658935459,12,10,2,177.16737578064203,12.208563985303044,True,20517451
28,3,legacy,13687852,44350128,43836040,3.202550699700727,12,10,2,178.12546986714005,10.6253272742033,True,13777051
28,3,routed,13687852,44350128,43836040,3.202550699700727,12,10,2,181.69247012771666,11.416004987433553,True,13777051
28,4,legacy,10347838,74883456,43836040,4.23625108935799,12,10,2,152.97907636873424,8.932549739256501,True,10347838
28,4,routed,10347838,74883456,43836040,4.23625108935799,12,10,2,167.6048848796636,8.737800253555179,True,10347838
28,5,legacy,8286707,73953792,43836040,5.2899227642536415,12,10,2,167.68739411979914,8.817518526688218,True,8379068
28,5,routed,8286707,73953792,43836040,5.2899227642536415,12,10,2,171.5969411507249,9.358781833201647,True,8379068
29,2,legacy,18880,16388,37555,1.9891419491525424,12,9,3,1.616896467283368,0.11463916674256325,True,18880
29,2,routed,18880,16388,37555,1.9891419491525424,12,9,3,1.4672999121248722,0.11968560516834259,True,18880
29,3,legacy,12743,0,37555,2.9471082162756024,12,9,3,1.8544141240417957,0.1640930026769638,True,12743
29,3,routed,12743,0,37555,2.9471082162756024,12,9,3,2.0750990621745586,0.1827138140797615,True,12743
29,4,legacy,10168,49164,37555,3.693450039339103,12,9,3,2.278022913262248,0.18929691426455975,True,10168
29,4,routed,10168,49164,37555,3.693450039339103,12,9,3,3.1605961676687,0.1820855513215065,True,10168
29,5,legacy,8787,65552,37555,4.273927392739274,12,9,3,3.0147773064672947,0.11005710437893867,True,8787
29,5,routed,8787,65552,37555,4.273927392739274,12,9,3,2.5054923836141825,0.11537712067365646,True,8787
30,2,legacy,1390496,1292288,2808034,2.019447736634985,12,11,1,48.910888493061066,2.590821124613285,True,1391843
30,2,routed,1390496,1292288,2808034,2.019447736634985,12,11,1,43.549711579456925,2.5975184850394726,True,1391843
30,3,legacy,933720,8985600,2808034,3.0073619500492654,12,11,1,45.189926359802485,2.8422608338296413,True,933720
30,3,routed,933720,8985600,2808034,3.0073619500492654,12,11,1,44.81077626720071,4.205976417288184,True,933720
30,4,legacy,697351,6002688,2808034,4.026715384361677,12,10,2,59.46577383950353,2.8798732981085777,True,697351
30,4,routed,697351,6002688,2808034,4.026715384361677,12,10,2,62.42756980098784,3.3475719783455133,True,697351
30,5,legacy,559882,7484416,2808034,5.015403245683912,12,11,1,65.7985993437469,2.7823599986732006,True,559882
30,5,routed,559882,7484416,2808034,5.015403245683912,12,11,1,58.41331568732858,3.7227297239005566,True,559882
31,2,legacy,712262,5250048,1414369,1.985742605951181,12,11,1,19.861244512721896,1.3322756793349981,True,712262
31,2,routed,712262,5250048,1414369,1.985742605951181,12,11,1,21.406058378517628,1.362250642850995,True,712262
31,3,legacy,473822,7544832,1414369,2.985021801435982,12,11,1,24.124943792819977,1.515809305012226,True,473822
31,3,routed,473822,7544832,1414369,2.985021801435982,12,11,1,21.49072015658021,1.9178056120872498,True,473822
31,4,legacy,360134,7808000,1414369,3.9273409342078227,12,11,1,24.959584375843406,1.4905371516942978,True,360134
31,4,routed,360134,7808000,1414369,3.9273409342078227,12,11,1,25.91477138735354,2.3235396277159452,True,360134
31,5,legacy,284848,7931904,1414369,4.965346430376902,12,11,1,25.184587048366666,1.413502775132656,True,284848
31,5,routed,284848,7931904,1414369,4.965346430376902,12,11,1,29.95732308551669,2.055211028084159,True,284848
32,2,legacy,17566,6216,41443,2.3592735967209384,12,11,1,1.3729429244995117,0.09275303222239017,True,17571
32,2,routed,17566,6216,41443,2.3592735967209384,12,11,1,1.4275628682225943,0.09305758215487003,True,17571
32,3,legacy,11910,12360,41443,3.47968094038623,12,11,1,1.4335353318601847,0.09142396040260792,True,11910
32,3,routed,11910,12360,41443,3.47968094038623,12,11,1,1.6781724318861961,0.17058630660176277,True,11910
32,4,legacy,10728,74980,41443,3.86306860551827,12,11,1,3.2679917868226767,0.18921100348234177,True,10756
32,4,routed,10728,74980,41443,3.86306860551827,12,11,1,3.3779252152889967,0.17212208546698093,True,10756
32,5,legacy,10414,12360,41443,3.9795467639715767,12,12,0,3.2428030483424664,0.16553505323827267,True,10414
32,5,routed,10414,12360,41443,3.9795467639715767,12,12,0,3.220997640863061,0.1652347631752491,True,10414
33,2,legacy,889132,6452256,1774196,1.995424751330511,12,11,1,13.000148152932525,1.1419750303030014,True,889132
33,2,routed,889132,6452256,1774196,1.995424751330511,12,11,1,9.457462383434176,0.729311503469944,True,889132
33,3,legacy,596821,7053888,1774196,2.9727439215443154,12,11,1,12.595191752538085,1.2614267524331808,True,596821
33,3,routed,596821,7053888,1774196,2.9727439215443154,12,11,1,14.108230074867606,0.8328664321452379,True,596821
33,4,legacy,443447,7214688,1774196,4.000920064855552,12,11,1,13.726439148187637,0.9834796544164419,True,443447
33,4,routed,443447,7214688,1774196,4.000920064855552,12,11,1,9.69254401139915,0.7128770742565393,True,443447
33,5,legacy,361176,7894656,1774196,4.912275455733493,12,11,1,12.57547746412456,0.7250147238373756,True,361176
33,5,routed,361176,7894656,1774196,4.912275455733493,12,11,1,9.684368589892983,0.6717758607119322,True,361176
34,2,legacy,415251,943616,842996,2.0300878263989732,12,11,1,13.85469344817102,0.6824076436460018,True,415251
34,2,routed,415251,943616,842996,2.0300878263989732,12,11,1,12.664906622841954,0.6434316653758287,True,415251
34,3,legacy,270947,2288640,842996,3.1112948288779725,12,11,1,13.618892190977931,0.7480910252779722,True,276862
34,3,routed,270947,2288640,842996,3.1112948288779725,12,11,1,11.876233721151948,1.2474879790097475,True,276862
34,4,legacy,206454,3059200,842996,4.083214662830461,12,11,1,16.164583303034306,0.8087657019495964,True,208285
34,4,routed,206454,3059200,842996,4.083214662830461,12,11,1,16.208561522886157,0.8154365569353104,True,208285
34,5,legacy,167389,3463168,842996,5.036149328808942,12,11,1,15.914419583976269,0.8247806616127491,True,169854
34,5,routed,167389,3463168,842996,5.036149328808942,12,11,1,17.22508342936635,1.3494098968803883,True,169854
35,2,legacy,95406,0,169571,1.7773620107750037,12,10,2,8.648452689871192,0.6451489757746458,True,95406
35,2,routed,93692,801138,169571,1.8098770439311787,12,10,2,9.533891638740897,0.8246866576373577,True,93692
35,3,legacy,95424,0,169571,1.77702674379611,12,12,0,9.27944360487163,0.8252261225134134,True,95424
35,3,routed,75717,1276568,169571,2.2395366958542997,12,12,0,14.638778246939182,1.0990653093904257,True,75717
35,4,legacy,84218,783102,169571,2.0134769289225583,12,12,0,25.010182747617364,0.920035345479846,True,84240
35,4,routed,63767,1505978,169571,2.6592281274013203,12,12,0,12.765881203114986,0.7414801605045795,True,63767
35,5,legacy,80984,344584,169571,2.093882742270078,12,12,0,16.845331072807312,1.0286671128123999,True,81497
35,5,routed,58308,1058710,169571,2.9081944158606023,12,12,0,16.19328235089779,0.732571616768837,True,58555
36,2,legacy,466068,1152,931510,1.998656848356892,12,7,5,5.031712252646685,0.9513882119208574,True,466068
36,2,routed,466068,1152,931510,1.998656848356892,12,7,5,5.270095154643059,0.5364687815308571,True,466068
36,3,legacy,311345,2304,931510,2.991890025534375,12,7,5,5.131848147138953,0.47523948177695274,True,311345
36,3,routed,311345,2304,931510,2.991890025534375,12,7,5,7.612269472330809,0.8464342057704926,True,311345
36,4,legacy,233584,3456,931510,3.987901568600589,12,7,5,6.466003583744168,0.5145861860364676,True,233584
36,4,routed,233584,3456,931510,3.987901568600589,12,7,5,5.386701423674822,0.4769875034689903,True,233584
36,5,legacy,187182,4608,931510,4.976493466252097,12,7,5,4.928298311308026,0.4592347387224436,True,187182
36,5,routed,187182,4608,931510,4.976493466252097,12,7,5,6.003936760127544,0.8173128888010979,True,187182
37,2,legacy,105374,204800,210001,1.992910964754114,12,9,3,1.146690208464861,0.11255748569965363,True,105374
37,2,routed,105374,204800,210001,1.992910964754114,12,9,3,1.0885092932730913,0.1013083066791296,True,105374
37,3,legacy,74038,573440,210001,2.836394824279424,12,9,3,1.435013247653842,0.10488069988787174,True,74038
37,3,routed,74038,573440,210001,2.836394824279424,12,9,3,2.1744963973760605,0.1880911234766245,True,74038
37,4,legacy,53320,614400,210001,3.938503375843961,12,8,4,1.1294935699552298,0.11847284995019436,True,53320
37,4,routed,53320,614400,210001,3.938503375843961,12,8,4,1.1374876406043768,0.1143422294408083,True,53320
37,5,legacy,43013,942080,210001,4.882268151489085,12,9,3,1.7708387076854706,0.20913605764508247,True,43013
37,5,routed,43013,942080,210001,4.882268151489085,12,9,3,1.6496806908398867,0.11468571983277798,True,43013
38,2,legacy,674500,6790656,1364555,2.0230615270570795,12,11,1,21.19720739684999,2.187788149341941,True,674500
38,2,routed,674500,6790656,1364555,2.0230615270570795,12,11,1,23.073261538520455,2.498515071347356,True,674500
38,3,legacy,449590,8107008,1364555,3.035109766676305,12,11,1,27.169926930218935,2.231652485206723,True,449590
38,3,routed,449590,8107008,1364555,3.035109766676305,12,11,1,28.659884406253695,1.817093687132001,True,449590
38,4,legacy,338182,8954880,1364555,4.034972293025649,12,11,1,21.02737465314567,1.643442414700985,True,338182
38,4,routed,338182,8954880,1364555,4.034972293025649,12,11,1,25.018268881365657,1.6288058888167143,True,338182
38,5,legacy,275278,9592320,1364555,4.957007098278831,12,11,1,28.714615765959024,2.463379519060254,True,275278
38,5,routed,275278,9592320,1364555,4.957007098278831,12,11,1,23.448610220104456,1.7397032734006643,True,275278
39,2,legacy,708430,9166848,1435262,2.025975749191875,12,10,2,23.25145808979869,2.0650763045996428,True,708430
39,2,routed,708430,9166848,1435262,2.025975749191875,12,10,2,18.94148471020162,1.4499810244888067,True,708430
39,3,legacy,478013,11911168,1435262,3.002558507823009,12,10,2,22.051029345020652,1.946866076439619,True,478013
39,3,routed,478013,11911168,1435262,3.002558507823009,12,10,2,19.879101837053895,1.4220073502510786,True,478013
39,4,legacy,368961,14536704,1435262,3.8900100552632932,12,9,3,21.348629714921117,1.5976369269192219,True,368961
39,4,routed,368961,14536704,1435262,3.8900100552632932,12,9,3,25.569223131984472,1.5115158278495073,True,368961
39,5,legacy,338925,14536704,1435262,4.23474810061223,12,9,3,18.657406251877546,1.329234268516302,True,347811
39,5,routed,338925,14536704,1435262,4.23474810061223,12,9,3,20.948254488408566,1.3082034457474947,True,347811
40,2,legacy,137651,53760,253454,1.8412797582291447,12,11,1,7.5279689859598875,0.4024868458509445,True,137651
40,2,routed,134642,1227916,253454,1.882428959759956,12,11,1,7.565967295318842,0.5923877283930779,True,134642
40,3,legacy,109288,0,253454,2.3191384232486643,12,12,0,7.69650025293231,0.49367912858724594,True,109288
40,3,routed,105492,1985768,253454,2.402589769840367,12,12,0,9.71565550006926,0.6486182305961847,True,105492
40,4,legacy,99262,2192792,253454,2.5533839737260986,12,12,0,14.25732335448265,0.663462620228529,True,99447
40,4,routed,89539,1836692,253454,2.8306547984677066,12,12,0,11.563886560499668,0.5976500157266855,True,89539
40,5,legacy,99996,1843902,253454,2.5346413856554264,12,12,0,16.818355187773705,1.0262830276042223,True,99996
40,5,routed,78938,1915296,253454,3.2107983480706377,12,12,0,13.679313339293003,0.683803940191865,True,78938
41,2,legacy,2990398,33669120,6003957,2.0077451228899967,12,11,1,103.81260002404451,7.466047709807754,True,2990398
41,2,routed,2990398,33669120,6003957,2.0077451228899967,12,11,1,110.55892491899431,9.767262184992433,True,2990398
41,3,legacy,1991911,34851840,6003957,3.0141693077652567,12,11,1,100.59312875755131,6.618893148377538,True,1991911
41,3,routed,1991911,34851840,6003957,3.0141693077652567,12,11,1,96.72822814621031,6.871608586981893,True,1991911
41,4,legacy,1490603,39164928,6003957,4.027871270888358,12,10,2,92.91651910357177,8.154784299433231,True,1490603
41,4,routed,1490603,39164928,6003957,4.027871270888358,12,10,2,98.71552172861993,6.825174247846007,True,1490603
41,5,legacy,1196379,40630272,6003957,5.018440644645217,12,11,1,102.26232125610113,9.238480815663934,True,1196379
41,5,routed,1196379,40630272,6003957,5.018440644645217,12,11,1,99.62558392807841,9.391908090561628,True,1196379
42,2,legacy,840111,7262496,1686740,2.007758498579354,12,11,1,15.764738623052835,1.5429197270423174,True,840111
42,2,routed,840111,7262496,1686740,2.007758498579354,12,11,1,14.79783877916634,1.2610638923943043,True,840111
42,3,legacy,570685,8474176,1686740,2.9556410278875385,12,11,1,22.5340613424778,1.8799798637628555,True,570685
42,3,routed,570685,8474176,1686740,2.9556410278875385,12,11,1,22.80752708017826,1.7110331039875746,True,570685
42,4,legacy,430510,8605536,1686740,3.918004227544076,12,11,1,18.269594503566623,1.6314095687121153,True,430510
42,4,routed,430510,8605536,1686740,3.918004227544076,12,11,1,17.849402975291014,1.1437559872865677,True,430510
42,5,legacy,350713,9936736,1686740,4.809459586613555,12,11,1,20.90215685404837,1.0719363633543253,True,350713
42,5,routed,350713,9936736,1686740,4.809459586613555,12,11,1,19.74243078380823,1.6913482677191496,True,350713
43,2,legacy,352811,506880,677656,1.9207337639699442,12,11,1,34.47874100506306,2.4181670639663935,True,352811
43,2,routed,349881,3210754,677656,1.9368185182962208,12,11,1,43.68323393538594,5.028371121734381,True,349911
43,3,legacy,266051,184320,677656,2.5470905954121577,12,12,0,42.56051900051534,2.822545887902379,True,266051
43,3,routed,250900,4852554,677656,2.700900757273814,12,12,0,60.36974147707224,3.4329574052244425,True,251335
43,4,legacy,264529,599040,677656,2.5617455931107744,12,12,0,46.228656746447086,2.0055171474814415,True,264529
43,4,routed,207895,5894554,677656,3.2596070131556796,12,12,0,54.01761256530881,3.7308319434523582,True,208612
43,5,legacy,245625,4205960,677656,2.7589048346055978,12,12,0,50.673820024356246,2.494594132527709,True,247182
43,5,routed,199041,6609206,677656,3.404605081365146,12,12,0,65.89598337933421,4.880623620003462,True,199496
44,2,legacy,54510,886880,154407,2.8326362135388004,12,11,1,3.015900570899248,0.23796061612665653,True,55201
44,2,routed,54510,886880,154407,2.8326362135388004,12,11,1,3.056321308016777,0.23325804434716702,True,55201
44,3,legacy,44484,891584,154407,3.47106824925816,12,11,1,3.093325302004814,0.21435713581740856,True,44484
44,3,routed,44484,891584,154407,3.47106824925816,12,11,1,3.1845171246677637,0.1973213255405426,True,44484
44,4,legacy,49989,1389344,154407,3.0888195402988656,12,11,1,3.265064099803567,0.1979047805070877,True,50546
44,4,routed,49989,1389344,154407,3.0888195402988656,12,11,1,4.535769458860159,0.1918179653584957,True,50546
44,5,legacy,43028,655488,154407,3.588523751975458,12,11,1,4.7526245433837175,0.3222396932542324,True,43028
44,5,routed,43028,655488,154407,3.588523751975458,12,11,1,4.112948354333639,0.1778274029493332,True,43028
45,2,legacy,63059,0,125614,1.99200748505368,12,10,2,2.72609188221395,0.16319074854254723,True,63059
45,2,routed,63059,0,125614,1.99200748505368,12,10,2,2.557723306119442,0.15864291973412037,True,63059
45,3,legacy,42601,0,125614,2.94861622966597,12,10,2,3.3877763990312815,0.16101432777941227,True,42601
45,3,routed,42601,0,125614,2.94861622966597,12,10,2,3.2118928600102663,0.2699814382940531,True,42601
45,4,legacy,31878,0,125614,3.940460505677897,12,10,2,1.9853377733379602,0.1404576525092125,True,31878
45,4,routed,31878,0,125614,3.940460505677897,12,10,2,1.999247144907713,0.1590833943337202,True,31878
45,5,legacy,26164,0,125614,4.801024308209754,12,10,2,2.255115032196045,0.27453876100480556,True,26164
45,5,routed,26164,0,125614,4.801024308209754,12,10,2,2.118388194590807,0.15331956371665,True,26164
46,2,legacy,112410,942688,276455,2.4593452539809624,12,10,2,1.7214331682771444,0.12883931398391724,True,112410
46,2,routed,112410,942688,276455,2.4593452539809624,12,10,2,1.7041423451155424,0.1260833591222763,True,112410
46,3,legacy,96500,2958528,276455,2.864818652849741,12,10,2,3.1001192294061184,0.29182196967303753,True,97157
46,3,routed,96500,2958528,276455,2.864818652849741,12,10,2,3.223614512011409,0.1745941825211048,True,97157
46,4,legacy,71871,2098976,276455,3.8465445033462733,12,10,2,2.936188507825136,0.13400108739733696,True,71871
46,4,routed,71871,2098976,276455,3.8465445033462733,12,10,2,3.354000186547637,0.24075082875788212,True,71871
46,5,legacy,77698,2660736,276455,3.558070992818348,12,10,2,2.746395645663142,0.27028148993849754,True,77698
46,5,routed,77698,2660736,276455,3.558070992818348,12,10,2,2.722705414518714,0.17422843538224697,True,77698
47,2,legacy,203341,2085126,326508,1.6057165057710938,12,10,2,110.93999856337905,10.892529129981995,True,203341
47,2,routed,197413,1264006,326508,1.6539336315237598,12,10,2,74.00834806449711,5.157439332455397,True,197609
47,3,legacy,168824,2790924,326508,1.934014121214993,12,10,2,122.64207185432315,8.132212093099952,True,168824
47,3,routed,156690,1857324,326508,2.0837832663220373,12,10,2,82.35234816372395,7.186687432229519,True,157138
47,4,legacy,151740,2427408,326508,2.1517595887702647,12,10,2,135.19041999801993,7.972078626975417,True,151740
47,4,routed,143256,2256146,326508,2.279192494555202,12,10,2,91.93114669620991,7.3583319913595915,True,143436
47,5,legacy,146653,2600884,326508,2.226398368938924,12,10,2,151.4931591823697,5.61388617567718,True,146685
47,5,routed,135565,2575320,326508,2.4084977685980893,12,10,2,89.40641037933528,4.889480667188764,True,135565
48,2,legacy,158327,621254,222220,1.4035508788772604,12,10,2,3.857800057157874,0.43971372582018375,True,158327
48,2,routed,150049,467846,222220,1.4809828789262174,12,10,2,3.8887487929314375,0.2833474073559046,True,150049
48,3,legacy,150551,511402,222220,1.4760446626060273,12,10,2,8.162787280976772,0.3340415954589844,True,150551
48,3,routed,114626,1177612,222220,1.9386526616997888,12,10,2,7.9570827186107635,0.36699078045785427,True,114626
48,4,legacy,156242,760808,222220,1.4222808207780238,12,10,2,4.814199427142739,0.5327065922319889,True,156242
48,4,routed,114384,1270930,222220,1.9427542313610295,12,10,2,7.3743528965860605,0.43775663524866104,True,114384
48,5,legacy,147369,506738,222220,1.5079155046176604,12,10,2,13.197907647117972,0.5356329586356878,True,147369
48,5,routed,101641,1273560,222220,2.1863224486181756,12,10,2,9.700651301071048,0.3495785593986511,True,101731
49,2,legacy,124747,1778434,196276,1.5733925465141447,12,12,0,21.138506343588233,1.1503508649766445,True,124747
49,2,routed,126174,1027062,196276,1.5555978252254823,12,12,0,20.804658574983478,1.54050481505692,True,126174
49,3,legacy,83711,2408560,196276,2.344685883575635,12,12,0,22.502570997923613,1.8669318407773972,True,83711
49,3,routed,83711,2408560,196276,2.344685883575635,12,12,0,23.28120700828731,1.1659943871200085,True,83711
49,4,legacy,75814,2607184,196276,2.5889149761257815,12,12,0,23.098923057317734,1.0782830622047186,True,75861
49,4,routed,75814,2607184,196276,2.5889149761257815,12,12,0,23.53752002120018,1.915339833125472,True,75861
49,5,legacy,76846,2907980,196276,2.554147255550061,12,12,0,24.604072419926524,1.9200996160507202,True,76923
49,5,routed,76846,2907980,196276,2.554147255550061,12,12,0,30.73958946764469,1.3854898661375046,True,76923
50,2,legacy,96256,1390498,149690,1.5551238364361701,12,12,0,24.4610015116632,1.220038004219532,True,96256
50,2,routed,87435,1022694,149690,1.712014639446446,12,12,0,18.64306530356407,1.077558970078826,True,87435
50,3,legacy,60421,1831624,149690,2.477449893249036,12,12,0,21.175910837948322,1.7970406040549278,True,60480
50,3,routed,60421,1831624,149690,2.477449893249036,12,12,0,19.977886959910393,1.293681686744094,True,60480
50,4,legacy,57912,2053712,149690,2.584783809918497,12,12,0,21.245974639430642,1.179746488109231,True,58032
50,4,routed,57912,2053712,149690,2.584783809918497,12,12,0,18.834194416180253,1.570941336452961,True,58032
50,5,legacy,57909,2121814,149690,2.5849177157263985,12,12,0,24.739561542868614,1.2822280917316675,True,57967
50,5,routed,57017,1337182,149690,2.625357349562411,12,12,0,20.997616734355688,1.5268461965024471,True,57017
51,2,legacy,328931,860,607628,1.8472810407045854,12,10,2,3.015120178461075,0.21231740526854992,True,328931
51,2,routed,319230,394084,607628,1.903417598596623,12,10,2,3.0031718127429485,0.20281758345663548,True,319230
51,3,legacy,234841,1192,607628,2.5874016888022107,12,10,2,3.4732524305582047,0.22335675917565823,True,234841
51,3,routed,228581,328736,607628,2.658261185312865,12,10,2,3.4925929587334394,0.21223699860274792,True,228581
51,4,legacy,191486,1316,607628,3.1732241521573377,12,10,2,4.9772032126784325,0.2225430477410555,True,191486
51,4,routed,183794,591064,607628,3.306027400241575,12,10,2,5.26904316060245,0.3925939481705427,True,183794
51,5,legacy,178875,427388,607628,3.396941998602376,12,10,2,4.802759639918804,0.24237756803631783,True,178875
51,5,routed,170016,427456,607628,3.5739459815546772,12,10,2,6.761152017861605,0.23717398382723331,True,170016
52,2,legacy,90903,102912,180301,1.9834438907406797,12,11,1,2.1475172489881516,0.14765659533441067,True,90903
52,2,routed,90903,102912,180301,1.9834438907406797,12,11,1,2.850496107712388,0.13769416697323322,True,90903
52,3,legacy,60160,181248,180301,2.99702460106383,12,11,1,2.561509659513831,0.13503009267151356,True,60160
52,3,routed,60160,181248,180301,2.99702460106383,12,11,1,1.8854741174727678,0.13420407846570015,True,60160
52,4,legacy,45777,254976,180301,3.9386809970072307,12,11,1,1.9857477154582739,0.1408216394484043,True,45777
52,4,routed,45777,254976,180301,3.9386809970072307,12,11,1,1.8221921529620886,0.14564261212944984,True,45777
52,5,legacy,37846,333312,180301,4.76407017914707,12,11,1,1.9459167569875717,0.15068241395056248,True,37846
52,5,routed,37846,333312,180301,4.76407017914707,12,11,1,1.948380783200264,0.14264036156237125,True,37846
53,2,legacy,745746,3715178,1472686,1.974782298530599,12,10,2,51.530286483466625,3.435738544911146,True,745746
53,2,routed,723016,4631434,1472686,2.036865020967724,12,10,2,51.672604851424694,5.019455943256617,True,723446
53,3,legacy,514841,5796928,1472686,2.8604676006767136,12,11,1,49.54792913235724,4.02437686547637,True,514841
53,3,routed,495435,6090084,1472686,2.972511025664315,12,11,1,57.28678007796407,5.004845650866628,True,497062
53,4,legacy,470901,13048742,1472686,3.127379215588839,12,12,0,112.67059980891645,4.7643432673066854,True,470901
53,4,routed,394500,8679750,1472686,3.733044359949303,12,12,0,75.61615109443665,5.250353403389454,True,396378
53,5,legacy,374284,11409976,1472686,3.9346752733218624,12,12,0,72.80296111106873,3.7911482471972704,True,374523
53,5,routed,357068,9823040,1472686,4.124385271152834,12,12,0,75.13877240382135,4.042928036302328,True,357068
54,2,legacy,486546,2613134,815051,1.6751776810414638,12,12,0,101.68846136704087,8.242516094818711,True,487136
54,2,routed,465795,2620302,815051,1.7498062452366385,12,12,0,102.54713888093829,8.456514542922378,True,465795
54,3,legacy,365486,7450708,815051,2.2300471153477837,12,12,0,157.8958182465285,8.000955946743488,True,365486
54,3,routed,359793,4112418,815051,2.2653331221007633,12,12,0,135.03024129383266,7.962954727932811,True,363470
54,4,legacy,274779,7279264,815051,2.9662055688389577,12,12,0,110.19852990657091,8.930454155430198,True,274823
54,4,routed,274779,7279264,815051,2.9662055688389577,12,12,0,144.20233589038253,11.186006465926766,True,274823
54,5,legacy,257061,8197794,815051,3.1706521020302576,12,12,0,124.10941446386278,10.199342327192426,True,257061
54,5,routed,257061,8197794,815051,3.1706521020302576,12,12,0,131.47068166546524,7.306111361831427,True,257061
55,2,legacy,52737,16384,118835,2.253351536871646,12,11,1,2.0296039562672377,0.13340851105749607,True,53535
55,2,routed,52737,16384,118835,2.253351536871646,12,11,1,1.978497739881277,0.13120302371680737,True,53535
55,3,legacy,35943,74240,118835,3.30620705005147,12,11,1,2.178831499069929,0.1388948056846857,True,36456
55,3,routed,35943,74240,118835,3.30620705005147,12,11,1,2.1469894517213106,0.13119244948029518,True,36456
55,4,legacy,31281,115712,118835,3.7989514401713502,12,11,1,3.4534392431378365,0.248286634683609,True,31310
55,4,routed,31281,115712,118835,3.7989514401713502,12,11,1,3.448224637657404,0.1414642333984375,True,31310
55,5,legacy,24831,173568,118835,4.785751681366034,12,11,1,2.205469189211726,0.2598069906234741,True,24831
55,5,routed,24831,173568,118835,4.785751681366034,12,11,1,2.106119576841593,0.1637725792825222,True,24831
56,2,legacy,178509,2196538,277285,1.553339047330947,12,12,0,51.33047398366034,3.975440775975585,True,178509
56,2,routed,172836,3326338,277285,1.6043243305792774,12,12,0,50.30090399645269,3.24578395858407,True,172836
56,3,legacy,122295,3278908,277285,2.2673453534486283,12,12,0,41.68623851798475,2.59717277251184,True,122295
56,3,routed,122295,3278908,277285,2.2673453534486283,12,12,0,45.048774641007185,3.0803462602198124,True,122295
56,4,legacy,115731,3685886,277285,2.3959440426506293,12,12,0,46.797375936061144,2.478811612352729,True,115855
56,4,routed,115731,3685886,277285,2.3959440426506293,12,12,0,50.17125823535025,3.4206962641328573,True,115855
56,5,legacy,117134,4124830,277285,2.3672460600679566,12,12,0,47.1865313667804,2.609647147357464,True,117301
56,5,routed,117134,4124830,277285,2.3672460600679566,12,12,0,60.2764775659889,3.590048363432288,True,117301
57,2,legacy,29703,22304,59726,2.0107733225600106,12,11,1,1.3286284729838371,0.09423260763287544,True,29703
57,2,routed,29703,22304,59726,2.0107733225600106,12,11,1,1.290641287341714,0.0924303438514471,True,29703
57,3,legacy,20565,14112,59726,2.9042548018477996,12,11,1,1.2749147173017263,0.09855800867080688,True,20565
57,3,routed,20565,14112,59726,2.9042548018477996,12,11,1,1.2529961485415697,0.09472006186842918,True,20565
57,4,legacy,16345,28224,59726,3.654083817681248,12,11,1,2.008084788918495,0.09165503643453121,True,16345
57,4,routed,16345,28224,59726,3.654083817681248,12,11,1,2.05015947856009,0.09794452786445618,True,16345
57,5,legacy,14028,14400,59726,4.257627601938979,12,12,0,2.322356691583991,0.1596913579851389,True,14028
57,5,routed,14028,14400,59726,4.257627601938979,12,12,0,2.033159375190735,0.09273415990173817,True,14028
58,2,legacy,2266495,29548544,4539717,2.0029680189014316,12,10,2,118.68157065287232,10.493994101881981,True,2266495
58,2,routed,2266495,29548544,4539717,2.0029680189014316,12,10,2,102.20638934336603,8.796505307778716,True,2266495
58,3,legacy,1538252,30400512,4539717,2.9512180058924025,12,10,2,100.54466334544122,8.017884466797113,True,1538252
58,3,routed,1538252,30400512,4539717,2.9512180058924025,12,10,2,106.913654319942,8.177364038303494,True,1538252
58,4,legacy,1141935,31551488,4539717,3.975460074347489,12,10,2,115.30879266560078,8.257030019536614,True,1141935
58,4,routed,1141935,31551488,4539717,3.975460074347489,12,10,2,125.09227205067873,8.700348118320107,True,1141935
58,5,legacy,1000800,32104448,4539717,4.536088129496403,12,10,2,101.66951018944383,6.582209266722202,True,1000800
58,5,routed,1000800,32104448,4539717,4.536088129496403,12,10,2,93.10395986400545,7.482429031282663,True,1000800
59,2,legacy,369318,360448,829473,2.2459587672412393,12,10,2,5.698027033358812,0.4408218637108803,True,369318
59,2,routed,369318,360448,829473,2.2459587672412393,12,10,2,5.614117639139295,0.43261382170021534,True,369318
59,3,legacy,254073,1171456,829473,3.2647034513702753,12,11,1,8.217060403898358,0.49818951450288296,True,254073
59,3,routed,254073,1171456,829473,3.2647034513702753,12,11,1,9.202651860192418,0.43639098294079304,True,254073
59,4,legacy,185216,1081344,829473,4.478408992743607,12,10,2,7.742758348584175,0.7482420802116394,True,185216
59,4,routed,185216,1081344,829473,4.478408992743607,12,10,2,8.908765887841582,0.5924916584044695,True,185216
59,5,legacy,150782,2072576,829473,5.501140719714555,12,10,2,13.733343973755836,0.8255596663802862,True,150782
59,5,routed,150782,2072576,829473,5.501140719714555,12,10,2,10.903351252898574,0.7781289834529161,True,150782
60,2,legacy,441525,2746508,888789,2.012998131476134,12,11,1,20.76483747176826,1.2609522882848978,True,441525
60,2,routed,441525,2746508,888789,2.012998131476134,12,11,1,18.815868493169546,2.2099274173378944,True,441525
60,3,legacy,295983,3159296,888789,3.0028380008311286,12,11,1,20.1496008541435,1.9099145792424679,True,295983
60,3,routed,295983,3159296,888789,3.0028380008311286,12,11,1,22.01214873045683,1.9906946793198586,True,295983
60,4,legacy,223107,3960200,888789,3.9836894404926784,12,11,1,18.97545608691871,1.2095000948756933,True,223107
60,4,routed,223107,3960200,888789,3.9836894404926784,12,11,1,15.741128167137504,1.6490778401494026,True,223107
60,5,legacy,180081,3733888,888789,4.935495693604545,12,11,1,15.586908183991909,1.1829414516687393,True,180081
60,5,routed,180081,3733888,888789,4.935495693604545,12,11,1,15.975369511172175,1.177624812349677,True,180081
61,2,legacy,39298,34560,77191,1.9642475444042953,12,10,2,2.8521652165800333,0.23330044001340866,True,39298
61,2,routed,39298,34560,77191,1.9642475444042953,12,10,2,2.84536343626678,0.2400483824312687,True,39298
61,3,legacy,28342,43008,77191,2.723555147837132,12,10,2,1.8963476922363043,0.13212771341204643,True,28342
61,3,routed,28342,43008,77191,2.723555147837132,12,10,2,2.3687691912055016,0.1408699955791235,True,28342
61,4,legacy,23892,62208,77191,3.230830403482337,12,11,1,2.61566149443388,0.25755615904927254,True,23892
61,4,routed,23892,62208,77191,3.230830403482337,12,11,1,4.563530595973134,0.26152265444397926,True,23892
61,5,legacy,18840,110592,77191,4.097186836518047,12,12,0,2.9807155523449183,0.1480237878859043,True,19384
61,5,routed,18840,110592,77191,4.097186836518047,12,12,0,3.47883041203022,0.25663358345627785,True,19384
62,2,legacy,1431735,2347008,2854809,1.993950696183302,12,10,2,117.08581104502082,7.493860581889749,True,1438169
62,2,routed,1431735,2347008,2854809,1.993950696183302,12,10,2,120.04965236783028,6.807883543893695,True,1438169
62,3,legacy,958567,2268672,2854809,2.9782049663716776,12,10,2,119.86751142702997,8.386562606319785,True,958886
62,3,routed,958567,2268672,2854809,2.9782049663716776,12,10,2,113.02676346339285,6.036607028916478,True,958886
62,4,legacy,722454,2603520,2854809,3.951544319776761,12,10,2,112.10099038481712,6.66311220638454,True,722454
62,4,routed,722454,2603520,2854809,3.951544319776761,12,10,2,115.77781660109758,6.256022008135915,True,722454
62,5,legacy,579973,2746368,2854809,4.92231362494461,12,10,2,120.81074818782508,6.1822106577456,True,579973
62,5,routed,579973,2746368,2854809,4.92231362494461,12,10,2,120.53028094768524,8.00304139405489,True,579973
63,2,legacy,536070,1049088,1070397,1.9967485589568525,12,10,2,31.133401334285736,2.8007615450769663,True,536070
63,2,routed,536070,1049088,1070397,1.9967485589568525,12,10,2,36.34743285737932,3.058929156512022,True,536070
63,3,legacy,358763,1262592,1070397,2.9835769017429334,12,10,2,39.70653880760074,1.8759836163371801,True,358763
63,3,routed,358763,1262592,1070397,2.9835769017429334,12,10,2,27.169222367927432,2.949794104322791,True,358763
63,4,legacy,270138,1420800,1070397,3.962408102525376,12,10,2,32.75957970879972,1.692345393821597,True,270138
63,4,routed,270138,1420800,1070397,3.962408102525376,12,10,2,34.174472875893116,1.958830066025257,True,270138
63,5,legacy,218917,1539072,1070397,4.8895106364512575,12,10,2,39.325814781710505,2.745104845613241,True,218917
63,5,routed,218917,1539072,1070397,4.8895106364512575,12,10,2,32.70919984206557,1.9821550827473402,True,218917
64,2,legacy,14130,47620,19116,1.3528662420382165,12,10,2,3.5867622550576925,0.20582646690309048,True,14130
64,2,routed,14726,75590,19116,1.2981121825342932,12,10,2,1.6120611000806093,0.11866238340735435,True,14800
64,3,legacy,13074,41446,19116,1.4621385956860946,12,10,2,2.930363532155752,0.20263275876641273,True,13074
64,3,routed,13455,66186,19116,1.4207357859531773,12,10,2,3.0005087200552225,0.18272972851991653,True,13455
64,4,legacy,13083,41480,19116,1.461132767713827,12,10,2,2.7072656843811274,0.11064562574028969,True,13083
64,4,routed,10160,130956,19116,1.881496062992126,12,10,2,5.3481895588338375,0.22443837672472,True,10195
64,5,legacy,13092,41514,19116,1.46012832263978,12,10,2,2.020158877596259,0.12297582812607288,True,13092
64,5,routed,11391,159314,19116,1.6781669739267844,12,10,2,3.28034552000463,0.11912027560174465,True,11423
65,2,legacy,25517,13968,53068,2.0797115648391267,12,11,1,1.258891450241208,0.08447445370256901,True,25552
65,2,routed,25517,13968,53068,2.0797115648391267,12,11,1,2.0937529988586903,0.13815812766551971,True,25552
65,3,legacy,17964,27936,53068,2.9541304831885995,12,11,1,1.8724340964108706,0.16032418236136436,True,17964
65,3,routed,17964,27936,53068,2.9541304831885995,12,11,1,1.527837086468935,0.14335942640900612,True,17964
65,4,legacy,13800,41904,53068,3.8455072463768114,12,11,1,1.9341916684061289,0.14756430126726627,True,13800
65,4,routed,13800,41904,53068,3.8455072463768114,12,11,1,1.9549757447093725,0.15223869867622852,True,13800
65,5,legacy,11212,55872,53068,4.733143061006065,12,11,1,1.117120936512947,0.07522715255618095,True,11212
65,5,routed,11212,55872,53068,4.733143061006065,12,11,1,1.200159315019846,0.07785543985664845,True,11212
66,2,legacy,203504,1653418,359070,1.764437062662159,12,12,0,21.46607374586165,1.3985250778496265,True,203504
66,2,routed,203504,1653418,359070,1.764437062662159,12,12,0,25.544084621593356,1.6308455634862185,True,203504
66,3,legacy,146357,2500738,359070,2.4533845323421497,12,12,0,25.98298479989171,1.4482937846332788,True,146357
66,3,routed,146357,2500738,359070,2.4533845323421497,12,12,0,30.120429947972298,1.5469270590692759,True,146357
66,4,legacy,116226,3806464,359070,3.089412007640287,12,12,0,33.175538040697575,2.9143719244748354,True,116226
66,4,routed,116226,3806464,359070,3.089412007640287,12,12,0,31.69840524531901,2.187570385634899,True,116226
66,5,legacy,106067,3979388,359070,3.3853130568414302,12,12,0,35.1992099750787,2.6889232136309147,True,106067
66,5,routed,106067,3979388,359070,3.3853130568414302,12,12,0,37.07007556781173,2.0940071251243353,True,106067
67,2,legacy,32040130,215994240,63834834,1.9923400435641179,12,10,2,45.87679827213287,2.2541067376732826,True,32084984
67,2,routed,32040130,215994240,63834834,1.9923400435641179,12,10,2,46.13515216112137,2.5372708085924387,True,32084984
67,3,legacy,21255269,159238912,63834834,3.003247524178593,12,10,2,44.86561139859259,3.0790635980665684,True,21374767
67,3,routed,21255269,159238912,63834834,3.003247524178593,12,10,2,49.39602443575859,4.813302977010608,True,21374767
67,4,legacy,16409509,226600576,63834834,3.8901123732587,12,10,2,44.51321059837937,3.7331673931330442,True,16430577
67,4,routed,16409509,226600576,63834834,3.8901123732587,12,10,2,48.00099867768586,3.6256697047501802,True,16430577
67,5,legacy,13461153,229484544,63834834,4.742152028136074,12,10,2,48.3325214330107,2.7760939467698336,True,13477716
67,5,routed,13461153,229484544,63834834,4.742152028136074,12,10,2,50.47060839086771,3.8166720420122147,True,13477716
68,2,legacy,196346,1624576,362095,1.8441679484175895,12,12,0,20.373055193573236,1.3735275324434042,True,196346
68,2,routed,196346,1624576,362095,1.8441679484175895,12,12,0,26.04256276600063,2.2590010594576597,True,196346
68,3,legacy,180284,2355384,362095,2.0084699696035146,12,12,0,24.76690544001758,2.2735867518931627,True,180429
68,3,routed,180284,2355384,362095,2.0084699696035146,12,12,0,27.720454862341285,2.135703945532441,True,180429
68,4,legacy,181812,2502880,362095,1.9915902140672783,12,12,0,23.81947162374854,2.296448675915599,True,182346
68,4,routed,156990,2646854,362095,2.3064844894579273,12,12,0,28.304974736645818,1.2845692113041878,True,157101
68,5,legacy,175649,2825480,362095,2.061469180012411,12,12,0,48.037826439365745,2.119429113343358,True,175689
68,5,routed,158423,5510878,362095,2.285621405982717,12,12,0,49.70437039062381,1.9901535268872976,True,158423
69,2,legacy,17030,364198,25144,1.4764533176746917,12,10,2,2.5683020185679197,0.14804771356284618,True,17030
69,2,routed,17661,179494,25144,1.423701942132382,12,10,2,2.77284037694335,0.1254516150802374,True,17661
69,3,legacy,14179,325098,25144,1.7733267508286903,12,10,2,3.8539597652852535,0.26047529466450214,True,14179
69,3,routed,16631,278084,25144,1.511875413384643,12,10,2,1.932766506448388,0.125165032222867,True,16631
69,4,legacy,16804,460462,25144,1.49631040228517,12,10,2,4.922216475009918,0.15803018771111965,True,16828
69,4,routed,15620,361896,25144,1.609731113956466,12,10,2,2.1977352555841208,0.14105864614248276,True,16068
69,5,legacy,13147,433008,25144,1.9125275728303035,12,10,2,6.947291167452931,0.18465619906783104,True,13147
69,5,routed,16803,355242,25144,1.496399452478724,12,10,2,3.631953615695238,0.21710466966032982,True,16803
70,2,legacy,54493,129536,117300,2.152570054869433,12,10,2,1.9236547462642193,0.13845928385853767,True,56040
70,2,routed,54493,129536,117300,2.152570054869433,12,10,2,2.0028158593922853,0.12987062148749828,True,56040
70,3,legacy,39333,259072,117300,2.9822286629547707,12,11,1,2.2920587696135044,0.1365669798105955,True,39333
70,3,routed,39333,259072,117300,2.9822286629547707,12,11,1,1.7847362365573645,0.1391095109283924,True,39333
70,4,legacy,30080,333312,117300,3.8996010638297873,12,11,1,1.9092439711093903,0.140170780941844,True,30080
70,4,routed,30080,333312,117300,3.8996010638297873,12,11,1,1.9000803772360086,0.1415802463889122,True,30080
70,5,legacy,25374,449024,117300,4.622842279498699,12,11,1,2.2243308052420616,0.14005188085138798,True,25374
70,5,routed,25374,449024,117300,4.622842279498699,12,11,1,2.869774840772152,0.24963556043803692,True,25374
71,2,legacy,12313,171622,18919,1.5365061317306912,12,10,2,1.6236356347799301,0.08517903462052345,True,12313
71,2,routed,13765,173988,18919,1.3744278968398111,12,10,2,1.6097426153719425,0.16184226423501968,True,13836
71,3,legacy,9867,250696,18919,1.9174014391405696,12,10,2,2.050437116995454,0.09679919853806496,True,9892
71,3,routed,12869,234308,18919,1.47012199860129,12,10,2,1.5798202250152826,0.09563935548067093,True,12869
71,4,legacy,10732,223406,18919,1.762858740216176,12,10,2,2.404436504468322,0.10335918515920639,True,10732
71,4,routed,11417,208904,18919,1.6570903039327318,12,10,2,2.3540869653224945,0.08881468698382378,True,11417
71,5,legacy,10542,307214,18919,1.7946309998102827,12,10,2,2.462591776624322,0.09078625217080116,True,10641
71,5,routed,12234,253002,18919,1.546427987575609,12,10,2,1.4356042332947254,0.08046039380133152,True,12234
72,2,legacy,11836023,113724192,23897828,2.01907583315781,12,11,1,198.97727107815444,14.582066919654608,True,11836023
72,2,routed,11836023,113724192,23897828,2.01907583315781,12,11,1,185.40809995308518,19.319444354623556,True,11836023
72,3,legacy,7941294,120851232,23897828,3.009311580707124,12,11,1,197.1140769775957,14.806316614151001,True,7941294
72,3,routed,7941294,120851232,23897828,3.009311580707124,12,11,1,196.28839059360325,14.730712365359068,True,7941294
72,4,legacy,5965868,123071264,23897828,4.005758759664142,12,11,1,202.92946258559823,12.895889772102237,True,5965868
72,4,routed,5965868,123071264,23897828,4.005758759664142,12,11,1,204.60210726968944,12.956303721293807,True,5965868
72,5,legacy,4826156,77245216,23897828,4.951731357212656,12,11,1,244.41437991335988,13.2700579110533,True,4828978
72,5,routed,4826156,77245216,23897828,4.951731357212656,12,11,1,232.02844540402293,11.87689209729433,True,4828978
73,2,legacy,5294770,86179712,10081626,1.9040725092874666,12,10,2,16.9020875710994,1.6033756602555513,True,5341304
73,2,routed,5294770,86179712,10081626,1.9040725092874666,12,10,2,14.754406366497278,0.9621545858681202,True,5341304
73,3,legacy,3805931,134138624,10081626,2.648925059335022,12,10,2,18.518966145813465,1.4281794019043446,True,3805931
73,3,routed,3805931,134138624,10081626,2.648925059335022,12,10,2,17.12612014822662,1.6385410018265247,True,3805931
73,4,legacy,3295138,137012864,10081626,3.0595459127963687,12,10,2,19.232017202302814,1.7829329334199429,True,3295138
73,4,routed,3295138,137012864,10081626,3.0595459127963687,12,10,2,26.998975368216634,1.6534407418221235,True,3295138
73,5,legacy,2848898,94477312,10081626,3.538780960216898,12,10,2,23.290275229141116,1.0975796077400446,True,2849703
73,5,routed,2848898,94477312,10081626,3.538780960216898,12,10,2,22.631327694281936,1.7086928691715002,True,2849703
74,2,legacy,814840,3776512,1682239,2.064502233567326,12,11,1,13.429811641573906,1.3001765310764313,True,817477
74,2,routed,814840,3776512,1682239,2.064502233567326,12,11,1,14.95083499699831,0.7604748997837305,True,817477
74,3,legacy,542996,5619712,1682239,3.0980688623857264,12,11,1,14.37498378381133,0.7954492792487144,True,542996
74,3,routed,542996,5619712,1682239,3.0980688623857264,12,11,1,15.310070091858506,1.2932589575648308,True,542996
74,4,legacy,408908,6623232,1682239,4.113979183581637,12,11,1,15.144476842135191,0.7552998065948486,True,408936
74,4,routed,408908,6623232,1682239,4.113979183581637,12,11,1,14.175125194713473,1.1543092392385006,True,408936
74,5,legacy,328499,7151616,1682239,5.120986669670227,12,11,1,14.338177455589175,0.7184495590627193,True,328499
74,5,routed,328499,7151616,1682239,5.120986669670227,12,11,1,19.005439890548587,1.218898631632328,True,328499
75,2,legacy,785190,5071558,1441809,1.8362549191915332,12,10,2,47.70194949582219,3.674665743485093,True,785190
75,2,routed,754663,4745798,1441809,1.9105335759140172,12,10,2,47.402775056660175,3.05726701579988,True,754663
75,3,legacy,609229,9557580,1441809,2.366612554556661,12,10,2,59.92737224325538,3.31511302664876,True,609229
75,3,routed,557783,12507404,1441809,2.5848923326813473,12,10,2,65.55696990340948,3.736619472503662,True,558005
75,4,legacy,472706,9332210,1441809,3.050117832225527,12,10,2,56.89996041543782,3.738526612520218,True,472706
75,4,routed,462730,11096688,1441809,3.115875348475353,12,10,2,68.85652142390609,5.560429843142629,True,462730
75,5,legacy,434571,9737140,1441809,3.317775461317023,12,10,2,72.34744082763791,3.058003334328532,True,434575
75,5,routed,378054,12427608,1441809,3.8137647002809123,12,10,2,74.86069747246802,3.4875461235642433,True,378054
76,2,legacy,3065214,31095808,6185113,2.017840516192344,12,10,2,189.63865199498832,13.513295816257596,True,3065214
76,2,routed,3065214,31095808,6185113,2.017840516192344,12,10,2,172.26926030777395,13.493961175903678,True,3065214
76,3,legacy,2046322,17912832,6185113,3.0225511918456625,12,10,2,259.47306554578245,22.312333630397916,True,2046370
76,3,routed,2046322,17912832,6185113,3.0225511918456625,12,10,2,251.01820958033204,19.629649518057704,True,2046370
76,4,legacy,1527039,19563520,6185113,4.050396224326949,12,10,2,273.4864553399384,21.923966243863106,True,1527039
76,4,routed,1527039,19563520,6185113,4.050396224326949,12,10,2,272.70288669504225,18.410840947180986,True,1527039
76,5,legacy,1227673,22311936,6185113,5.038078543716446,12,11,1,309.76053239405155,21.87159958295524,True,1227673
76,5,routed,1227673,22311936,6185113,5.038078543716446,12,11,1,308.73399300314486,18.083938417956233,True,1227673
77,2,legacy,248734,57344,495320,1.9913642686564763,12,11,1,10.829047057777643,0.9067333377897739,True,248734
77,2,routed,248734,57344,495320,1.9913642686564763,12,11,1,14.790344264358282,1.2018963564187288,True,248734
77,3,legacy,168976,114688,495320,2.9313038538017233,12,11,1,12.464217655360699,1.1590250879526138,True,168976
77,3,routed,168976,114688,495320,2.9313038538017233,12,11,1,12.232443232089281,1.1513447612524033,True,168976
77,4,legacy,127832,114688,495320,3.8747731397459164,12,11,1,10.633387194946408,1.0813571959733963,True,127832
77,4,routed,127832,114688,495320,3.8747731397459164,12,11,1,10.237754572182894,0.672465106472373,True,127832
77,5,legacy,114837,172032,495320,4.313243989306582,12,11,1,12.55868755467236,1.1223863326013088,True,114837
77,5,routed,114837,172032,495320,4.313243989306582,12,11,1,12.095704477280378,0.6390992421656847,True,114837
78,2,legacy,1050081,2782080,2296143,2.1866341739351536,12,10,2,2.3453572392463684,0.1586606688797474,True,1050081
78,2,routed,1050081,2782080,2296143,2.1866341739351536,12,10,2,3.065792728215456,0.23067072592675686,True,1050081
78,3,legacy,718909,6965760,2296143,3.193927186890135,12,10,2,3.056618282571435,0.20200705714523792,True,718909
78,3,routed,718909,6965760,2296143,3.193927186890135,12,10,2,3.3612470868974924,0.1949515137821436,True,718909
78,4,legacy,540759,6950784,2296143,4.246148469096215,12,10,2,2.942328169941902,0.14810578152537346,True,544785
78,4,routed,540759,6950784,2296143,4.246148469096215,12,10,2,5.13099617138505,0.18243983387947083,True,544785
78,5,legacy,470359,10766304,2296143,4.8816818642781366,12,10,2,3.056492267176509,0.33416484482586384,True,470359
78,5,routed,470359,10766304,2296143,4.8816818642781366,12,10,2,5.123560888692737,0.18489037454128265,True,470359
79,2,legacy,15118882,194232320,31052251,2.053872171235942,12,10,2,144.66991714388132,12.616666248068213,True,15118882
79,2,routed,15118882,194232320,31052251,2.053872171235942,12,10,2,144.37658400274813,13.32354474440217,True,15118882
79,3,legacy,10181692,39960576,31052251,3.049812447675691,12,10,2,144.9311122391373,10.413430592045188,True,10181692
79,3,routed,10181692,39960576,31052251,3.049812447675691,12,10,2,127.7387541718781,10.687875850126147,True,10181692
79,4,legacy,7620379,31801344,31052251,4.074895881162866,12,10,2,120.25444062612951,8.171665726229548,True,7620379
79,4,routed,7620379,31801344,31052251,4.074895881162866,12,10,2,107.96303822286427,6.530340638011694,True,7620379
79,5,legacy,6063012,34084864,31052251,5.121588246897747,12,10,2,163.92306254059076,11.078936249017715,True,6063040
79,5,routed,6063012,34084864,31052251,5.121588246897747,12,10,2,149.22362110763788,6.797332087531686,True,6063040
80,2,legacy,145825,1675264,292138,2.0033464769415397,12,10,2,2.1727012507617474,0.17650959640741348,True,145825
80,2,routed,145825,1675264,292138,2.0033464769415397,12,10,2,2.2239841297268867,0.16611448302865028,True,145825
80,3,legacy,100325,3047424,292138,2.9119162721156244,12,8,4,2.0306781362742186,0.30520542524755,True,100325
80,3,routed,100325,3047424,292138,2.9119162721156244,12,8,4,2.9968250915408134,0.29547746293246746,True,100325
80,4,legacy,90584,2666496,292138,3.225050781594984,12,9,3,2.242388218641281,0.17782139405608177,True,91774
80,4,routed,90584,2666496,292138,3.225050781594984,12,9,3,2.7536895982921124,0.16331416741013527,True,91774
80,5,legacy,89345,3047424,292138,3.2697744697520847,12,9,3,2.706543432548642,0.16821596026420593,True,89345
80,5,routed,89345,3047424,292138,3.2697744697520847,12,9,3,2.404956666752696,0.17655583284795284,True,89345
81,2,legacy,76860,0,151795,1.9749544626593807,12,9,3,11.475726462900639,0.8291352931410074,True,76860
81,2,routed,76860,0,151795,1.9749544626593807,12,9,3,9.37413414940238,0.8927627969533205,True,76860
81,3,legacy,51943,0,151795,2.9223379473653814,12,9,3,9.796206219121814,1.1528907902538776,True,51943
81,3,routed,51943,0,151795,2.9223379473653814,12,9,3,10.101658906787634,1.1376942042261362,True,51943
81,4,legacy,39588,0,151795,3.834369000707285,12,9,3,9.235851492732763,0.6639437079429626,True,39588
81,4,routed,39588,0,151795,3.834369000707285,12,9,3,8.19960611499846,0.6250749472528696,True,39588
81,5,legacy,30943,0,151795,4.905632937982743,12,9,3,11.498293383046985,0.924712274223566,True,30943
81,5,routed,30943,0,151795,4.905632937982743,12,9,3,10.881218338385224,0.9710907768458128,True,30943
82,2,legacy,447167,2344454,721041,1.6124646943982897,12,10,2,17.019920263439417,0.9441043976694345,True,447167
82,2,routed,407535,3389668,721041,1.7692738047038905,12,10,2,17.77440968900919,1.2954858895391226,True,407535
82,3,legacy,312950,4231596,721041,2.304013420674229,12,10,2,19.423553358763456,1.0876596067100763,True,312950
82,3,routed,288553,5338828,721041,2.4988165085790133,12,10,2,31.81567015312612,1.579284155741334,True,288553
82,4,legacy,262440,6198774,721041,2.747450845907636,12,10,2,29.5031551849097,1.2191312331706285,True,262508
82,4,routed,235778,6420240,721041,3.058135194971541,12,10,2,34.80062962695956,1.9789846446365118,True,235778
82,5,legacy,238326,6507156,721041,3.0254399436066564,12,10,2,36.644530829042196,1.4200451392680407,True,238363
82,5,routed,206503,7708408,721041,3.491673244456497,12,10,2,36.553236957639456,1.5336143244057894,True,207058
83,2,legacy,442847,5589600,1057993,2.389071169049356,12,10,2,16.156801560893655,1.6960576474666595,True,442847
83,2,routed,442847,5589600,1057993,2.389071169049356,12,10,2,18.90741565823555,0.9467287622392178,True,442847
83,3,legacy,290664,5739712,1057993,3.639917568051083,12,10,2,13.963730065152049,0.9597604442387819,True,290664
83,3,routed,290664,5739712,1057993,3.639917568051083,12,10,2,18.675891196355224,1.3325221799314022,True,290664
83,4,legacy,220741,6471456,1057993,4.7929156794614505,12,10,2,16.11335227265954,0.896769892424345,True,221124
83,4,routed,220741,6471456,1057993,4.7929156794614505,12,10,2,14.342863192781806,0.8395240418612957,True,221124
83,5,legacy,201107,7741824,1057993,5.26084621619337,12,10,2,18.645896080881357,0.9113621320575476,True,202670
83,5,routed,201107,7741824,1057993,5.26084621619337,12,10,2,16.931840647011995,0.8955378830432892,True,202670
84,2,legacy,1175864,32004864,2507412,2.1323996652674118,12,9,3,87.20144139789045,9.349115170538425,True,1219928
84,2,routed,1175864,32004864,2507412,2.1323996652674118,12,9,3,76.6681776046753,7.905853606760502,True,1219928
84,3,legacy,836220,0,2507412,2.998507569778288,12,9,3,50.742656752467155,4.883568627759814,True,836220
84,3,routed,836220,0,2507412,2.998507569778288,12,9,3,40.37790288776159,4.560112409293652,True,836220
84,4,legacy,629028,0,2507412,3.986169137144928,12,8,4,34.87736851349473,3.1077929977327585,True,629028
84,4,routed,629028,0,2507412,3.986169137144928,12,8,4,35.62795883975923,3.5905532278120518,True,629028
84,5,legacy,503472,0,2507412,4.98024120507198,12,8,4,39.37731517478824,4.507415929809213,True,503472
84,5,routed,503472,0,2507412,4.98024120507198,12,8,4,33.97502884082496,4.964005183428526,True,503472
85,2,legacy,1905443,14318918,3187899,1.673048734598726,12,10,2,157.34543754160404,13.572282336652279,True,1905443
85,2,routed,1843091,17607566,3187899,1.729648183404943,12,10,2,223.88822858780622,14.694269036874175,True,1843091
85,3,legacy,1313959,19642220,3187899,2.4261784424019317,12,10,2,172.1453234832734,15.50088282302022,True,1313959
85,3,routed,1276351,31680716,3187899,2.497666394275556,12,10,2,272.14104317873716,19.877188378944993,True,1276351
85,4,legacy,1057229,23435890,3187899,3.0153344261271684,12,10,2,177.30183160491288,12.149423921480775,True,1057250
85,4,routed,995687,27902578,3187899,3.201707966459339,12,10,2,279.1528612803668,19.26774288713932,True,995901
85,5,legacy,931269,25615352,3187899,3.4231774063133207,12,10,2,195.45442590489984,13.28518178500235,True,931369
85,5,routed,890475,38398484,3187899,3.5799983155057693,12,10,2,326.7970541436225,21.548126047477126,True,890883
86,2,legacy,82748,1738694,118403,1.4308865471068788,12,10,2,27.850354209542274,1.8213628511875868,True,82748
86,2,routed,74609,1019206,118403,1.5869801230414562,12,10,2,15.887114128097892,1.3379476983100176,True,74609
86,3,legacy,63229,2197292,118403,1.8726059244966708,12,10,2,34.60027352720499,1.9605526067316532,True,63289
86,3,routed,64401,1574634,118403,1.8385273520597507,12,10,2,17.487630857154727,1.3776940442621708,True,64706
86,4,legacy,62299,2353614,118403,1.9005602016083725,12,10,2,33.27771828696132,1.4064125511795282,True,62341
86,4,routed,63006,1919826,118403,1.879233723772339,12,10,2,21.168597366660833,1.8536048792302608,True,63070
86,5,legacy,60402,2265748,118403,1.9602496606072646,12,10,2,40.2289214245975,1.314761070534587,True,60413
86,5,routed,65815,2223540,118403,1.7990275773000075,12,10,2,26.203321123495698,1.485168743878603,True,66164
87,2,legacy,1987606,10142208,3974071,1.999425942566082,12,10,2,150.2390452604741,11.678584981709719,True,1987606
87,2,routed,1987606,10142208,3974071,1.999425942566082,12,10,2,155.99896687082946,13.074909456074238,True,1987606
87,3,legacy,1374901,11036160,3974071,2.890441566338231,12,11,1,156.9825477246195,8.578025879338384,True,1374901
87,3,routed,1374901,11036160,3974071,2.890441566338231,12,11,1,148.81929381936789,11.769073404371738,True,1374901
87,4,legacy,1046846,12607488,3974071,3.796232683699417,12,11,1,158.52383885718882,13.316032476723194,True,1046846
87,4,routed,1046846,12607488,3974071,3.796232683699417,12,11,1,161.00842624343932,12.162655618041754,True,1046846
87,5,legacy,833349,12487680,3974071,4.768795546643723,12,11,1,165.7087624128908,10.23473152704537,True,833349
87,5,routed,833349,12487680,3974071,4.768795546643723,12,11,1,155.5245889890939,9.414811443537474,True,833349
88,2,legacy,132639,1032234,243623,1.8367373095394266,12,12,0,13.852930968627334,1.1302122715860605,True,132639
88,2,routed,132639,1032234,243623,1.8367373095394266,12,12,0,12.33056065440178,1.0991330668330193,True,132639
88,3,legacy,119844,2775376,243623,2.032834351323387,12,12,0,21.502847753465176,0.9468080773949623,True,119844
88,3,routed,122079,1572244,243623,1.9956175918872205,12,12,0,15.361251596361399,0.7143067121505737,True,122079
88,4,legacy,111860,2371926,243623,2.1779277668514214,12,12,0,22.287458576261997,1.182940848171711,True,111866
88,4,routed,112565,2028164,243623,2.1642873006707237,12,12,0,12.902344351634383,0.7221188489347696,True,112676
88,5,legacy,120762,2380788,243623,2.017381295440619,12,12,0,23.37641211040318,0.6731903292238712,True,120802
88,5,routed,112833,2034888,243623,2.1591467035353133,12,12,0,13.596811074763536,0.7049203868955374,True,113438
89,2,legacy,329513,1467520,693092,2.103382871085511,12,9,3,16.709886888042092,1.7989158518612385,True,329513
89,2,routed,329513,1467520,693092,2.103382871085511,12,9,3,22.231973370537162,1.4286385774612427,True,329513
89,3,legacy,225452,2429184,693092,3.074233096180118,12,9,3,18.193969639018178,1.0821470767259598,True,225462
89,3,routed,225452,2429184,693092,3.074233096180118,12,9,3,16.283635230734944,1.2053581718355417,True,225462
89,4,legacy,165365,1827200,693092,4.191285943216521,12,9,3,22.46865089610219,1.7388344872742891,True,165616
89,4,routed,165365,1827200,693092,4.191285943216521,12,9,3,27.76962674036622,1.05168442055583,True,165616
89,5,legacy,133148,2186320,693092,5.205425541502689,12,9,3,33.0339972358197,1.3455467000603676,True,133330
89,5,routed,133148,2186320,693092,5.205425541502689,12,9,3,27.53984199464321,1.6522441413253546,True,133330
90,2,legacy,470442,3196848,1178363,2.5047997415196774,12,10,2,6.95773901604116,0.5464501231908798,True,470442
90,2,routed,470442,3196848,1178363,2.5047997415196774,12,10,2,7.9370750561356544,0.4832033719867468,True,470442
90,3,legacy,342250,5523456,1178363,3.442989043097151,12,10,2,8.508744610473514,0.6312599871307611,True,342250
90,3,routed,342250,5523456,1178363,3.442989043097151,12,10,2,5.903238954022527,0.41534109599888325,True,342250
90,4,legacy,294798,7360608,1178363,3.9971879049382966,12,10,2,8.392800429835916,0.40322201885282993,True,295201
90,4,routed,294798,7360608,1178363,3.9971879049382966,12,10,2,7.5975759997963905,0.6286566145718098,True,295201
90,5,legacy,267434,7981056,1178363,4.406182459971432,12,10,2,10.870416356250644,0.6500068679451942,True,267434
90,5,routed,267434,7981056,1178363,4.406182459971432,12,10,2,8.767087746411562,0.5495542176067829,True,267434
91,2,legacy,4532609,52032556,9186769,2.0268170053935823,12,10,2,226.97708153538406,13.355693003162742,True,4532720
91,2,routed,4532609,52032556,9186769,2.0268170053935823,12,10,2,219.9636731557548,16.429783375933766,True,4532720
91,3,legacy,3042680,60113508,9186769,3.01930173399766,12,11,1,276.8794325403869,19.147537091746926,True,3042680
91,3,routed,3042680,60113508,9186769,3.01930173399766,12,11,1,260.3561372663826,15.23012469522655,True,3042680
91,4,legacy,2314443,67112896,9186769,3.969321776341003,12,10,2,252.92847309447825,13.436238285154104,True,2314443
91,4,routed,2314443,67112896,9186769,3.969321776341003,12,10,2,251.24552144482732,19.61792704090476,True,2314443
91,5,legacy,1872567,71035764,9186769,4.90597612795697,12,11,1,295.43159015476704,18.5756329074502,True,1872567
91,5,routed,1872567,71035764,9186769,4.90597612795697,12,11,1,291.68521579541266,16.7378040086478,True,1872567
92,2,legacy,2017778,10740320,4815554,2.3865628428895547,12,10,2,106.34473067708313,6.5172833278775215,True,2024405
92,2,routed,2017778,10740320,4815554,2.3865628428895547,12,10,2,113.76500244811177,5.681118872016668,True,2024405
92,3,legacy,1348585,21856448,4815554,3.5708197851822465,12,10,2,131.84110873937607,8.990840030834079,True,1354104
92,3,routed,1348585,21856448,4815554,3.5708197851822465,12,10,2,132.16342702507973,11.027167912572622,True,1354104
92,4,legacy,1018849,18053920,4815554,4.726464863782563,12,10,2,119.84157426469028,8.297992391511798,True,1027253
92,4,routed,1018849,18053920,4815554,4.726464863782563,12,10,2,121.31778393127024,6.783798761665821,True,1027253
92,5,legacy,826308,19945856,4815554,5.8277954467341475,12,9,3,129.61254283972085,7.508060581982136,True,830791
92,5,routed,826308,19945856,4815554,5.8277954467341475,12,9,3,139.9372634962201,9.40252286195755,True,830791
93,2,legacy,37827,8192,74205,1.9616940280751844,12,8,4,0.8261927515268326,0.14662394672632217,True,37827
93,2,routed,37827,8192,74205,1.9616940280751844,12,8,4,1.4596899654716253,0.14292064309120178,True,37827
93,3,legacy,25103,16384,74205,2.956021192686133,12,8,4,0.815522164106369,0.07488035596907139,True,25103
93,3,routed,25103,16384,74205,2.956021192686133,12,8,4,1.4239528086036444,0.09959676861763,True,25103
93,4,legacy,19779,24576,74205,3.751706355225239,12,8,4,0.9139672368764877,0.07396157644689083,True,19779
93,4,routed,19779,24576,74205,3.751706355225239,12,8,4,0.9242535885423422,0.1446167752146721,True,19779
93,5,legacy,15876,32768,74205,4.674036281179139,12,8,4,0.9144610371440649,0.11240912415087223,True,15876
93,5,routed,15876,32768,74205,4.674036281179139,12,8,4,1.022015929222107,0.08034145273268223,True,15876
94,2,legacy,47498,106272,94892,1.997810434123542,12,11,1,0.922113848850131,0.06609819270670414,True,47498
94,2,routed,47498,106272,94892,1.997810434123542,12,11,1,0.89220274053514,0.07066935300827026,True,47498
94,3,legacy,32728,212544,94892,2.8994133463700806,12,11,1,0.9036445282399654,0.07423515245318413,True,32728
94,3,routed,32728,212544,94892,2.8994133463700806,12,11,1,0.906126257032156,0.07370896637439728,True,32728
94,4,legacy,24668,318528,94892,3.846765039727582,12,11,1,1.0004199668765068,0.07565206103026867,True,24668
94,4,routed,24668,318528,94892,3.846765039727582,12,11,1,0.9860689230263233,0.07227715663611889,True,24668
94,5,legacy,21804,424800,94892,4.3520454962392225,12,11,1,1.0531249027699232,0.07506954669952393,True,21804
94,5,routed,21804,424800,94892,4.3520454962392225,12,11,1,1.0440949574112892,0.08038072101771832,True,21804
95,2,legacy,1042890,0,2084853,1.9991111238960964,12,9,3,12.448122456669807,1.577954052016139,True,1042890
95,2,routed,1042890,0,2084853,1.9991111238960964,12,9,3,13.460434762760997,1.0743315871804953,True,1042890
95,3,legacy,695775,0,2084853,2.9964471273040854,12,8,4,12.76258035749197,1.4942386280745268,True,695775
95,3,routed,695775,0,2084853,2.9964471273040854,12,8,4,12.970225995406508,1.0605401154607534,True,695775
95,4,legacy,524422,0,2084853,3.9755254356224565,12,8,4,9.782666338607669,0.9061456639319658,True,524422
95,4,routed,524422,0,2084853,3.9755254356224565,12,8,4,13.47062449529767,0.9277295116335154,True,524422
95,5,legacy,420852,0,2084853,4.953886401870491,12,8,4,13.800232082605362,1.5136689227074385,True,420852
95,5,routed,420852,0,2084853,4.953886401870491,12,8,4,11.89843307994306,1.4598554633557796,True,420852
96,2,legacy,42443,346520,84194,1.9836957802228872,12,11,1,3.412190644070506,0.1553355660289526,True,42443
96,2,routed,42443,346520,84194,1.9836957802228872,12,11,1,2.489608347415924,0.16660962253808975,True,42443
96,3,legacy,30876,123264,84194,2.726842855292136,12,12,0,2.3241381030529737,0.14454487338662148,True,30876
96,3,routed,30876,123264,84194,2.726842855292136,12,12,0,2.38942801207304,0.12184369750320911,True,30876
96,4,legacy,24217,234168,84194,3.476648635256225,12,12,0,4.822488334029913,0.2618575505912304,True,24217
96,4,routed,24217,234168,84194,3.476648635256225,12,12,0,3.5329813957214355,0.15609263256192207,True,24217
96,5,legacy,22137,448896,84194,3.803315715769978,12,12,0,3.224944304674864,0.14801179245114326,True,22456
96,5,routed,22137,448896,84194,3.803315715769978,12,12,0,3.6496991384774446,0.1486523598432541,True,22456
97,2,legacy,5153667,2490368,11491509,2.22977328570123,12,11,1,35.40365942567587,2.2537240628153086,True,5153667
97,2,routed,5153667,2490368,11491509,2.22977328570123,12,11,1,33.12587960995734,1.4442156255245209,True,5153667
97,3,legacy,3444086,82444288,11491509,3.336591769195078,12,11,1,54.62609644420445,3.688846291974187,True,3444086
97,3,routed,3444086,82444288,11491509,3.336591769195078,12,11,1,44.92286940291524,3.324341967701912,True,3444086
97,4,legacy,2622394,14221312,11491509,4.382068064524248,12,11,1,32.097744315862656,2.7781523037701845,True,2622394
97,4,routed,2622394,14221312,11491509,4.382068064524248,12,11,1,31.25395542755723,2.8186615481972694,True,2622394
97,5,legacy,2102348,21311488,11491509,5.466035594487687,12,11,1,36.708143051713705,2.471827667206526,True,2102348
97,5,routed,2102348,21311488,11491509,5.466035594487687,12,11,1,38.82172277569771,3.808724731206894,True,2102348
98,2,legacy,89620,0,177430,1.9798036152644498,12,12,0,3.512804076075554,0.2737055905163288,True,89620
98,2,routed,89620,0,177430,1.9798036152644498,12,12,0,3.7229891382157803,0.1556688528507948,True,89620
98,3,legacy,65476,784240,177430,2.709847883193842,12,12,0,6.35237748362124,0.37924979627132416,True,65476
98,3,routed,65476,784240,177430,2.709847883193842,12,12,0,5.045952029526234,0.4018970914185047,True,65476
98,4,legacy,53735,961274,177430,3.301944728761515,12,12,0,4.801275745034218,0.23715123534202576,True,53735
98,4,routed,53735,961274,177430,3.301944728761515,12,12,0,4.868607761338353,0.22824564389884472,True,53735
98,5,legacy,47355,1166870,177430,3.746806039488966,12,12,0,6.671376585960388,0.4167972709983587,True,47355
98,5,routed,47355,1166870,177430,3.746806039488966,12,12,0,8.622224785387516,0.25432570464909077,True,47355
99,2,legacy,807983,5906432,1622999,2.0087043910577327,12,11,1,30.938250629231334,1.8280208725482225,True,808277
99,2,routed,807983,5906432,1622999,2.0087043910577327,12,11,1,29.726283691823483,2.657730670645833,True,808277
99,3,legacy,540063,6479872,1622999,3.0052030966757584,12,11,1,28.023638172075152,2.508227115496993,True,540063
99,3,routed,540063,6479872,1622999,3.0052030966757584,12,11,1,26.14265334792435,2.676797891035676,True,540063
99,4,legacy,405336,9838592,1622999,4.004083032348471,12,11,1,25.10371921956539,1.9084793981164694,True,405336
99,4,routed,405336,9838592,1622999,4.004083032348471,12,11,1,24.693341867998242,1.5184837523847818,True,405336
99,5,legacy,332266,7084052,1622999,4.884637609626022,12,11,1,34.74302334152162,1.6639384590089321,True,332266
99,5,routed,332266,7084052,1622999,4.884637609626022,12,11,1,34.42004751972854,2.440392594784498,True,332266
100,2,legacy,76850,621700,151223,1.9677683799609629,12,11,1,6.182236388325691,0.3080011401325464,True,76850
100,2,routed,76850,621700,151223,1.9677683799609629,12,11,1,5.104147279635072,0.385495075955987,True,76850
100,3,legacy,57811,72192,151223,2.6158170590372074,12,12,0,3.5621397607028484,0.17691711522638798,True,57811
100,3,routed,57811,72192,151223,2.6158170590372074,12,12,0,2.324270125478506,0.1584601141512394,True,57811
100,4,legacy,49623,1207894,151223,3.0474376801080143,12,12,0,9.270521819591522,0.44362151250243187,True,49623
100,4,routed,49623,1207894,151223,3.0474376801080143,12,12,0,7.218106705695391,0.4992469735443592,True,49623
100,5,legacy,53383,1599352,151223,2.8327932113219565,12,12,0,9.939921204000711,0.4384731240570545,True,53383
100,5,routed,53383,1599352,151223,2.8327932113219565,12,12,0,7.101335687562823,0.2701011560857296,True,53383
