case,noncopy_ops,components,max_depth,largest_component_node_fraction,largest_component_work_fraction,average_point_loss_contribution,core2_loss_contribution,core3_loss_contribution,core4_loss_contribution,core5_loss_contribution,gates
case_058,16575,255,6,0.00392156862745098,0.00392156862745098,0.008907765368599552,0.0033995992965557796,0.005439144817722448,0.011383240614867049,0.015409076745252928,all_components_have_large_union_footprint
case_039,5250,70,7,0.014285714285714285,0.014285714285714285,0.0067670449817219865,0.0034989621141536765,0.0074662227822856145,0.010897390062205754,0.0052056049682429025,all_components_have_large_union_footprint
case_072,29666,476,250,0.2069709431672622,0.006280940753295935,0.005760577653102733,0.0018676806552453073,0.0038164399821070784,0.007067112241317033,0.010291077733741511,all_components_have_large_union_footprint
case_009,5671,25,365,0.8418268383001234,0.5816528070316087,0.005397641505384976,0.005035346674032652,0.003730201686631096,0.005413045590251522,0.007411972070624633,dominant_component
case_100,1394,43,51,0.19727403156384504,0.3858050747296832,0.005062937019707586,0.0,0.008114189108890592,0.006034639473497694,0.0061029194964420585,dominant_component;eligible
case_040,3083,28,228,0.7116445021083361,0.4260194491373805,0.004780370087262819,-0.002559331001437257,0.005618556918262545,0.0071340525858556705,0.008928201846370318,dominant_component;eligible
case_035,3857,16,332,0.6300233341975628,0.48921740551480525,0.004638292062316413,0.0,0.004259387566718859,0.006385353871134298,0.007908426811412496,dominant_component;eligible
case_032,827,25,29,0.22853688029020555,0.23440966231205324,0.0044198209956425195,0.0007871699785638709,-0.0002678531525169303,-0.0002445792476517461,0.017404546404174884,dominant_component;eligible
case_071,741,1,45,1.0,1.0,0.004122799741565331,0.0027511673728925,0.004228856214906564,0.004464764379100867,0.00504641099936139,insufficient_independent_components
case_057,865,21,100,0.223121387283237,0.22689281771828074,0.00400691515029292,-8.956510050785127e-05,-1.9517974670617554e-05,-3.079516581997233e-05,0.01616753884217012,dominant_component;eligible
case_080,1098,18,6,0.05555555555555555,0.05555555555555555,0.003967027941736156,0.0029559618146931866,0.008206752917010101,0.0033593548962491983,0.0013460421389921385,all_components_have_large_union_footprint
case_043,9309,38,201,0.5274465570952841,0.36394841367135783,0.003796733153576398,-7.634149052762051e-06,0.005458949198802084,0.0036080195751482247,0.006127597989408047,dominant_component;eligible
case_005,4113,1,137,1.0,1.0,0.003717073989255592,0.0025566884191028393,0.003819780366739165,0.004167731351089126,0.004324095820091238,insufficient_independent_components
case_069,1032,1,45,1.0,1.0,0.0036660855985867383,0.0015898255311720066,0.0033041586092542085,0.00392831824493598,0.005842040008984759,insufficient_independent_components
case_050,4555,23,185,0.8805708013172339,0.7062950476204528,0.0032964439344726716,0.0010716000793152048,0.0031060337117099455,0.004082777031350095,0.00492536491551544,dominant_component
case_048,1728,1,368,1.0,1.0,0.0029979294891641943,0.0013989895948428855,0.0035244568097920694,0.003541163801279965,0.003527107750741858,insufficient_independent_components
case_027,1424,16,44,0.0625,0.0625,0.002811484996584871,0.0006883138043252446,-0.0007107943076022494,0.005617452002700647,0.005650968486915842,all_components_have_large_union_footprint
case_086,5274,1,137,1.0,1.0,0.002674619729543064,0.0015497184108455087,0.002533003158264555,0.0032451878803889888,0.0033705694686732035,insufficient_independent_components
case_047,13710,1,459,1.0,1.0,0.0023768215780468494,0.001562472222240463,0.0021281492079936815,0.0024977748062963447,0.0033188900756569084,insufficient_independent_components
case_096,1198,50,118,0.3313856427378965,0.33538024914607195,0.0023441748049894896,-8.352814138298914e-05,0.004198432945399957,0.0030269053111860035,0.0022348891047549867,dominant_component;eligible
case_026,636,31,48,0.3113207547169811,0.4233317778814746,0.002292673872593376,-0.0011185146764223731,0.004002655109798354,0.0036778316959020165,0.0026087233610955062,dominant_component;eligible
case_006,678,27,21,0.20058997050147492,0.3893446305924642,0.0021692677194950416,0.0,0.0005574138242901983,0.0036713030464472097,0.004448354007242758,dominant_component;eligible
case_068,5351,32,263,0.7804148757241637,0.8026641060739167,0.0021134131657387194,-0.0002936471937196927,0.0008032208798718022,0.0035718330420923317,0.004372245934710437,dominant_component
case_010,667,36,61,0.19940029985007496,0.3616847347636894,0.001883706304393924,0.0,0.0059450062923619255,0.0029781170289347792,-0.0013882981037210084,dominant_component;eligible
case_088,3309,31,175,0.8455726805681475,0.8076180301598389,0.0017623188919227884,-0.000647740663822085,0.000453987458264844,0.0030659712903992452,0.004177057482849149,dominant_component
case_061,1115,40,44,0.14977578475336323,0.23506357057691626,0.0016615165318523517,0.0,0.0,0.0,0.006646066127409407,dominant_component;eligible
case_003,13455,10,304,0.9806020066889632,0.8531484413094738,0.0015143496383976068,0.0018102988262146936,0.0021354833846717945,0.0016682805882114616,0.00044333575449247766,dominant_component
case_044,1364,11,123,0.09090909090909091,0.09090909090909091,0.0013881028241879228,0.0012210540360498977,0.0017605021850370982,0.0016885969644182986,0.0008822581112463968,all_components_have_large_union_footprint
case_056,7678,19,299,0.9721281583745767,0.9687704561440601,0.0013749161668960774,0.000767077373777667,0.0010851859115341433,0.0014441137340255228,0.0022032876482469765,dominant_component
case_021,3920,80,6,0.0125,0.0125,0.0012242428593664423,0.0003952559790510657,0.00032922788411427373,0.0016183524244496716,0.002554135149850758,all_components_have_large_union_footprint
case_019,647,31,78,0.26275115919629055,0.3053343710710651,0.0010772571326594592,-0.0007316334749295672,-0.0003156730898556903,0.0015425035807118271,0.0038138315147112677,dominant_component;eligible
case_079,18720,288,7,0.003472222222222222,0.003472222222222222,0.001066193450972247,0.00025849049101724477,0.000778220417695441,0.0013718480173618274,0.0018562148778144749,all_components_have_large_union_footprint
case_049,4303,11,185,0.918429003021148,0.8423976920611176,0.0010370697107672632,0.0008356532749194257,0.0012367229686829706,0.0011837866651477013,0.0008921159343189555,dominant_component
case_097,6592,64,51,0.015625,0.015625,0.0009125535636357108,0.0003187717957294511,-0.00045791252727958034,0.0018653971088117061,0.001923957877281266,all_components_have_large_union_footprint
case_064,906,1,122,1.0,1.0,0.0008701002960872106,-1.4144271570013522e-05,0.00093305536191985,0.0012789071079622482,0.0012825829860367577,insufficient_independent_components
case_017,1373,60,17,0.11798980335032774,0.04447488526017296,0.0006452090516132424,-0.00016174421138205554,0.0027061911421277472,0.0013638400131980478,-0.0013274507374907696,eligible
case_092,17608,142,123,0.007042253521126761,0.007042253521126761,0.0005351602059328992,-0.0029306880513702603,-0.0012513723758557527,0.0013415388752555301,0.00498116237570208,all_components_have_large_union_footprint
case_015,1013,46,28,0.14313919052319843,0.1764072667456881,0.00037856813727657143,0.0,9.702595714104589e-05,0.0,0.0014172465919652399,eligible
case_054,15751,24,353,0.97708082026538,0.5840315453962877,0.00032420509452989134,-0.0002393369924934552,-0.00024249653534849536,0.0007248589266032513,0.0010537949793582647,dominant_component
case_046,992,8,123,0.125,0.125,0.0003144811206165195,-0.0009650059568911873,0.0013267010397138357,0.004617953103487154,-0.0037217237038437243,all_components_have_large_union_footprint
case_078,1024,8,123,0.125,0.125,0.00028439789269172006,3.3178005929079825e-05,-0.002092340833116837,0.001933869648040374,0.0012628847499142636,all_components_have_large_union_footprint
case_014,35705,1340,123,0.0034729029547682397,0.0020271978900422787,0.00025669769441362454,0.00022578015038293042,0.00033612562905356304,0.00025799245651801693,0.00020689254169998784,eligible
case_091,31554,513,123,0.004658680357482411,0.006338765442868494,0.00019323968835053163,8.23627331826815e-05,0.00019477508105603559,0.00013065842654091941,0.00036516251262249,eligible
case_023,1011,43,30,0.12561819980217606,0.07138605442176871,0.00018356568685530704,0.0,0.0,0.0,0.0007342627474212282,eligible
case_041,16594,494,48,0.010967819693865252,0.004880076268523914,6.962882740636278e-05,4.98808714410659e-05,-1.2256460564552541e-06,0.0,0.00022986008424084048,eligible
case_076,32528,809,12,0.003750614854894245,0.003789071083686208,6.63235196547618e-05,1.3095563129166266e-05,4.119100463361836e-05,0.0001251748710392242,8.583263981703837e-05,eligible
case_098,1365,27,50,0.28498168498168497,0.5482879638109169,5.5220243689553864e-05,0.0017821531720175466,-0.002142738046092134,0.0008795519914253269,-0.0002980861425925241,dominant_component
case_024,5959,1,807,1.0,1.0,3.663705680343186e-05,0.0001689007078537208,-0.0008002531676048874,0.00015162708996152796,0.0006262735970033661,insufficient_independent_components
case_051,1416,1,191,1.0,1.0,3.093134851787084e-05,0.00012961519678754253,-0.0008233565026819867,0.00016364632443344852,0.000653820375532479,insufficient_independent_components
case_099,6296,202,28,0.01858322744599746,0.0098528095549689,1.1829130256808542e-05,9.199105640952166e-05,0.00011543357183133817,7.115211917093412e-05,-0.00023126022638455978,eligible
case_074,3609,73,38,0.07453588251593239,0.03294552784273819,1.009947449180038e-05,0.00011948123687043122,0.00019904630477286746,-0.0004133930640599548,0.00013526342038385763,eligible
case_001,600,200,2,0.005,0.005,0.0,0.0,0.0,0.0,0.0,eligible
case_004,777,111,5,0.009009009009009009,0.009009009009009009,0.0,0.0,0.0,0.0,0.0,eligible
case_007,3885,555,5,0.0018018018018018018,0.0018018018018018018,0.0,0.0,0.0,0.0,0.0,eligible
case_008,864,108,7,0.009259259259259259,0.009259259259259259,0.0,0.0,0.0,0.0,0.0,eligible
case_013,1968,246,3,0.0040650406504065045,0.0040650406504065045,0.0,0.0,0.0,0.0,0.0,eligible
case_020,7008,288,23,0.003995433789954338,0.003995433789954338,0.0,0.0,0.0,0.0,0.0,eligible
case_025,18662,2666,5,0.00037509377344336085,0.00037509377344336085,0.0,0.0,0.0,0.0,0.0,eligible
case_029,861,21,11,0.047619047619047616,0.047619047619047616,0.0,0.0,0.0,0.0,0.0,eligible
case_036,2400,800,2,0.00125,0.00125,0.0,0.0,0.0,0.0,0.0,eligible
case_037,780,20,5,0.05,0.05,0.0,0.0,0.0,0.0,0.0,eligible
case_045,1651,68,23,0.016959418534221685,0.016959418534221685,0.0,0.0,0.0,0.0,0.0,eligible
case_052,1008,52,16,0.11904761904761904,0.03673594095410404,0.0,0.0,0.0,0.0,0.0,eligible
case_060,5281,89,40,0.03465252793031623,0.027346744287223685,0.0,0.0,0.0,0.0,0.0,eligible
case_070,1191,38,34,0.23929471032745592,0.0950638730960904,0.0,0.0,0.0,0.0,0.0,eligible
case_081,3485,85,11,0.011764705882352941,0.011764705882352941,0.0,0.0,0.0,0.0,0.0,eligible
case_089,5120,40,123,0.025,0.025,0.0,0.0,0.0,0.0,0.0,eligible
case_093,552,69,3,0.014492753623188406,0.014492753623188406,0.0,0.0,0.0,0.0,0.0,eligible
case_095,3696,462,7,0.0021645021645021645,0.0021645021645021645,-4.936493400892194e-07,-1.9745973603568777e-06,0.0,0.0,0.0,eligible
case_084,8616,1077,7,0.0009285051067780873,0.0009285051067780873,-3.847207141587927e-06,-1.1659145277709282e-05,-3.729683288642427e-06,0.0,0.0,eligible
case_030,10070,486,11,0.005660377358490566,0.007304212528093125,-3.091285987679604e-05,-4.5018258694362605e-06,-4.805309424428916e-05,0.0,-7.109651939345873e-05,eligible
case_075,7410,1,459,1.0,1.0,-4.272299365919332e-05,7.164362933800294e-05,-0.0008067043441133692,-0.0009405976134869465,0.0015047663536255395,insufficient_independent_components
case_077,4486,41,134,0.4672313865358894,0.17979394930498774,-4.4277300245392225e-05,0.0,0.0,0.0,-0.0001771092009815689,eligible
case_031,6135,107,135,0.34995925020374896,0.04217761416389677,-4.7425137372051344e-05,0.0,0.0,-0.00018970054948820537,0.0,eligible
case_011,688,16,21,0.0625,0.0625,-4.981239165075424e-05,0.0,0.0,0.0,-0.00019924956660301695,eligible
case_059,2752,64,21,0.015625,0.015625,-6.431540868692687e-05,0.0,-0.00025726163474770747,0.0,0.0,eligible
case_065,704,42,27,0.08664772727272728,0.05801959258594202,-6.533233131922556e-05,-0.0002938889000495903,0.00018700170556288587,0.0,-0.00015444213079019776,eligible
case_033,3465,95,33,0.01847041847041847,0.02140727442044734,-7.716017934140117e-05,-2.5876756451199688e-05,-6.939905224372821e-05,0.0,-0.0002133649086706768,eligible
case_038,5907,130,35,0.019637717961740308,0.01984169116189421,-9.024436140883774e-05,0.0,-0.00010161777854877485,-0.00017358684137258606,-8.577282571399003e-05,eligible
case_053,11670,39,240,0.8443016281062553,0.28816896809336984,-0.00010417836318540378,9.502910171136359e-05,-0.001951517549799675,0.0025725854025976424,-0.001132810407250946,dominant_component;eligible
case_022,1356,32,35,0.13495575221238937,0.1307080858839653,-0.00013215473674063727,0.0,0.0,0.0,-0.0005286189469625491,eligible
case_094,647,40,35,0.06800618238021638,0.06573756432246998,-0.00013989117552856922,0.0,0.0,-0.0005595647021142769,0.0,eligible
case_018,2727,126,27,0.021635496883021636,0.027036250416544547,-0.00017445008555381892,-0.00012127123557872376,-0.00023721644623182048,0.0,-0.0003393126604047314,eligible
case_066,5962,28,153,0.6164038913116404,0.6847608183542466,-0.00037294833875929856,0.0011709599384301073,-0.0010762461625658127,0.00015707805443972766,-0.0017435851853412165,dominant_component
case_042,4733,104,52,0.054510881047961125,0.03397345571504564,-0.0003839902086035868,0.0001183143273674081,-0.00016047468878835236,-0.0005874686055208667,-0.0009063318674725362,eligible
case_012,972,50,18,0.10082304526748971,0.18342843140686807,-0.0005027054283675841,-0.0004028234112156004,-0.0005760381574963969,-0.0010319601447583394,0.0,eligible
case_016,17995,1,2439,1.0,1.0,-0.0005360211474178378,-0.00045204785492027,-0.0009289947679684807,-0.0011094722029345605,0.00034643023615196,insufficient_independent_components
case_034,3745,155,23,0.025100133511348464,0.013855221370293441,-0.000584281186836837,3.316010725888052e-05,0.0,-0.0012860861177891136,-0.0010841987368171147,eligible
case_055,1236,24,27,0.14805825242718446,0.10838296001999431,-0.0008231764602042834,-0.0005607490451511588,-0.002234679411389555,0.0008858553855825901,-0.0013831327698590101,eligible
case_087,27556,196,381,0.4606256350704021,0.15076897344344456,-0.0008716298788193567,0.00019253364918390582,1.4660398104919814e-05,-0.000867377036560315,-0.002826336526005937,eligible
case_082,4113,1,137,1.0,1.0,-0.0010114034888501862,-0.00011775738880754006,-0.0012715422389151666,-0.0015297538897933061,-0.0011265604378847315,insufficient_independent_components
case_062,19636,1,27,1.0,1.0,-0.0014160115100102695,0.0004251892383827438,-0.000725831380240054,-0.0006294671338736002,-0.0047339367643101675,insufficient_independent_components
case_090,1664,13,123,0.07692307692307693,0.07692307692307693,-0.002139002758813199,-0.003118391862451335,-0.002688568317948259,-0.00214909005943845,-0.0005999607954147512,all_components_have_large_union_footprint
case_083,3844,31,123,0.03225806451612903,0.03225806451612903,-0.0028326718506535916,-0.0028175219029861753,-0.0035766515865212557,-0.0018387520489798303,-0.003097761864127104,all_components_have_large_union_footprint
case_067,8804,71,123,0.014084507042253521,0.014084507042253521,-0.003811974211139853,-0.0009189855314047013,-0.002488354474713876,-0.004466308217506079,-0.007374248620934756,all_components_have_large_union_footprint
case_073,4836,39,123,0.02564102564102564,0.02564102564102564,-0.00413636646970696,-0.0026478230849508533,-0.003953016522541346,-0.005200764459294227,-0.004743861812041414,all_components_have_large_union_footprint
case_085,19737,1,449,1.0,1.0,-0.004396086927297969,0.00035996765217152007,-0.003208381435759806,-0.00623659900287352,-0.008499334922730068,insufficient_independent_components
case_002,1798,1,23,1.0,1.0,-0.0047147205772679265,0.0006215001226520878,0.0006164730178700539,-0.007213386846647682,-0.012883468602946167,insufficient_independent_components
case_063,7360,1,25,1.0,1.0,-0.004905973433380375,0.000496905703187216,0.0009083618685678596,-0.006040209311616001,-0.014988951993660576,insufficient_independent_components
case_028,19584,153,123,0.006535947712418301,0.006535947712418301,-0.006217164588646621,-0.001712156074333866,-0.0044966716550848005,-0.008339461436594347,-0.010320369188573469,all_components_have_large_union_footprint
