case,cores,outcome,loss_type,legacy_base,routed_base,legacy_final,routed_final,base_gap,legacy_J_gain,routed_J_gain,final_gap,J_gain_difference,same_anchor,legacy_base_name,routed_base_name,legacy_base_slot,routed_base_slot,legacy_base_missing_from_routed,old_base_alone_beats_routed_final,ops,largest_fraction,legacy_final_bytes,routed_final_bytes,keep_old_chain_anchor_known,keep_old_chain_cycles,keep_old_chain_bytes,keep_old_chain_J_source,keep_old_depth_anchor_known,keep_old_depth_cycles,keep_old_depth_bytes,keep_old_depth_J_source
1,2,tie,not_loss,116868,116868,116868,116868,0,0,0,0,0,True,migration_B,migration_B,1,1,False,False,1001,0.005,1152,1152,True,116868,1152,legacy,True,116868,1152,legacy
1,3,tie,not_loss,78545,78545,78545,78545,0,0,0,0,0,True,migration_B,migration_B,1,1,False,False,1001,0.005,2304,2304,True,78545,2304,legacy,True,78545,2304,legacy
1,4,tie,not_loss,58984,58984,58984,58984,0,0,0,0,0,True,migration_B,migration_B,1,1,False,False,1001,0.005,3456,3456,True,58984,3456,legacy,True,58984,3456,legacy
1,5,tie,not_loss,47502,47502,47502,47502,0,0,0,0,0,True,migration_B,migration_B,1,1,False,False,1001,0.005,4608,4608,True,47502,4608,legacy,True,47502,4608,legacy
2,2,tie,not_loss,134224,134224,134224,134224,0,0,0,0,0,True,migration_B,migration_B,1,1,False,False,2197,1.0,216576,216576,True,134224,216576,legacy,True,134224,216576,legacy
2,3,win,not_loss,91129,90565,91129,90565,-564,0,0,-564,0,False,depth8,depth8_reference_gate,8,8,True,False,2197,1.0,408576,423936,True,90565,423936,routed,True,91129,408576,legacy
2,4,tie,not_loss,68574,68574,68574,68574,0,0,0,0,0,True,migration_B,migration_B,1,1,False,False,2197,1.0,377856,377856,True,68574,377856,legacy,True,68574,377856,legacy
2,5,win,not_loss,56281,55189,56281,55189,-1092,0,0,-1092,0,False,depth8,depth8_reference_gate,8,8,True,False,2197,1.0,502272,514560,True,55189,514560,routed,True,56281,502272,legacy
3,2,win,not_loss,361473,341181,361473,341181,-20292,0,0,-20292,0,False,chains,chains_reference_gate,7,7,True,False,13670,0.9806020066889632,4782130,6564470,False,,,,True,341181,6564470,routed
3,3,win,not_loss,281649,274348,281649,274348,-7301,0,0,-7301,0,False,chains,chains_reference_gate,7,7,True,False,13670,0.9806020066889632,6837964,9497892,True,281649,6837964,legacy,True,274348,9497892,routed
3,4,tie,not_loss,217843,217843,217774,217774,0,69,69,0,0,True,migration_B,migration_B,1,1,False,False,13670,0.9806020066889632,7333194,7333194,True,217774,7333194,legacy,True,217774,7333194,legacy
3,5,tie,not_loss,199278,199278,199233,199233,0,45,45,0,0,True,migration_B,migration_B,1,1,False,False,13670,0.9806020066889632,7908308,7908308,True,199233,7908308,legacy,True,199233,7908308,legacy
4,2,tie,not_loss,199074,199074,199074,199074,0,0,0,0,0,True,migration_B,migration_B,1,1,False,False,1002,0.009009009009009009,110592,110592,True,199074,110592,legacy,True,199074,110592,legacy
4,3,tie,not_loss,134043,134043,134043,134043,0,0,0,0,0,True,migration_B,migration_B,1,1,False,False,1002,0.009009009009009009,221184,221184,True,134043,221184,legacy,True,134043,221184,legacy
4,4,tie,not_loss,104188,104188,104188,104188,0,0,0,0,0,True,migration_B,migration_B,1,1,False,False,1002,0.009009009009009009,331776,331776,True,104188,331776,legacy,True,104188,331776,legacy
4,5,tie,not_loss,88341,88341,88341,88341,0,0,0,0,0,True,migration_B,migration_B,1,1,False,False,1002,0.009009009009009009,442368,442368,True,88341,442368,legacy,True,88341,442368,legacy
5,2,win,not_loss,63119,61371,63119,61371,-1748,0,0,-1748,0,False,chains,depth8_reference_gate,7,8,True,False,4209,1.0,1388070,882310,True,61371,882310,routed,False,,,
5,3,win,not_loss,56202,54267,56202,54267,-1935,0,0,-1935,0,False,chains,depth8_reference_gate,7,8,True,False,4209,1.0,1757164,1461452,True,54267,1461452,routed,False,,,
5,4,win,not_loss,52945,52572,52945,52462,-373,0,110,-483,-110,False,chains,depth8_reference_gate,7,8,True,False,4209,1.0,1645328,1495922,True,52462,1495922,routed,False,,,
5,5,loss,base_worse,50733,55941,50673,55679,5208,60,262,5006,-202,False,chains,depth8_reference_gate,7,8,True,True,4209,1.0,1688564,1859574,True,50673,1688564,legacy,False,,,
6,2,tie,not_loss,40815,40815,40815,40815,0,0,0,0,0,True,components_reuse,components_reuse,4,4,False,False,851,0.20058997050147492,17280,17280,True,40815,17280,legacy,True,40815,17280,legacy
6,3,tie,not_loss,30589,30589,30449,30449,0,140,140,0,0,True,depth8,depth8,8,8,False,False,851,0.20058997050147492,118176,118176,True,30449,118176,legacy,True,30449,118176,legacy
6,4,tie,not_loss,26843,26843,26843,26843,0,0,0,0,0,True,depth8,depth8,8,8,False,False,851,0.20058997050147492,203696,203696,True,26843,203696,legacy,True,26843,203696,legacy
6,5,tie,not_loss,27216,27216,27216,27216,0,0,0,0,0,True,depth8,depth8,8,8,False,False,851,0.20058997050147492,219928,219928,True,27216,219928,legacy,True,27216,219928,legacy
7,2,tie,not_loss,507494,507494,507494,507494,0,0,0,0,0,True,migration_B,migration_B,1,1,False,False,4998,0.0018018018018018018,27648,27648,True,507494,27648,legacy,True,507494,27648,legacy
7,3,tie,not_loss,338094,338094,338094,338094,0,0,0,0,0,True,migration_B,migration_B,1,1,False,False,4998,0.0018018018018018018,55296,55296,True,338094,55296,legacy,True,338094,55296,legacy
7,4,tie,not_loss,254398,254398,254398,254398,0,0,0,0,0,True,migration_B,migration_B,1,1,False,False,4998,0.0018018018018018018,82944,82944,True,254398,82944,legacy,True,254398,82944,legacy
7,5,tie,not_loss,203834,203834,203834,203834,0,0,0,0,0,True,migration_B,migration_B,1,1,False,False,4998,0.0018018018018018018,110592,110592,True,203834,110592,legacy,True,203834,110592,legacy
8,2,tie,not_loss,244266,244266,244266,244266,0,0,0,0,0,True,migration_B,migration_B,1,1,False,False,1404,0.009259259259259259,0,0,True,244266,0,legacy,True,244266,0,legacy
8,3,tie,not_loss,163359,163359,163359,163359,0,0,0,0,0,True,migration_B,migration_B,1,1,False,False,1404,0.009259259259259259,0,0,True,163359,0,legacy,True,163359,0,legacy
8,4,tie,not_loss,123060,123060,123060,123060,0,0,0,0,0,True,migration_B,migration_B,1,1,False,False,1404,0.009259259259259259,0,0,True,123060,0,legacy,True,123060,0,legacy
8,5,tie,not_loss,100603,100603,100603,100603,0,0,0,0,0,True,migration_B,migration_B,1,1,False,False,1404,0.009259259259259259,0,0,True,100603,0,legacy,True,100603,0,legacy
9,2,win,not_loss,92042,90844,92042,90801,-1198,0,43,-1241,-43,False,hybrid_work_0.5,depth8_reference_gate,6,8,False,False,6058,0.8418268383001234,0,547342,True,90801,547342,routed,True,92042,0,legacy
9,3,win,not_loss,87234,72361,87234,72361,-14873,0,0,-14873,0,False,chains,depth8_reference_gate,7,8,True,False,6058,0.8418268383001234,764410,737384,True,72361,737384,routed,False,,,
9,4,win,not_loss,77543,62725,77482,62725,-14818,61,0,-14757,61,False,depth8,depth8_reference_gate,8,8,True,False,6058,0.8418268383001234,273632,838982,True,62725,838982,routed,True,77482,273632,legacy
9,5,win,not_loss,65463,56088,65410,56088,-9375,53,0,-9322,53,False,chains,depth8_reference_gate,7,8,True,False,6058,0.8418268383001234,1009526,898504,True,56088,898504,routed,False,,,
10,2,tie,not_loss,42106,42106,42106,42106,0,0,0,0,0,True,chains,chains,6,6,False,False,796,0.19940029985007496,311944,311944,True,42106,311944,legacy,True,42106,311944,legacy
10,3,tie,not_loss,30856,30856,30856,30856,0,0,0,0,0,True,components_pipe,components_pipe,3,3,False,False,796,0.19940029985007496,48384,48384,True,30856,48384,legacy,True,30856,48384,legacy
10,4,tie,not_loss,27450,27450,26340,26340,0,1110,1110,0,0,True,chains,chains,7,7,False,False,796,0.19940029985007496,483232,483232,True,26340,483232,legacy,True,26340,483232,legacy
10,5,tie,not_loss,22006,22006,22006,22006,0,0,0,0,0,True,migration_B,migration_B,1,1,False,False,796,0.19940029985007496,562432,562432,True,22006,562432,legacy,True,22006,562432,legacy
11,2,tie,not_loss,92646,92646,92646,92646,0,0,0,0,0,True,migration_B,migration_B,1,1,False,False,880,0.0625,180224,180224,True,92646,180224,legacy,True,92646,180224,legacy
11,3,tie,not_loss,64651,64651,64180,64180,0,471,471,0,0,True,depth8,depth8,7,7,False,False,880,0.0625,1660928,1660928,True,64180,1660928,legacy,True,64180,1660928,legacy
11,4,tie,not_loss,46880,46880,46880,46880,0,0,0,0,0,True,migration_B,migration_B,1,1,False,False,880,0.0625,540672,540672,True,46880,540672,legacy,True,46880,540672,legacy
11,5,tie,not_loss,46211,46211,46194,46194,0,17,17,0,0,True,depth8,depth8,7,7,False,False,880,0.0625,2033664,2033664,True,46194,2033664,legacy,True,46194,2033664,legacy
12,2,tie,not_loss,25733,25733,25535,25535,0,198,198,0,0,True,depth8,depth8,7,7,False,False,1304,0.10082304526748971,94960,94960,True,25535,94960,legacy,True,25535,94960,legacy
12,3,tie,not_loss,19120,19120,18128,18128,0,992,992,0,0,True,depth8,depth8,7,7,False,False,1304,0.10082304526748971,189892,189892,True,18128,189892,legacy,True,18128,189892,legacy
12,4,tie,not_loss,14948,14948,14948,14948,0,0,0,0,0,True,hybrid_work_1,hybrid_work_1,5,5,False,False,1304,0.10082304526748971,39168,39168,True,14948,39168,legacy,True,14948,39168,legacy
12,5,tie,not_loss,12519,12519,12519,12519,0,0,0,0,0,True,hybrid_work_1,hybrid_work_1,5,5,False,False,1304,0.10082304526748971,25344,25344,True,12519,25344,legacy,True,12519,25344,legacy
13,2,tie,not_loss,132198,132198,132198,132198,0,0,0,0,0,True,migration_B,migration_B,1,1,False,False,3202,0.0040650406504065045,8192,8192,True,132198,8192,legacy,True,132198,8192,legacy
13,3,tie,not_loss,88351,88351,88351,88351,0,0,0,0,0,True,migration_B,migration_B,1,1,False,False,3202,0.0040650406504065045,16384,16384,True,88351,16384,legacy,True,88351,16384,legacy
13,4,tie,not_loss,66982,66982,66982,66982,0,0,0,0,0,True,migration_B,migration_B,1,1,False,False,3202,0.0040650406504065045,24576,24576,True,66982,24576,legacy,True,66982,24576,legacy
13,5,tie,not_loss,54363,54363,54363,54363,0,0,0,0,0,True,migration_B,migration_B,1,1,False,False,3202,0.0040650406504065045,32768,32768,True,54363,32768,legacy,True,54363,32768,legacy
14,2,tie,not_loss,8909568,8909568,8909568,8909568,0,0,0,0,0,True,migration_B,migration_B,1,1,False,False,38666,0.0034729029547682397,69998520,69998520,True,8909568,69998520,legacy,True,8909568,69998520,legacy
14,3,tie,not_loss,5974992,5974992,5951263,5951263,0,23729,23729,0,0,True,components_reuse,components_reuse,4,4,False,False,38666,0.0034729029547682397,56526504,56526504,True,5951263,56526504,legacy,True,5951263,56526504,legacy
14,4,tie,not_loss,4526637,4526637,4526637,4526637,0,0,0,0,0,True,components_reuse,components_reuse,4,4,False,False,38666,0.0034729029547682397,59878296,59878296,True,4526637,59878296,legacy,True,4526637,59878296,legacy
14,5,tie,not_loss,3675825,3675825,3663108,3663108,0,12717,12717,0,0,True,components_reuse,components_reuse,4,4,False,False,38666,0.0034729029547682397,62443416,62443416,True,3663108,62443416,legacy,True,3663108,62443416,legacy
15,2,tie,not_loss,87493,87493,87493,87493,0,0,0,0,0,True,hybrid_work_1,hybrid_work_1,5,5,False,False,1290,0.14313919052319843,109824,109824,True,87493,109824,legacy,True,87493,109824,legacy
15,3,tie,not_loss,61018,61018,61018,61018,0,0,0,0,0,True,migration_B,migration_B,1,1,False,False,1290,0.14313919052319843,298252,298252,True,61018,298252,legacy,True,61018,298252,legacy
15,4,tie,not_loss,48866,48866,48866,48866,0,0,0,0,0,True,migration_B,migration_B,1,1,False,False,1290,0.14313919052319843,365824,365824,True,48866,365824,legacy,True,48866,365824,legacy
15,5,tie,not_loss,42569,42569,42569,42569,0,0,0,0,0,True,components_pipe,components_pipe,3,3,False,False,1290,0.14313919052319843,326144,326144,True,42569,326144,legacy,True,42569,326144,legacy
16,2,win,not_loss,4173199,4027025,4173199,4027025,-146174,0,0,-146174,0,False,chains,chains_reference_gate,7,7,True,False,18008,1.0,10976,404200,True,4173199,10976,legacy,True,4027025,404200,routed
16,3,win,not_loss,2965268,2877849,2965268,2877849,-87419,0,0,-87419,0,False,chains,chains_reference_gate,7,7,True,False,18008,1.0,15244,341100,True,2965268,15244,legacy,True,2877849,341100,routed
16,4,win,not_loss,2402049,2244367,2402049,2244367,-157682,0,0,-157682,0,False,chains,chains_reference_gate,7,7,True,False,18008,1.0,17056,605676,True,2402049,17056,legacy,True,2244367,605676,routed
16,5,win,not_loss,2239322,2088965,2239322,2088965,-150357,0,0,-150357,0,False,chains,chains_reference_gate,7,7,True,False,18008,1.0,869268,444880,True,2239322,869268,legacy,True,2088965,444880,routed
17,2,tie,not_loss,77533,77533,76658,76658,0,875,875,0,0,True,hybrid_work_1,hybrid_work_1,5,5,False,False,1758,0.11798980335032774,87552,87552,True,76658,87552,legacy,True,76658,87552,legacy
17,3,tie,not_loss,52121,52121,49850,49850,0,2271,2271,0,0,True,components_reuse,components_reuse,4,4,False,False,1758,0.11798980335032774,175104,175104,True,49850,175104,legacy,True,49850,175104,legacy
17,4,tie,not_loss,39668,39668,39668,39668,0,0,0,0,0,True,components_reuse,components_reuse,4,4,False,False,1758,0.11798980335032774,259200,259200,True,39668,259200,legacy,True,39668,259200,legacy
17,5,tie,not_loss,33081,33081,33081,33081,0,0,0,0,0,True,migration_B,migration_B,1,1,False,False,1758,0.11798980335032774,331776,331776,True,33081,331776,legacy,True,33081,331776,legacy
18,2,tie,not_loss,502491,502491,502491,502491,0,0,0,0,0,True,migration_B,migration_B,1,1,False,False,3285,0.021635496883021636,2638848,2638848,True,502491,2638848,legacy,True,502491,2638848,legacy
18,3,tie,not_loss,337417,337417,337417,337417,0,0,0,0,0,True,migration_B,migration_B,1,1,False,False,3285,0.021635496883021636,3971072,3971072,True,337417,3971072,legacy,True,337417,3971072,legacy
18,4,tie,not_loss,253676,253676,253676,253676,0,0,0,0,0,True,migration_B,migration_B,1,1,False,False,3285,0.021635496883021636,4938752,4938752,True,253676,4938752,legacy,True,253676,4938752,legacy
18,5,tie,not_loss,205917,205917,205917,205917,0,0,0,0,0,True,components_pipe,components_pipe,3,3,False,False,3285,0.021635496883021636,5320704,5320704,True,205917,5320704,legacy,True,205917,5320704,legacy
19,2,tie,not_loss,39030,39030,38506,38506,0,524,524,0,0,True,chains,chains,6,6,False,False,766,0.26275115919629055,354360,354360,True,38506,354360,legacy,True,38506,354360,legacy
19,3,tie,not_loss,27716,27716,27716,27716,0,0,0,0,0,True,migration_B,migration_B,1,1,False,False,766,0.26275115919629055,54336,54336,True,27716,54336,legacy,True,27716,54336,legacy
19,4,tie,not_loss,22276,22276,22276,22276,0,0,0,0,0,True,chains,chains,7,7,False,False,766,0.26275115919629055,762456,762456,True,22276,762456,legacy,True,22276,762456,legacy
19,5,tie,not_loss,18267,18267,18267,18267,0,0,0,0,0,True,depth8,depth8,8,8,False,False,766,0.26275115919629055,255068,255068,True,18267,255068,legacy,True,18267,255068,legacy
20,2,tie,not_loss,266580,266580,266580,266580,0,0,0,0,0,True,migration_B,migration_B,1,1,False,False,7584,0.003995433789954338,0,0,True,266580,0,legacy,True,266580,0,legacy
20,3,tie,not_loss,177950,177950,177950,177950,0,0,0,0,0,True,migration_B,migration_B,1,1,False,False,7584,0.003995433789954338,0,0,True,177950,0,legacy,True,177950,0,legacy
20,4,tie,not_loss,133704,133704,133704,133704,0,0,0,0,0,True,migration_B,migration_B,1,1,False,False,7584,0.003995433789954338,0,0,True,133704,0,legacy,True,133704,0,legacy
20,5,tie,not_loss,107650,107650,107650,107650,0,0,0,0,0,True,migration_B,migration_B,1,1,False,False,7584,0.003995433789954338,0,0,True,107650,0,legacy,True,107650,0,legacy
21,2,tie,not_loss,3174339,3174339,3174339,3174339,0,0,0,0,0,True,migration_B,migration_B,1,1,False,False,4450,0.0125,33017856,33017856,True,3174339,33017856,legacy,True,3174339,33017856,legacy
21,3,tie,not_loss,2092372,2092372,2090922,2090922,0,1450,1450,0,0,True,migration_B,migration_B,1,1,False,False,4450,0.0125,34854912,34854912,True,2090922,34854912,legacy,True,2090922,34854912,legacy
21,4,tie,not_loss,1550324,1550324,1550324,1550324,0,0,0,0,0,True,migration_B,migration_B,1,1,False,False,4450,0.0125,4608000,4608000,True,1550324,4608000,legacy,True,1550324,4608000,legacy
21,5,tie,not_loss,1250168,1250168,1250168,1250168,0,0,0,0,0,True,migration_B,migration_B,1,1,False,False,4450,0.0125,11431936,11431936,True,1250168,11431936,legacy,True,1250168,11431936,legacy
22,2,tie,not_loss,27977,27977,27860,27860,0,117,117,0,0,True,depth8,depth8,7,7,False,False,1567,0.13495575221238937,145236,145236,True,27860,145236,legacy,True,27860,145236,legacy
22,3,tie,not_loss,18978,18978,18978,18978,0,0,0,0,0,True,migration_B,migration_B,1,1,False,False,1567,0.13495575221238937,13824,13824,True,18978,13824,legacy,True,18978,13824,legacy
22,4,tie,not_loss,14336,14336,14336,14336,0,0,0,0,0,True,migration_B,migration_B,1,1,False,False,1567,0.13495575221238937,20736,20736,True,14336,20736,legacy,True,14336,20736,legacy
22,5,tie,not_loss,11479,11479,11479,11479,0,0,0,0,0,True,migration_B,migration_B,1,1,False,False,1567,0.13495575221238937,20736,20736,True,11479,20736,legacy,True,11479,20736,legacy
23,2,tie,not_loss,60965,60965,60965,60965,0,0,0,0,0,True,components_reuse,components_reuse,4,4,False,False,1202,0.12561819980217606,74016,74016,True,60965,74016,legacy,True,60965,74016,legacy
23,3,tie,not_loss,40682,40682,40682,40682,0,0,0,0,0,True,migration_B,migration_B,1,1,False,False,1202,0.12561819980217606,207264,207264,True,40682,207264,legacy,True,40682,207264,legacy
23,4,tie,not_loss,30516,30516,30516,30516,0,0,0,0,0,True,migration_B,migration_B,1,1,False,False,1202,0.12561819980217606,281280,281280,True,30516,281280,legacy,True,30516,281280,legacy
23,5,tie,not_loss,24940,24940,24940,24940,0,0,0,0,0,True,migration_B,migration_B,1,1,False,False,1202,0.12561819980217606,280992,280992,True,24940,280992,legacy,True,24940,280992,legacy
24,2,win,not_loss,1382326,1335245,1382326,1335245,-47081,0,0,-47081,0,False,chains,chains_reference_gate,7,7,True,False,5972,1.0,3632,396856,True,1382326,3632,legacy,True,1335245,396856,routed
24,3,win,not_loss,982864,954537,982864,954537,-28327,0,0,-28327,0,False,chains,chains_reference_gate,7,7,True,False,5972,1.0,5044,332124,True,982864,5044,legacy,True,954537,332124,routed
24,4,win,not_loss,797232,748435,797232,748435,-48797,0,0,-48797,0,False,chains,chains_reference_gate,7,7,True,False,5972,1.0,5632,595068,True,797232,5632,legacy,True,748435,595068,routed
24,5,win,not_loss,743500,695849,743500,695849,-47651,0,0,-47651,0,False,chains,chains_reference_gate,7,7,True,False,5972,1.0,628436,432232,True,743500,628436,legacy,True,695849,432232,routed
25,2,tie,not_loss,2431840,2431840,2431840,2431840,0,0,0,0,0,True,migration_B,migration_B,1,1,False,False,23997,0.00037509377344336085,27648,27648,True,2431840,27648,legacy,True,2431840,27648,legacy
25,3,tie,not_loss,1622164,1622164,1622164,1622164,0,0,0,0,0,True,migration_B,migration_B,1,1,False,False,23997,0.00037509377344336085,55296,55296,True,1622164,55296,legacy,True,1622164,55296,legacy
25,4,tie,not_loss,1217444,1217444,1217444,1217444,0,0,0,0,0,True,migration_B,migration_B,1,1,False,False,23997,0.00037509377344336085,82944,82944,True,1217444,82944,legacy,True,1217444,82944,legacy
25,5,tie,not_loss,975282,975282,975282,975282,0,0,0,0,0,True,migration_B,migration_B,1,1,False,False,23997,0.00037509377344336085,110592,110592,True,975282,110592,legacy,True,975282,110592,legacy
26,2,tie,not_loss,51429,51429,51429,51429,0,0,0,0,0,True,migration_B,migration_B,1,1,False,False,769,0.3113207547169811,21936,21936,True,51429,21936,legacy,True,51429,21936,legacy
26,3,tie,not_loss,41688,41688,41688,41688,0,0,0,0,0,True,components_pipe,components_pipe,3,3,False,False,769,0.3113207547169811,95664,95664,True,41688,95664,legacy,True,41688,95664,legacy
26,4,tie,not_loss,42226,42226,42226,42226,0,0,0,0,0,True,components_pipe,components_pipe,3,3,False,False,769,0.3113207547169811,172128,172128,True,42226,172128,legacy,True,42226,172128,legacy
26,5,tie,not_loss,38842,38842,38198,38198,0,644,644,0,0,True,chains,chains,7,7,False,False,769,0.3113207547169811,835212,835212,True,38198,835212,legacy,True,38198,835212,legacy
27,2,tie,not_loss,1120962,1120962,1120962,1120962,0,0,0,0,0,True,migration_B,migration_B,1,1,False,False,1800,0.0625,1744896,1744896,True,1120962,1744896,legacy,True,1120962,1744896,legacy
27,3,tie,not_loss,744579,744579,744579,744579,0,0,0,0,0,True,migration_B,migration_B,1,1,False,False,1800,0.0625,18481152,18481152,True,744579,18481152,legacy,True,744579,18481152,legacy
27,4,tie,not_loss,559196,559196,559196,559196,0,0,0,0,0,True,migration_B,migration_B,1,1,False,False,1800,0.0625,3317760,3317760,True,559196,3317760,legacy,True,559196,3317760,legacy
27,5,tie,not_loss,502641,502641,499622,499622,0,3019,3019,0,0,True,chains,chains,6,6,False,False,1800,0.0625,21954560,21954560,True,499622,21954560,legacy,True,499622,21954560,legacy
28,2,tie,not_loss,20517451,20517451,20517451,20517451,0,0,0,0,0,True,chains,chains,6,6,False,False,19944,0.006535947712418301,75738432,75738432,True,20517451,75738432,legacy,True,20517451,75738432,legacy
28,3,tie,not_loss,13777051,13777051,13687852,13687852,0,89199,89199,0,0,True,chains,chains,6,6,False,False,19944,0.006535947712418301,44350128,44350128,True,13687852,44350128,legacy,True,13687852,44350128,legacy
28,4,tie,not_loss,10347838,10347838,10347838,10347838,0,0,0,0,0,True,depth8,depth8,7,7,False,False,19944,0.006535947712418301,74883456,74883456,True,10347838,74883456,legacy,True,10347838,74883456,legacy
28,5,tie,not_loss,8379068,8379068,8286707,8286707,0,92361,92361,0,0,True,depth8,depth8,7,7,False,False,19944,0.006535947712418301,73953792,73953792,True,8286707,73953792,legacy,True,8286707,73953792,legacy
29,2,tie,not_loss,18880,18880,18880,18880,0,0,0,0,0,True,depth8,depth8,7,7,False,False,1113,0.047619047619047616,16388,16388,True,18880,16388,legacy,True,18880,16388,legacy
29,3,tie,not_loss,12743,12743,12743,12743,0,0,0,0,0,True,migration_B,migration_B,1,1,False,False,1113,0.047619047619047616,0,0,True,12743,0,legacy,True,12743,0,legacy
29,4,tie,not_loss,10168,10168,10168,10168,0,0,0,0,0,True,depth8,depth8,7,7,False,False,1113,0.047619047619047616,49164,49164,True,10168,49164,legacy,True,10168,49164,legacy
29,5,tie,not_loss,8787,8787,8787,8787,0,0,0,0,0,True,depth8,depth8,7,7,False,False,1113,0.047619047619047616,65552,65552,True,8787,65552,legacy,True,8787,65552,legacy
30,2,tie,not_loss,1391843,1391843,1390496,1390496,0,1347,1347,0,0,True,hybrid_work_1,hybrid_work_1,5,5,False,False,11248,0.005660377358490566,1292288,1292288,True,1390496,1292288,legacy,True,1390496,1292288,legacy
30,3,tie,not_loss,933720,933720,933720,933720,0,0,0,0,0,True,migration_B,migration_B,1,1,False,False,11248,0.005660377358490566,8985600,8985600,True,933720,8985600,legacy,True,933720,8985600,legacy
30,4,tie,not_loss,697351,697351,697351,697351,0,0,0,0,0,True,components_reuse,components_reuse,4,4,False,False,11248,0.005660377358490566,6002688,6002688,True,697351,6002688,legacy,True,697351,6002688,legacy
30,5,tie,not_loss,559882,559882,559882,559882,0,0,0,0,0,True,components_reuse,components_reuse,4,4,False,False,11248,0.005660377358490566,7484416,7484416,True,559882,7484416,legacy,True,559882,7484416,legacy
31,2,tie,not_loss,712262,712262,712262,712262,0,0,0,0,0,True,migration_B,migration_B,1,1,False,False,6805,0.34995925020374896,5250048,5250048,True,712262,5250048,legacy,True,712262,5250048,legacy
31,3,tie,not_loss,473822,473822,473822,473822,0,0,0,0,0,True,migration_B,migration_B,1,1,False,False,6805,0.34995925020374896,7544832,7544832,True,473822,7544832,legacy,True,473822,7544832,legacy
31,4,tie,not_loss,360134,360134,360134,360134,0,0,0,0,0,True,migration_B,migration_B,1,1,False,False,6805,0.34995925020374896,7808000,7808000,True,360134,7808000,legacy,True,360134,7808000,legacy
31,5,tie,not_loss,284848,284848,284848,284848,0,0,0,0,0,True,migration_B,migration_B,1,1,False,False,6805,0.34995925020374896,7931904,7931904,True,284848,7931904,legacy,True,284848,7931904,legacy
32,2,tie,not_loss,17571,17571,17566,17566,0,5,5,0,0,True,hybrid_work_1,hybrid_work_1,5,5,False,False,1035,0.22853688029020555,6216,6216,True,17566,6216,legacy,True,17566,6216,legacy
32,3,tie,not_loss,11910,11910,11910,11910,0,0,0,0,0,True,hybrid_work_1,hybrid_work_1,5,5,False,False,1035,0.22853688029020555,12360,12360,True,11910,12360,legacy,True,11910,12360,legacy
32,4,tie,not_loss,10756,10756,10728,10728,0,28,28,0,0,True,depth8,depth8,7,7,False,False,1035,0.22853688029020555,74980,74980,True,10728,74980,legacy,True,10728,74980,legacy
32,5,tie,not_loss,10414,10414,10414,10414,0,0,0,0,0,True,hybrid_work_1,hybrid_work_1,5,5,False,False,1035,0.22853688029020555,12360,12360,True,10414,12360,legacy,True,10414,12360,legacy
33,2,tie,not_loss,889132,889132,889132,889132,0,0,0,0,0,True,migration_B,migration_B,1,1,False,False,4069,0.01847041847041847,6452256,6452256,True,889132,6452256,legacy,True,889132,6452256,legacy
33,3,tie,not_loss,596821,596821,596821,596821,0,0,0,0,0,True,migration_B,migration_B,1,1,False,False,4069,0.01847041847041847,7053888,7053888,True,596821,7053888,legacy,True,596821,7053888,legacy
33,4,tie,not_loss,443447,443447,443447,443447,0,0,0,0,0,True,migration_B,migration_B,1,1,False,False,4069,0.01847041847041847,7214688,7214688,True,443447,7214688,legacy,True,443447,7214688,legacy
33,5,tie,not_loss,361176,361176,361176,361176,0,0,0,0,0,True,migration_B,migration_B,1,1,False,False,4069,0.01847041847041847,7894656,7894656,True,361176,7894656,legacy,True,361176,7894656,legacy
34,2,tie,not_loss,415251,415251,415251,415251,0,0,0,0,0,True,hybrid_work_1,hybrid_work_1,5,5,False,False,4545,0.025100133511348464,943616,943616,True,415251,943616,legacy,True,415251,943616,legacy
34,3,tie,not_loss,276862,276862,270947,270947,0,5915,5915,0,0,True,components_reuse,components_reuse,4,4,False,False,4545,0.025100133511348464,2288640,2288640,True,270947,2288640,legacy,True,270947,2288640,legacy
34,4,tie,not_loss,208285,208285,206454,206454,0,1831,1831,0,0,True,components_reuse,components_reuse,4,4,False,False,4545,0.025100133511348464,3059200,3059200,True,206454,3059200,legacy,True,206454,3059200,legacy
34,5,tie,not_loss,169854,169854,167389,167389,0,2465,2465,0,0,True,components_reuse,components_reuse,4,4,False,False,4545,0.025100133511348464,3463168,3463168,True,167389,3463168,legacy,True,167389,3463168,legacy
35,2,win,not_loss,95406,93692,95406,93692,-1714,0,0,-1714,0,False,migration_B,depth8_reference_gate,1,7,False,False,4237,0.6300233341975628,0,801138,True,93692,801138,routed,True,93692,801138,routed
35,3,win,not_loss,95424,75717,95424,75717,-19707,0,0,-19707,0,False,components_pipe,depth8_reference_gate,3,8,False,False,4237,0.6300233341975628,0,1276568,True,75717,1276568,routed,False,,,
35,4,win,not_loss,84240,63767,84218,63767,-20473,22,0,-20451,22,False,chains,depth8_reference_gate,7,8,True,False,4237,0.6300233341975628,783102,1505978,True,63767,1505978,routed,False,,,
35,5,win,not_loss,81497,58555,80984,58308,-22942,513,247,-22676,266,False,depth8,depth8_reference_gate,8,8,True,False,4237,0.6300233341975628,344584,1058710,True,58308,1058710,routed,True,80984,344584,legacy
36,2,tie,not_loss,466068,466068,466068,466068,0,0,0,0,0,True,migration_B,migration_B,1,1,False,False,4001,0.00125,1152,1152,True,466068,1152,legacy,True,466068,1152,legacy
36,3,tie,not_loss,311345,311345,311345,311345,0,0,0,0,0,True,migration_B,migration_B,1,1,False,False,4001,0.00125,2304,2304,True,311345,2304,legacy,True,311345,2304,legacy
36,4,tie,not_loss,233584,233584,233584,233584,0,0,0,0,0,True,migration_B,migration_B,1,1,False,False,4001,0.00125,3456,3456,True,233584,3456,legacy,True,233584,3456,legacy
36,5,tie,not_loss,187182,187182,187182,187182,0,0,0,0,0,True,migration_B,migration_B,1,1,False,False,4001,0.00125,4608,4608,True,187182,4608,legacy,True,187182,4608,legacy
37,2,tie,not_loss,105374,105374,105374,105374,0,0,0,0,0,True,migration_B,migration_B,1,1,False,False,980,0.05,204800,204800,True,105374,204800,legacy,True,105374,204800,legacy
37,3,tie,not_loss,74038,74038,74038,74038,0,0,0,0,0,True,hybrid_work_1,hybrid_work_1,5,5,False,False,980,0.05,573440,573440,True,74038,573440,legacy,True,74038,573440,legacy
37,4,tie,not_loss,53320,53320,53320,53320,0,0,0,0,0,True,migration_B,migration_B,1,1,False,False,980,0.05,614400,614400,True,53320,614400,legacy,True,53320,614400,legacy
37,5,tie,not_loss,43013,43013,43013,43013,0,0,0,0,0,True,hybrid_work_1,hybrid_work_1,5,5,False,False,980,0.05,942080,942080,True,43013,942080,legacy,True,43013,942080,legacy
38,2,tie,not_loss,674500,674500,674500,674500,0,0,0,0,0,True,migration_B,migration_B,1,1,False,False,6843,0.019637717961740308,6790656,6790656,True,674500,6790656,legacy,True,674500,6790656,legacy
38,3,tie,not_loss,449590,449590,449590,449590,0,0,0,0,0,True,migration_B,migration_B,1,1,False,False,6843,0.019637717961740308,8107008,8107008,True,449590,8107008,legacy,True,449590,8107008,legacy
38,4,tie,not_loss,338182,338182,338182,338182,0,0,0,0,0,True,migration_B,migration_B,1,1,False,False,6843,0.019637717961740308,8954880,8954880,True,338182,8954880,legacy,True,338182,8954880,legacy
38,5,tie,not_loss,275278,275278,275278,275278,0,0,0,0,0,True,migration_B,migration_B,1,1,False,False,6843,0.019637717961740308,9592320,9592320,True,275278,9592320,legacy,True,275278,9592320,legacy
39,2,tie,not_loss,708430,708430,708430,708430,0,0,0,0,0,True,hybrid_work_1,hybrid_work_1,5,5,False,False,5966,0.014285714285714285,9166848,9166848,True,708430,9166848,legacy,True,708430,9166848,legacy
39,3,tie,not_loss,478013,478013,478013,478013,0,0,0,0,0,True,hybrid_work_1,hybrid_work_1,5,5,False,False,5966,0.014285714285714285,11911168,11911168,True,478013,11911168,legacy,True,478013,11911168,legacy
39,4,tie,not_loss,368961,368961,368961,368961,0,0,0,0,0,True,hybrid_work_1,hybrid_work_1,5,5,False,False,5966,0.014285714285714285,14536704,14536704,True,368961,14536704,legacy,True,368961,14536704,legacy
39,5,tie,not_loss,347811,347811,338925,338925,0,8886,8886,0,0,True,hybrid_work_1,hybrid_work_1,5,5,False,False,5966,0.014285714285714285,14536704,14536704,True,338925,14536704,legacy,True,338925,14536704,legacy
40,2,win,not_loss,137651,134642,137651,134642,-3009,0,0,-3009,0,False,migration_B,depth8_reference_gate,1,7,False,False,3381,0.7116445021083361,53760,1227916,True,134642,1227916,routed,True,134642,1227916,routed
40,3,win,not_loss,109288,105492,109288,105492,-3796,0,0,-3796,0,False,migration_B,depth8_reference_gate,1,8,False,False,3381,0.7116445021083361,0,1985768,True,105492,1985768,routed,True,109288,0,legacy
40,4,win,not_loss,99447,89539,99262,89539,-9908,185,0,-9723,185,False,chains,depth8_reference_gate,7,8,True,False,3381,0.7116445021083361,2192792,1836692,True,89539,1836692,routed,False,,,
40,5,win,not_loss,99996,78938,99996,78938,-21058,0,0,-21058,0,False,chains,depth8_reference_gate,7,8,True,False,3381,0.7116445021083361,1843902,1915296,True,78938,1915296,routed,False,,,
41,2,tie,not_loss,2990398,2990398,2990398,2990398,0,0,0,0,0,True,migration_B,migration_B,1,1,False,False,18149,0.010967819693865252,33669120,33669120,True,2990398,33669120,legacy,True,2990398,33669120,legacy
41,3,tie,not_loss,1991911,1991911,1991911,1991911,0,0,0,0,0,True,migration_B,migration_B,1,1,False,False,18149,0.010967819693865252,34851840,34851840,True,1991911,34851840,legacy,True,1991911,34851840,legacy
41,4,tie,not_loss,1490603,1490603,1490603,1490603,0,0,0,0,0,True,migration_B,migration_B,1,1,False,False,18149,0.010967819693865252,39164928,39164928,True,1490603,39164928,legacy,True,1490603,39164928,legacy
41,5,tie,not_loss,1196379,1196379,1196379,1196379,0,0,0,0,0,True,components_pipe,components_pipe,3,3,False,False,18149,0.010967819693865252,40630272,40630272,True,1196379,40630272,legacy,True,1196379,40630272,legacy
42,2,tie,not_loss,840111,840111,840111,840111,0,0,0,0,0,True,components_pipe,components_pipe,3,3,False,False,5345,0.054510881047961125,7262496,7262496,True,840111,7262496,legacy,True,840111,7262496,legacy
42,3,tie,not_loss,570685,570685,570685,570685,0,0,0,0,0,True,migration_B,migration_B,1,1,False,False,5345,0.054510881047961125,8474176,8474176,True,570685,8474176,legacy,True,570685,8474176,legacy
42,4,tie,not_loss,430510,430510,430510,430510,0,0,0,0,0,True,migration_B,migration_B,1,1,False,False,5345,0.054510881047961125,8605536,8605536,True,430510,8605536,legacy,True,430510,8605536,legacy
42,5,tie,not_loss,350713,350713,350713,350713,0,0,0,0,0,True,migration_B,migration_B,1,1,False,False,5345,0.054510881047961125,9936736,9936736,True,350713,9936736,legacy,True,350713,9936736,legacy
43,2,win,not_loss,352811,349911,352811,349881,-2900,0,30,-2930,-30,False,migration_B,depth8_reference_gate,1,7,False,False,9756,0.5274465570952841,506880,3210754,True,349881,3210754,routed,True,349881,3210754,routed
43,3,win,not_loss,266051,251335,266051,250900,-14716,0,435,-15151,-435,False,hybrid_work_0.5,depth8_reference_gate,6,8,False,False,9756,0.5274465570952841,184320,4852554,True,250900,4852554,routed,True,266051,184320,legacy
43,4,win,not_loss,264529,208612,264529,207895,-55917,0,717,-56634,-717,False,migration_B,depth8_reference_gate,1,8,False,False,9756,0.5274465570952841,599040,5894554,True,207895,5894554,routed,True,264529,599040,legacy
43,5,win,not_loss,247182,199496,245625,199041,-47686,1557,455,-46584,1102,False,depth8,depth8_reference_gate,8,8,True,False,9756,0.5274465570952841,4205960,6609206,True,199041,6609206,routed,True,245625,4205960,legacy
44,2,tie,not_loss,55201,55201,54510,54510,0,691,691,0,0,True,depth8,depth8,7,7,False,False,1436,0.09090909090909091,886880,886880,True,54510,886880,legacy,True,54510,886880,legacy
44,3,tie,not_loss,44484,44484,44484,44484,0,0,0,0,0,True,depth8,depth8,7,7,False,False,1436,0.09090909090909091,891584,891584,True,44484,891584,legacy,True,44484,891584,legacy
44,4,tie,not_loss,50546,50546,49989,49989,0,557,557,0,0,True,depth8,depth8,7,7,False,False,1436,0.09090909090909091,1389344,1389344,True,49989,1389344,legacy,True,49989,1389344,legacy
44,5,tie,not_loss,43028,43028,43028,43028,0,0,0,0,0,True,depth8,depth8,7,7,False,False,1436,0.09090909090909091,655488,655488,True,43028,655488,legacy,True,43028,655488,legacy
45,2,tie,not_loss,63059,63059,63059,63059,0,0,0,0,0,True,migration_B,migration_B,1,1,False,False,1787,0.016959418534221685,0,0,True,63059,0,legacy,True,63059,0,legacy
45,3,tie,not_loss,42601,42601,42601,42601,0,0,0,0,0,True,migration_B,migration_B,1,1,False,False,1787,0.016959418534221685,0,0,True,42601,0,legacy,True,42601,0,legacy
45,4,tie,not_loss,31878,31878,31878,31878,0,0,0,0,0,True,migration_B,migration_B,1,1,False,False,1787,0.016959418534221685,0,0,True,31878,0,legacy,True,31878,0,legacy
45,5,tie,not_loss,26164,26164,26164,26164,0,0,0,0,0,True,migration_B,migration_B,1,1,False,False,1787,0.016959418534221685,0,0,True,26164,0,legacy,True,26164,0,legacy
46,2,tie,not_loss,112410,112410,112410,112410,0,0,0,0,0,True,depth8,depth8,7,7,False,False,1058,0.125,942688,942688,True,112410,942688,legacy,True,112410,942688,legacy
46,3,tie,not_loss,97157,97157,96500,96500,0,657,657,0,0,True,depth8,depth8,7,7,False,False,1058,0.125,2958528,2958528,True,96500,2958528,legacy,True,96500,2958528,legacy
46,4,tie,not_loss,71871,71871,71871,71871,0,0,0,0,0,True,depth8,depth8,7,7,False,False,1058,0.125,2098976,2098976,True,71871,2098976,legacy,True,71871,2098976,legacy
46,5,tie,not_loss,77698,77698,77698,77698,0,0,0,0,0,True,depth8,depth8,7,7,False,False,1058,0.125,2660736,2660736,True,77698,2660736,legacy,True,77698,2660736,legacy
47,2,win,not_loss,203341,197609,203341,197413,-5732,0,196,-5928,-196,False,chains,depth8_reference_gate,7,8,True,False,13988,1.0,2085126,1264006,True,197413,1264006,routed,False,,,
47,3,win,not_loss,168824,157138,168824,156690,-11686,0,448,-12134,-448,False,chains,depth8_reference_gate,7,8,True,False,13988,1.0,2790924,1857324,True,156690,1857324,routed,False,,,
47,4,win,not_loss,151740,143436,151740,143256,-8304,0,180,-8484,-180,False,chains,depth8_reference_gate,7,8,True,False,13988,1.0,2427408,2256146,True,143256,2256146,routed,False,,,
47,5,win,not_loss,146685,135565,146653,135565,-11120,32,0,-11088,32,False,chains,depth8_reference_gate,7,8,True,False,13988,1.0,2600884,2575320,True,135565,2575320,routed,False,,,
48,2,win,not_loss,158327,150049,158327,150049,-8278,0,0,-8278,0,False,migration_B,depth8_reference_gate,1,8,False,False,1900,1.0,621254,467846,True,150049,467846,routed,False,,,
48,3,win,not_loss,150551,114626,150551,114626,-35925,0,0,-35925,0,False,chains,chains_reference_gate,7,7,True,False,1900,1.0,511402,1177612,False,,,,True,114626,1177612,routed
48,4,win,not_loss,156242,114384,156242,114384,-41858,0,0,-41858,0,False,migration_B,chains_reference_gate,1,7,False,False,1900,1.0,760808,1270930,False,,,,True,114384,1270930,routed
48,5,win,not_loss,147369,101731,147369,101641,-45638,0,90,-45728,-90,False,chains,chains_reference_gate,7,7,True,False,1900,1.0,506738,1273560,False,,,,True,101641,1273560,routed
49,2,loss,base_worse,124747,126174,124747,126174,1427,0,0,1427,0,False,chains,migration_B,7,1,True,True,4465,0.918429003021148,1778434,1027062,True,124747,1778434,legacy,True,126174,1027062,routed
49,3,tie,not_loss,83711,83711,83711,83711,0,0,0,0,0,True,migration_B,migration_B,1,1,False,False,4465,0.918429003021148,2408560,2408560,True,83711,2408560,legacy,True,83711,2408560,legacy
49,4,tie,not_loss,75861,75861,75814,75814,0,47,47,0,0,True,migration_B,migration_B,1,1,False,False,4465,0.918429003021148,2607184,2607184,True,75814,2607184,legacy,True,75814,2607184,legacy
49,5,tie,not_loss,76923,76923,76846,76846,0,77,77,0,0,True,migration_B,migration_B,1,1,False,False,4465,0.918429003021148,2907980,2907980,True,76846,2907980,legacy,True,76846,2907980,legacy
50,2,win,not_loss,96256,87435,96256,87435,-8821,0,0,-8821,0,False,chains,depth8_reference_gate,7,8,True,False,4781,0.8805708013172339,1390498,1022694,True,87435,1022694,routed,False,,,
50,3,tie,not_loss,60480,60480,60421,60421,0,59,59,0,0,True,migration_B,migration_B,1,1,False,False,4781,0.8805708013172339,1831624,1831624,True,60421,1831624,legacy,True,60421,1831624,legacy
50,4,tie,not_loss,58032,58032,57912,57912,0,120,120,0,0,True,migration_B,migration_B,1,1,False,False,4781,0.8805708013172339,2053712,2053712,True,57912,2053712,legacy,True,57912,2053712,legacy
50,5,win,not_loss,57967,57017,57909,57017,-950,58,0,-892,58,False,migration_B,depth8_reference_gate,1,8,False,False,4781,0.8805708013172339,2121814,1337182,True,57017,1337182,routed,True,57909,2121814,legacy
51,2,win,not_loss,328931,319230,328931,319230,-9701,0,0,-9701,0,False,chains,chains_reference_gate,7,7,True,False,1429,1.0,860,394084,True,328931,860,legacy,True,319230,394084,routed
51,3,win,not_loss,234841,228581,234841,228581,-6260,0,0,-6260,0,False,chains,chains_reference_gate,7,7,True,False,1429,1.0,1192,328736,True,234841,1192,legacy,True,228581,328736,routed
51,4,win,not_loss,191486,183794,191486,183794,-7692,0,0,-7692,0,False,chains,chains_reference_gate,7,7,True,False,1429,1.0,1316,591064,True,191486,1316,legacy,True,183794,591064,routed
51,5,win,not_loss,178875,170016,178875,170016,-8859,0,0,-8859,0,False,chains,chains_reference_gate,7,7,True,False,1429,1.0,427388,427456,True,178875,427388,legacy,True,170016,427456,routed
52,2,tie,not_loss,90903,90903,90903,90903,0,0,0,0,0,True,migration_B,migration_B,1,1,False,False,1347,0.11904761904761904,102912,102912,True,90903,102912,legacy,True,90903,102912,legacy
52,3,tie,not_loss,60160,60160,60160,60160,0,0,0,0,0,True,migration_B,migration_B,1,1,False,False,1347,0.11904761904761904,181248,181248,True,60160,181248,legacy,True,60160,181248,legacy
52,4,tie,not_loss,45777,45777,45777,45777,0,0,0,0,0,True,migration_B,migration_B,1,1,False,False,1347,0.11904761904761904,254976,254976,True,45777,254976,legacy,True,45777,254976,legacy
52,5,tie,not_loss,37846,37846,37846,37846,0,0,0,0,0,True,migration_B,migration_B,1,1,False,False,1347,0.11904761904761904,333312,333312,True,37846,333312,legacy,True,37846,333312,legacy
53,2,win,not_loss,745746,723446,745746,723016,-22300,0,430,-22730,-430,False,depth8,depth8_reference_gate,7,7,True,False,12046,0.8443016281062553,3715178,4631434,True,723016,4631434,routed,True,723016,4631434,routed
53,3,win,not_loss,514841,497062,514841,495435,-17779,0,1627,-19406,-1627,False,migration_B,depth8_reference_gate,1,7,False,False,12046,0.8443016281062553,5796928,6090084,True,495435,6090084,routed,True,495435,6090084,routed
53,4,win,not_loss,470901,396378,470901,394500,-74523,0,1878,-76401,-1878,False,chains,depth8_reference_gate,7,8,True,False,12046,0.8443016281062553,13048742,8679750,True,394500,8679750,routed,False,,,
53,5,win,not_loss,374523,357068,374284,357068,-17455,239,0,-17216,239,False,migration_B,depth8_reference_gate,1,8,False,False,12046,0.8443016281062553,11409976,9823040,True,357068,9823040,routed,True,374284,11409976,legacy
54,2,win,not_loss,487136,465795,486546,465795,-21341,590,0,-20751,590,False,migration_B,depth8_reference_gate,1,8,False,False,16133,0.97708082026538,2613134,2620302,True,465795,2620302,routed,True,486546,2613134,legacy
54,3,win,not_loss,365486,363470,365486,359793,-2016,0,3677,-5693,-3677,False,chains,depth8_reference_gate,7,8,True,False,16133,0.97708082026538,7450708,4112418,True,359793,4112418,routed,False,,,
54,4,tie,not_loss,274823,274823,274779,274779,0,44,44,0,0,True,migration_B,migration_B,1,1,False,False,16133,0.97708082026538,7279264,7279264,True,274779,7279264,legacy,True,274779,7279264,legacy
54,5,tie,not_loss,257061,257061,257061,257061,0,0,0,0,0,True,migration_B,migration_B,1,1,False,False,16133,0.97708082026538,8197794,8197794,True,257061,8197794,legacy,True,257061,8197794,legacy
55,2,tie,not_loss,53535,53535,52737,52737,0,798,798,0,0,True,hybrid_work_1,hybrid_work_1,5,5,False,False,1468,0.14805825242718446,16384,16384,True,52737,16384,legacy,True,52737,16384,legacy
55,3,tie,not_loss,36456,36456,35943,35943,0,513,513,0,0,True,hybrid_work_1,hybrid_work_1,5,5,False,False,1468,0.14805825242718446,74240,74240,True,35943,74240,legacy,True,35943,74240,legacy
55,4,tie,not_loss,31310,31310,31281,31281,0,29,29,0,0,True,hybrid_work_1,hybrid_work_1,5,5,False,False,1468,0.14805825242718446,115712,115712,True,31281,115712,legacy,True,31281,115712,legacy
55,5,tie,not_loss,24831,24831,24831,24831,0,0,0,0,0,True,migration_B,migration_B,1,1,False,False,1468,0.14805825242718446,173568,173568,True,24831,173568,legacy,True,24831,173568,legacy
56,2,win,not_loss,178509,172836,178509,172836,-5673,0,0,-5673,0,False,chains,chains_reference_gate,7,7,True,False,7936,0.9721281583745767,2196538,3326338,True,178509,2196538,legacy,True,172836,3326338,routed
56,3,tie,not_loss,122295,122295,122295,122295,0,0,0,0,0,True,migration_B,migration_B,1,1,False,False,7936,0.9721281583745767,3278908,3278908,True,122295,3278908,legacy,True,122295,3278908,legacy
56,4,tie,not_loss,115855,115855,115731,115731,0,124,124,0,0,True,migration_B,migration_B,1,1,False,False,7936,0.9721281583745767,3685886,3685886,True,115731,3685886,legacy,True,115731,3685886,legacy
56,5,tie,not_loss,117301,117301,117134,117134,0,167,167,0,0,True,migration_B,migration_B,1,1,False,False,7936,0.9721281583745767,4124830,4124830,True,117134,4124830,legacy,True,117134,4124830,legacy
57,2,tie,not_loss,29703,29703,29703,29703,0,0,0,0,0,True,migration_B,migration_B,1,1,False,False,1053,0.223121387283237,22304,22304,True,29703,22304,legacy,True,29703,22304,legacy
57,3,tie,not_loss,20565,20565,20565,20565,0,0,0,0,0,True,migration_B,migration_B,1,1,False,False,1053,0.223121387283237,14112,14112,True,20565,14112,legacy,True,20565,14112,legacy
57,4,tie,not_loss,16345,16345,16345,16345,0,0,0,0,0,True,migration_B,migration_B,1,1,False,False,1053,0.223121387283237,28224,28224,True,16345,28224,legacy,True,16345,28224,legacy
57,5,tie,not_loss,14028,14028,14028,14028,0,0,0,0,0,True,migration_B,migration_B,1,1,False,False,1053,0.223121387283237,14400,14400,True,14028,14400,legacy,True,14028,14400,legacy
58,2,tie,not_loss,2266495,2266495,2266495,2266495,0,0,0,0,0,True,hybrid_work_1,hybrid_work_1,5,5,False,False,17886,0.00392156862745098,29548544,29548544,True,2266495,29548544,legacy,True,2266495,29548544,legacy
58,3,tie,not_loss,1538252,1538252,1538252,1538252,0,0,0,0,0,True,migration_B,migration_B,1,1,False,False,17886,0.00392156862745098,30400512,30400512,True,1538252,30400512,legacy,True,1538252,30400512,legacy
58,4,tie,not_loss,1141935,1141935,1141935,1141935,0,0,0,0,0,True,hybrid_work_1,hybrid_work_1,5,5,False,False,17886,0.00392156862745098,31551488,31551488,True,1141935,31551488,legacy,True,1141935,31551488,legacy
58,5,tie,not_loss,1000800,1000800,1000800,1000800,0,0,0,0,0,True,migration_B,migration_B,1,1,False,False,17886,0.00392156862745098,32104448,32104448,True,1000800,32104448,legacy,True,1000800,32104448,legacy
59,2,tie,not_loss,369318,369318,369318,369318,0,0,0,0,0,True,migration_B,migration_B,1,1,False,False,3168,0.015625,360448,360448,True,369318,360448,legacy,True,369318,360448,legacy
59,3,tie,not_loss,254073,254073,254073,254073,0,0,0,0,0,True,hybrid_work_1,hybrid_work_1,5,5,False,False,3168,0.015625,1171456,1171456,True,254073,1171456,legacy,True,254073,1171456,legacy
59,4,tie,not_loss,185216,185216,185216,185216,0,0,0,0,0,True,migration_B,migration_B,1,1,False,False,3168,0.015625,1081344,1081344,True,185216,1081344,legacy,True,185216,1081344,legacy
59,5,tie,not_loss,150782,150782,150782,150782,0,0,0,0,0,True,hybrid_work_1,hybrid_work_1,5,5,False,False,3168,0.015625,2072576,2072576,True,150782,2072576,legacy,True,150782,2072576,legacy
60,2,tie,not_loss,441525,441525,441525,441525,0,0,0,0,0,True,migration_B,migration_B,1,1,False,False,6086,0.03465252793031623,2746508,2746508,True,441525,2746508,legacy,True,441525,2746508,legacy
60,3,tie,not_loss,295983,295983,295983,295983,0,0,0,0,0,True,migration_B,migration_B,1,1,False,False,6086,0.03465252793031623,3159296,3159296,True,295983,3159296,legacy,True,295983,3159296,legacy
60,4,tie,not_loss,223107,223107,223107,223107,0,0,0,0,0,True,migration_B,migration_B,1,1,False,False,6086,0.03465252793031623,3960200,3960200,True,223107,3960200,legacy,True,223107,3960200,legacy
60,5,tie,not_loss,180081,180081,180081,180081,0,0,0,0,0,True,migration_B,migration_B,1,1,False,False,6086,0.03465252793031623,3733888,3733888,True,180081,3733888,legacy,True,180081,3733888,legacy
61,2,tie,not_loss,39298,39298,39298,39298,0,0,0,0,0,True,migration_B,migration_B,1,1,False,False,1450,0.14977578475336323,34560,34560,True,39298,34560,legacy,True,39298,34560,legacy
61,3,tie,not_loss,28342,28342,28342,28342,0,0,0,0,0,True,migration_B,migration_B,1,1,False,False,1450,0.14977578475336323,43008,43008,True,28342,43008,legacy,True,28342,43008,legacy
61,4,tie,not_loss,23892,23892,23892,23892,0,0,0,0,0,True,hybrid_work_1,hybrid_work_1,5,5,False,False,1450,0.14977578475336323,62208,62208,True,23892,62208,legacy,True,23892,62208,legacy
61,5,tie,not_loss,19384,19384,18840,18840,0,544,544,0,0,True,migration_B,migration_B,1,1,False,False,1450,0.14977578475336323,110592,110592,True,18840,110592,legacy,True,18840,110592,legacy
62,2,tie,not_loss,1438169,1438169,1431735,1431735,0,6434,6434,0,0,True,migration_B,migration_B,1,1,False,False,23999,1.0,2347008,2347008,True,1431735,2347008,legacy,True,1431735,2347008,legacy
62,3,tie,not_loss,958886,958886,958567,958567,0,319,319,0,0,True,migration_B,migration_B,1,1,False,False,23999,1.0,2268672,2268672,True,958567,2268672,legacy,True,958567,2268672,legacy
62,4,tie,not_loss,722454,722454,722454,722454,0,0,0,0,0,True,migration_B,migration_B,1,1,False,False,23999,1.0,2603520,2603520,True,722454,2603520,legacy,True,722454,2603520,legacy
62,5,tie,not_loss,579973,579973,579973,579973,0,0,0,0,0,True,migration_B,migration_B,1,1,False,False,23999,1.0,2746368,2746368,True,579973,2746368,legacy,True,579973,2746368,legacy
63,2,tie,not_loss,536070,536070,536070,536070,0,0,0,0,0,True,migration_B,migration_B,1,1,False,False,8995,1.0,1049088,1049088,True,536070,1049088,legacy,True,536070,1049088,legacy
63,3,tie,not_loss,358763,358763,358763,358763,0,0,0,0,0,True,migration_B,migration_B,1,1,False,False,8995,1.0,1262592,1262592,True,358763,1262592,legacy,True,358763,1262592,legacy
63,4,tie,not_loss,270138,270138,270138,270138,0,0,0,0,0,True,migration_B,migration_B,1,1,False,False,8995,1.0,1420800,1420800,True,270138,1420800,legacy,True,270138,1420800,legacy
63,5,tie,not_loss,218917,218917,218917,218917,0,0,0,0,0,True,migration_B,migration_B,1,1,False,False,8995,1.0,1539072,1539072,True,218917,1539072,legacy,True,218917,1539072,legacy
64,2,loss,base_worse,14130,14800,14130,14726,670,0,74,596,-74,False,chains,depth8_reference_gate,7,8,True,True,972,1.0,47620,75590,True,14130,47620,legacy,False,,,
64,3,loss,base_worse,13074,13455,13074,13455,381,0,0,381,0,False,depth8,depth8_reference_gate,8,8,True,True,972,1.0,41446,66186,True,13455,66186,routed,True,13074,41446,legacy
64,4,win,not_loss,13083,10195,13083,10160,-2888,0,35,-2923,-35,False,depth8,chains_reference_gate,8,7,True,False,972,1.0,41480,130956,False,,,,True,10160,130956,routed
64,5,win,not_loss,13092,11423,13092,11391,-1669,0,32,-1701,-32,False,depth8,chains_reference_gate,8,7,True,False,972,1.0,41514,159314,False,,,,True,11391,159314,routed
65,2,tie,not_loss,25552,25552,25517,25517,0,35,35,0,0,True,hybrid_work_1,hybrid_work_1,5,5,False,False,914,0.08664772727272728,13968,13968,True,25517,13968,legacy,True,25517,13968,legacy
65,3,tie,not_loss,17964,17964,17964,17964,0,0,0,0,0,True,migration_B,migration_B,1,1,False,False,914,0.08664772727272728,27936,27936,True,17964,27936,legacy,True,17964,27936,legacy
65,4,tie,not_loss,13800,13800,13800,13800,0,0,0,0,0,True,migration_B,migration_B,1,1,False,False,914,0.08664772727272728,41904,41904,True,13800,41904,legacy,True,13800,41904,legacy
65,5,tie,not_loss,11212,11212,11212,11212,0,0,0,0,0,True,migration_B,migration_B,1,1,False,False,914,0.08664772727272728,55872,55872,True,11212,55872,legacy,True,11212,55872,legacy
66,2,tie,not_loss,203504,203504,203504,203504,0,0,0,0,0,True,migration_B,migration_B,1,1,False,False,6181,0.6164038913116404,1653418,1653418,True,203504,1653418,legacy,True,203504,1653418,legacy
66,3,tie,not_loss,146357,146357,146357,146357,0,0,0,0,0,True,migration_B,migration_B,1,1,False,False,6181,0.6164038913116404,2500738,2500738,True,146357,2500738,legacy,True,146357,2500738,legacy
66,4,tie,not_loss,116226,116226,116226,116226,0,0,0,0,0,True,migration_B,migration_B,1,1,False,False,6181,0.6164038913116404,3806464,3806464,True,116226,3806464,legacy,True,116226,3806464,legacy
66,5,tie,not_loss,106067,106067,106067,106067,0,0,0,0,0,True,migration_B,migration_B,1,1,False,False,6181,0.6164038913116404,3979388,3979388,True,106067,3979388,legacy,True,106067,3979388,legacy
67,2,tie,not_loss,32084984,32084984,32040130,32040130,0,44854,44854,0,0,True,migration_B,migration_B,1,1,False,False,8996,0.014084507042253521,215994240,215994240,True,32040130,215994240,legacy,True,32040130,215994240,legacy
67,3,tie,not_loss,21374767,21374767,21255269,21255269,0,119498,119498,0,0,True,migration_B,migration_B,1,1,False,False,8996,0.014084507042253521,159238912,159238912,True,21255269,159238912,legacy,True,21255269,159238912,legacy
67,4,tie,not_loss,16430577,16430577,16409509,16409509,0,21068,21068,0,0,True,migration_B,migration_B,1,1,False,False,8996,0.014084507042253521,226600576,226600576,True,16409509,226600576,legacy,True,16409509,226600576,legacy
67,5,tie,not_loss,13477716,13477716,13461153,13461153,0,16563,16563,0,0,True,migration_B,migration_B,1,1,False,False,8996,0.014084507042253521,229484544,229484544,True,13461153,229484544,legacy,True,13461153,229484544,legacy
68,2,tie,not_loss,196346,196346,196346,196346,0,0,0,0,0,True,migration_B,migration_B,1,1,False,False,5853,0.7804148757241637,1624576,1624576,True,196346,1624576,legacy,True,196346,1624576,legacy
68,3,tie,not_loss,180429,180429,180284,180284,0,145,145,0,0,True,migration_B,migration_B,1,1,False,False,5853,0.7804148757241637,2355384,2355384,True,180284,2355384,legacy,True,180284,2355384,legacy
68,4,win,not_loss,182346,157101,181812,156990,-25245,534,111,-24822,423,False,migration_B,depth8_reference_gate,1,8,False,False,5853,0.7804148757241637,2502880,2646854,True,156990,2646854,routed,False,,,
68,5,win,not_loss,175689,158423,175649,158423,-17266,40,0,-17226,40,False,chains,chains_reference_gate,7,7,True,False,5853,0.7804148757241637,2825480,5510878,False,,,,True,158423,5510878,routed
69,2,loss,base_worse,17030,17661,17030,17661,631,0,0,631,0,False,chains,migration_B,7,1,True,True,1074,1.0,364198,179494,True,17030,364198,legacy,True,17661,179494,routed
69,3,loss,base_worse,14179,16631,14179,16631,2452,0,0,2452,0,False,chains,depth8_reference_gate,7,8,True,True,1074,1.0,325098,278084,True,14179,325098,legacy,False,,,
69,4,win,not_loss,16828,16068,16804,15620,-760,24,448,-1184,-424,False,chains,depth8_reference_gate,7,8,True,False,1074,1.0,460462,361896,True,15620,361896,routed,False,,,
69,5,loss,base_worse,13147,16803,13147,16803,3656,0,0,3656,0,False,chains,depth8_reference_gate,7,8,True,True,1074,1.0,433008,355242,True,13147,433008,legacy,False,,,
70,2,tie,not_loss,56040,56040,54493,54493,0,1547,1547,0,0,True,components_reuse,components_reuse,4,4,False,False,1437,0.23929471032745592,129536,129536,True,54493,129536,legacy,True,54493,129536,legacy
70,3,tie,not_loss,39333,39333,39333,39333,0,0,0,0,0,True,migration_B,migration_B,1,1,False,False,1437,0.23929471032745592,259072,259072,True,39333,259072,legacy,True,39333,259072,legacy
70,4,tie,not_loss,30080,30080,30080,30080,0,0,0,0,0,True,migration_B,migration_B,1,1,False,False,1437,0.23929471032745592,333312,333312,True,30080,333312,legacy,True,30080,333312,legacy
70,5,tie,not_loss,25374,25374,25374,25374,0,0,0,0,0,True,migration_B,migration_B,1,1,False,False,1437,0.23929471032745592,449024,449024,True,25374,449024,legacy,True,25374,449024,legacy
71,2,loss,base_worse,12313,13836,12313,13765,1523,0,71,1452,-71,False,chains,depth8_reference_gate,7,8,True,True,781,1.0,171622,173988,True,12313,171622,legacy,False,,,
71,3,loss,base_worse,9892,12869,9867,12869,2977,25,0,3002,25,False,chains,depth8_reference_gate,7,8,True,True,781,1.0,250696,234308,True,9867,250696,legacy,False,,,
71,4,loss,base_worse,10732,11417,10732,11417,685,0,0,685,0,False,chains,depth8_reference_gate,7,8,True,True,781,1.0,223406,208904,True,10732,223406,legacy,False,,,
71,5,loss,base_worse,10641,12234,10542,12234,1593,99,0,1692,99,False,chains,depth8_reference_gate,7,8,True,True,781,1.0,307214,253002,True,10542,307214,legacy,False,,,
72,2,tie,not_loss,11836023,11836023,11836023,11836023,0,0,0,0,0,True,components_pipe,components_pipe,3,3,False,False,31387,0.2069709431672622,113724192,113724192,True,11836023,113724192,legacy,True,11836023,113724192,legacy
72,3,tie,not_loss,7941294,7941294,7941294,7941294,0,0,0,0,0,True,migration_B,migration_B,1,1,False,False,31387,0.2069709431672622,120851232,120851232,True,7941294,120851232,legacy,True,7941294,120851232,legacy
72,4,tie,not_loss,5965868,5965868,5965868,5965868,0,0,0,0,0,True,components_pipe,components_pipe,3,3,False,False,31387,0.2069709431672622,123071264,123071264,True,5965868,123071264,legacy,True,5965868,123071264,legacy
72,5,tie,not_loss,4828978,4828978,4826156,4826156,0,2822,2822,0,0,True,hybrid_work_1,hybrid_work_1,5,5,False,False,31387,0.2069709431672622,77245216,77245216,True,4826156,77245216,legacy,True,4826156,77245216,legacy
73,2,tie,not_loss,5341304,5341304,5294770,5294770,0,46534,46534,0,0,True,migration_B,migration_B,1,1,False,False,4964,0.02564102564102564,86179712,86179712,True,5294770,86179712,legacy,True,5294770,86179712,legacy
73,3,tie,not_loss,3805931,3805931,3805931,3805931,0,0,0,0,0,True,migration_B,migration_B,1,1,False,False,4964,0.02564102564102564,134138624,134138624,True,3805931,134138624,legacy,True,3805931,134138624,legacy
73,4,tie,not_loss,3295138,3295138,3295138,3295138,0,0,0,0,0,True,migration_B,migration_B,1,1,False,False,4964,0.02564102564102564,137012864,137012864,True,3295138,137012864,legacy,True,3295138,137012864,legacy
73,5,tie,not_loss,2849703,2849703,2848898,2848898,0,805,805,0,0,True,migration_B,migration_B,1,1,False,False,4964,0.02564102564102564,94477312,94477312,True,2848898,94477312,legacy,True,2848898,94477312,legacy
74,2,tie,not_loss,817477,817477,814840,814840,0,2637,2637,0,0,True,components_reuse,components_reuse,4,4,False,False,4269,0.07453588251593239,3776512,3776512,True,814840,3776512,legacy,True,814840,3776512,legacy
74,3,tie,not_loss,542996,542996,542996,542996,0,0,0,0,0,True,components_reuse,components_reuse,4,4,False,False,4269,0.07453588251593239,5619712,5619712,True,542996,5619712,legacy,True,542996,5619712,legacy
74,4,tie,not_loss,408936,408936,408908,408908,0,28,28,0,0,True,components_reuse,components_reuse,4,4,False,False,4269,0.07453588251593239,6623232,6623232,True,408908,6623232,legacy,True,408908,6623232,legacy
74,5,tie,not_loss,328499,328499,328499,328499,0,0,0,0,0,True,components_reuse,components_reuse,4,4,False,False,4269,0.07453588251593239,7151616,7151616,True,328499,7151616,legacy,True,328499,7151616,legacy
75,2,win,not_loss,785190,754663,785190,754663,-30527,0,0,-30527,0,False,chains,chains_reference_gate,7,7,True,False,7684,1.0,5071558,4745798,True,785190,5071558,legacy,True,754663,4745798,routed
75,3,win,not_loss,609229,558005,609229,557783,-51224,0,222,-51446,-222,False,chains,chains_reference_gate,7,7,True,False,7684,1.0,9557580,12507404,True,609229,9557580,legacy,True,557783,12507404,routed
75,4,win,not_loss,472706,462730,472706,462730,-9976,0,0,-9976,0,False,chains,chains_reference_gate,7,7,True,False,7684,1.0,9332210,11096688,True,472706,9332210,legacy,True,462730,11096688,routed
75,5,win,not_loss,434575,378054,434571,378054,-56521,4,0,-56517,4,False,chains,chains_reference_gate,7,7,True,False,7684,1.0,9737140,12427608,True,434571,9737140,legacy,True,378054,12427608,routed
76,2,tie,not_loss,3065214,3065214,3065214,3065214,0,0,0,0,0,True,migration_B,migration_B,1,1,False,False,35076,0.003750614854894245,31095808,31095808,True,3065214,31095808,legacy,True,3065214,31095808,legacy
76,3,tie,not_loss,2046370,2046370,2046322,2046322,0,48,48,0,0,True,components_reuse,components_reuse,4,4,False,False,35076,0.003750614854894245,17912832,17912832,True,2046322,17912832,legacy,True,2046322,17912832,legacy
76,4,tie,not_loss,1527039,1527039,1527039,1527039,0,0,0,0,0,True,components_reuse,components_reuse,4,4,False,False,35076,0.003750614854894245,19563520,19563520,True,1527039,19563520,legacy,True,1527039,19563520,legacy
76,5,tie,not_loss,1227673,1227673,1227673,1227673,0,0,0,0,0,True,components_reuse,components_reuse,4,4,False,False,35076,0.003750614854894245,22311936,22311936,True,1227673,22311936,legacy,True,1227673,22311936,legacy
77,2,tie,not_loss,248734,248734,248734,248734,0,0,0,0,0,True,migration_B,migration_B,1,1,False,False,4872,0.4672313865358894,57344,57344,True,248734,57344,legacy,True,248734,57344,legacy
77,3,tie,not_loss,168976,168976,168976,168976,0,0,0,0,0,True,migration_B,migration_B,1,1,False,False,4872,0.4672313865358894,114688,114688,True,168976,114688,legacy,True,168976,114688,legacy
77,4,tie,not_loss,127832,127832,127832,127832,0,0,0,0,0,True,migration_B,migration_B,1,1,False,False,4872,0.4672313865358894,114688,114688,True,127832,114688,legacy,True,127832,114688,legacy
77,5,tie,not_loss,114837,114837,114837,114837,0,0,0,0,0,True,migration_B,migration_B,1,1,False,False,4872,0.4672313865358894,172032,172032,True,114837,172032,legacy,True,114837,172032,legacy
78,2,tie,not_loss,1050081,1050081,1050081,1050081,0,0,0,0,0,True,chains,chains,6,6,False,False,1094,0.125,2782080,2782080,True,1050081,2782080,legacy,True,1050081,2782080,legacy
78,3,tie,not_loss,718909,718909,718909,718909,0,0,0,0,0,True,chains,chains,6,6,False,False,1094,0.125,6965760,6965760,True,718909,6965760,legacy,True,718909,6965760,legacy
78,4,tie,not_loss,544785,544785,540759,540759,0,4026,4026,0,0,True,chains,chains,6,6,False,False,1094,0.125,6950784,6950784,True,540759,6950784,legacy,True,540759,6950784,legacy
78,5,tie,not_loss,470359,470359,470359,470359,0,0,0,0,0,True,depth8,depth8,7,7,False,False,1094,0.125,10766304,10766304,True,470359,10766304,legacy,True,470359,10766304,legacy
79,2,tie,not_loss,15118882,15118882,15118882,15118882,0,0,0,0,0,True,migration_B,migration_B,1,1,False,False,20130,0.003472222222222222,194232320,194232320,True,15118882,194232320,legacy,True,15118882,194232320,legacy
79,3,tie,not_loss,10181692,10181692,10181692,10181692,0,0,0,0,0,True,migration_B,migration_B,1,1,False,False,20130,0.003472222222222222,39960576,39960576,True,10181692,39960576,legacy,True,10181692,39960576,legacy
79,4,tie,not_loss,7620379,7620379,7620379,7620379,0,0,0,0,0,True,migration_B,migration_B,1,1,False,False,20130,0.003472222222222222,31801344,31801344,True,7620379,31801344,legacy,True,7620379,31801344,legacy
79,5,tie,not_loss,6063040,6063040,6063012,6063012,0,28,28,0,0,True,hybrid_work_1,hybrid_work_1,5,5,False,False,20130,0.003472222222222222,34084864,34084864,True,6063012,34084864,legacy,True,6063012,34084864,legacy
80,2,tie,not_loss,145825,145825,145825,145825,0,0,0,0,0,True,hybrid_work_1,hybrid_work_1,5,5,False,False,1395,0.05555555555555555,1675264,1675264,True,145825,1675264,legacy,True,145825,1675264,legacy
80,3,tie,not_loss,100325,100325,100325,100325,0,0,0,0,0,True,migration_B,migration_B,1,1,False,False,1395,0.05555555555555555,3047424,3047424,True,100325,3047424,legacy,True,100325,3047424,legacy
80,4,tie,not_loss,91774,91774,90584,90584,0,1190,1190,0,0,True,hybrid_work_1,hybrid_work_1,5,5,False,False,1395,0.05555555555555555,2666496,2666496,True,90584,2666496,legacy,True,90584,2666496,legacy
80,5,tie,not_loss,89345,89345,89345,89345,0,0,0,0,0,True,hybrid_work_1,hybrid_work_1,5,5,False,False,1395,0.05555555555555555,3047424,3047424,True,89345,3047424,legacy,True,89345,3047424,legacy
81,2,tie,not_loss,76860,76860,76860,76860,0,0,0,0,0,True,migration_B,migration_B,1,1,False,False,4505,0.011764705882352941,0,0,True,76860,0,legacy,True,76860,0,legacy
81,3,tie,not_loss,51943,51943,51943,51943,0,0,0,0,0,True,migration_B,migration_B,1,1,False,False,4505,0.011764705882352941,0,0,True,51943,0,legacy,True,51943,0,legacy
81,4,tie,not_loss,39588,39588,39588,39588,0,0,0,0,0,True,migration_B,migration_B,1,1,False,False,4505,0.011764705882352941,0,0,True,39588,0,legacy,True,39588,0,legacy
81,5,tie,not_loss,30943,30943,30943,30943,0,0,0,0,0,True,migration_B,migration_B,1,1,False,False,4505,0.011764705882352941,0,0,True,30943,0,legacy,True,30943,0,legacy
82,2,win,not_loss,447167,407535,447167,407535,-39632,0,0,-39632,0,False,migration_B,chains_reference_gate,1,7,False,False,4209,1.0,2344454,3389668,True,447167,2344454,legacy,True,407535,3389668,routed
82,3,win,not_loss,312950,288553,312950,288553,-24397,0,0,-24397,0,False,migration_B,chains_reference_gate,1,7,False,False,4209,1.0,4231596,5338828,True,312950,4231596,legacy,True,288553,5338828,routed
82,4,win,not_loss,262508,235778,262440,235778,-26730,68,0,-26662,68,False,chains,chains_reference_gate,7,7,True,False,4209,1.0,6198774,6420240,True,262440,6198774,legacy,True,235778,6420240,routed
82,5,win,not_loss,238363,207058,238326,206503,-31305,37,555,-31823,-518,False,chains,chains_reference_gate,7,7,True,False,4209,1.0,6507156,7708408,True,238326,6507156,legacy,True,206503,7708408,routed
83,2,tie,not_loss,442847,442847,442847,442847,0,0,0,0,0,True,chains,chains,6,6,False,False,3956,0.03225806451612903,5589600,5589600,True,442847,5589600,legacy,True,442847,5589600,legacy
83,3,tie,not_loss,290664,290664,290664,290664,0,0,0,0,0,True,depth8,depth8,7,7,False,False,3956,0.03225806451612903,5739712,5739712,True,290664,5739712,legacy,True,290664,5739712,legacy
83,4,tie,not_loss,221124,221124,220741,220741,0,383,383,0,0,True,depth8,depth8,7,7,False,False,3956,0.03225806451612903,6471456,6471456,True,220741,6471456,legacy,True,220741,6471456,legacy
83,5,tie,not_loss,202670,202670,201107,201107,0,1563,1563,0,0,True,depth8,depth8,7,7,False,False,3956,0.03225806451612903,7741824,7741824,True,201107,7741824,legacy,True,201107,7741824,legacy
84,2,tie,not_loss,1219928,1219928,1175864,1175864,0,44064,44064,0,0,True,chains,chains,6,6,False,False,14001,0.0009285051067780873,32004864,32004864,True,1175864,32004864,legacy,True,1175864,32004864,legacy
84,3,tie,not_loss,836220,836220,836220,836220,0,0,0,0,0,True,migration_B,migration_B,1,1,False,False,14001,0.0009285051067780873,0,0,True,836220,0,legacy,True,836220,0,legacy
84,4,tie,not_loss,629028,629028,629028,629028,0,0,0,0,0,True,migration_B,migration_B,1,1,False,False,14001,0.0009285051067780873,0,0,True,629028,0,legacy,True,629028,0,legacy
84,5,tie,not_loss,503472,503472,503472,503472,0,0,0,0,0,True,migration_B,migration_B,1,1,False,False,14001,0.0009285051067780873,0,0,True,503472,0,legacy,True,503472,0,legacy
85,2,win,not_loss,1905443,1843091,1905443,1843091,-62352,0,0,-62352,0,False,migration_B,chains_reference_gate,1,7,False,False,19993,1.0,14318918,17607566,True,1905443,14318918,legacy,True,1843091,17607566,routed
85,3,win,not_loss,1313959,1276351,1313959,1276351,-37608,0,0,-37608,0,False,migration_B,chains_reference_gate,1,7,False,False,19993,1.0,19642220,31680716,True,1313959,19642220,legacy,True,1276351,31680716,routed
85,4,win,not_loss,1057250,995901,1057229,995687,-61349,21,214,-61542,-193,False,migration_B,chains_reference_gate,1,7,False,False,19993,1.0,23435890,27902578,True,1057229,23435890,legacy,True,995687,27902578,routed
85,5,win,not_loss,931369,890883,931269,890475,-40486,100,408,-40794,-308,False,migration_B,chains_reference_gate,1,7,False,False,19993,1.0,25615352,38398484,True,931269,25615352,legacy,True,890475,38398484,routed
86,2,win,not_loss,82748,74609,82748,74609,-8139,0,0,-8139,0,False,chains,depth8_reference_gate,7,8,True,False,5372,1.0,1738694,1019206,True,74609,1019206,routed,False,,,
86,3,loss,base_worse,63289,64706,63229,64401,1417,60,305,1172,-245,False,chains,depth8_reference_gate,7,8,True,True,5372,1.0,2197292,1574634,True,63229,2197292,legacy,False,,,
86,4,loss,base_worse,62341,63070,62299,63006,729,42,64,707,-22,False,chains,depth8_reference_gate,7,8,True,True,5372,1.0,2353614,1919826,True,62299,2353614,legacy,False,,,
86,5,loss,base_worse,60413,66164,60402,65815,5751,11,349,5413,-338,False,chains,depth8_reference_gate,7,8,True,True,5372,1.0,2265748,2223540,True,60402,2265748,legacy,False,,,
87,2,tie,not_loss,1987606,1987606,1987606,1987606,0,0,0,0,0,True,migration_B,migration_B,1,1,False,False,28666,0.4606256350704021,10142208,10142208,True,1987606,10142208,legacy,True,1987606,10142208,legacy
87,3,tie,not_loss,1374901,1374901,1374901,1374901,0,0,0,0,0,True,migration_B,migration_B,1,1,False,False,28666,0.4606256350704021,11036160,11036160,True,1374901,11036160,legacy,True,1374901,11036160,legacy
87,4,tie,not_loss,1046846,1046846,1046846,1046846,0,0,0,0,0,True,migration_B,migration_B,1,1,False,False,28666,0.4606256350704021,12607488,12607488,True,1046846,12607488,legacy,True,1046846,12607488,legacy
87,5,tie,not_loss,833349,833349,833349,833349,0,0,0,0,0,True,migration_B,migration_B,1,1,False,False,28666,0.4606256350704021,12487680,12487680,True,833349,12487680,legacy,True,833349,12487680,legacy
88,2,tie,not_loss,132639,132639,132639,132639,0,0,0,0,0,True,migration_B,migration_B,1,1,False,False,3577,0.8455726805681475,1032234,1032234,True,132639,1032234,legacy,True,132639,1032234,legacy
88,3,loss,base_worse,119844,122079,119844,122079,2235,0,0,2235,0,False,chains,migration_B,7,1,True,True,3577,0.8455726805681475,2775376,1572244,True,119844,2775376,legacy,True,122079,1572244,routed
88,4,loss,base_worse,111866,112676,111860,112565,810,6,111,705,-105,False,chains,depth8_reference_gate,7,8,True,True,3577,0.8455726805681475,2371926,2028164,True,111860,2371926,legacy,False,,,
88,5,win,not_loss,120802,113438,120762,112833,-7364,40,605,-7929,-565,False,chains,depth8_reference_gate,7,8,True,False,3577,0.8455726805681475,2380788,2034888,True,112833,2034888,routed,False,,,
89,2,tie,not_loss,329513,329513,329513,329513,0,0,0,0,0,True,chains,chains,6,6,False,False,5254,0.025,1467520,1467520,True,329513,1467520,legacy,True,329513,1467520,legacy
89,3,tie,not_loss,225462,225462,225452,225452,0,10,10,0,0,True,depth8,depth8,7,7,False,False,5254,0.025,2429184,2429184,True,225452,2429184,legacy,True,225452,2429184,legacy
89,4,tie,not_loss,165616,165616,165365,165365,0,251,251,0,0,True,chains,chains,6,6,False,False,5254,0.025,1827200,1827200,True,165365,1827200,legacy,True,165365,1827200,legacy
89,5,tie,not_loss,133330,133330,133148,133148,0,182,182,0,0,True,chains,chains,6,6,False,False,5254,0.025,2186320,2186320,True,133148,2186320,legacy,True,133148,2186320,legacy
90,2,tie,not_loss,470442,470442,470442,470442,0,0,0,0,0,True,chains,chains,6,6,False,False,1744,0.07692307692307693,3196848,3196848,True,470442,3196848,legacy,True,470442,3196848,legacy
90,3,tie,not_loss,342250,342250,342250,342250,0,0,0,0,0,True,chains,chains,6,6,False,False,1744,0.07692307692307693,5523456,5523456,True,342250,5523456,legacy,True,342250,5523456,legacy
90,4,tie,not_loss,295201,295201,294798,294798,0,403,403,0,0,True,chains,chains,6,6,False,False,1744,0.07692307692307693,7360608,7360608,True,294798,7360608,legacy,True,294798,7360608,legacy
90,5,tie,not_loss,267434,267434,267434,267434,0,0,0,0,0,True,chains,chains,6,6,False,False,1744,0.07692307692307693,7981056,7981056,True,267434,7981056,legacy,True,267434,7981056,legacy
91,2,tie,not_loss,4532720,4532720,4532609,4532609,0,111,111,0,0,True,depth8,depth8,7,7,False,False,33497,0.004658680357482411,52032556,52032556,True,4532609,52032556,legacy,True,4532609,52032556,legacy
91,3,tie,not_loss,3042680,3042680,3042680,3042680,0,0,0,0,0,True,depth8,depth8,7,7,False,False,33497,0.004658680357482411,60113508,60113508,True,3042680,60113508,legacy,True,3042680,60113508,legacy
91,4,tie,not_loss,2314443,2314443,2314443,2314443,0,0,0,0,0,True,depth8,depth8,7,7,False,False,33497,0.004658680357482411,67112896,67112896,True,2314443,67112896,legacy,True,2314443,67112896,legacy
91,5,tie,not_loss,1872567,1872567,1872567,1872567,0,0,0,0,0,True,depth8,depth8,7,7,False,False,33497,0.004658680357482411,71035764,71035764,True,1872567,71035764,legacy,True,1872567,71035764,legacy
92,2,tie,not_loss,2024405,2024405,2017778,2017778,0,6627,6627,0,0,True,depth8,depth8,7,7,False,False,17942,0.007042253521126761,10740320,10740320,True,2017778,10740320,legacy,True,2017778,10740320,legacy
92,3,tie,not_loss,1354104,1354104,1348585,1348585,0,5519,5519,0,0,True,depth8,depth8,7,7,False,False,17942,0.007042253521126761,21856448,21856448,True,1348585,21856448,legacy,True,1348585,21856448,legacy
92,4,tie,not_loss,1027253,1027253,1018849,1018849,0,8404,8404,0,0,True,depth8,depth8,7,7,False,False,17942,0.007042253521126761,18053920,18053920,True,1018849,18053920,legacy,True,1018849,18053920,legacy
92,5,tie,not_loss,830791,830791,826308,826308,0,4483,4483,0,0,True,depth8,depth8,7,7,False,False,17942,0.007042253521126761,19945856,19945856,True,826308,19945856,legacy,True,826308,19945856,legacy
93,2,tie,not_loss,37827,37827,37827,37827,0,0,0,0,0,True,migration_B,migration_B,1,1,False,False,901,0.014492753623188406,8192,8192,True,37827,8192,legacy,True,37827,8192,legacy
93,3,tie,not_loss,25103,25103,25103,25103,0,0,0,0,0,True,migration_B,migration_B,1,1,False,False,901,0.014492753623188406,16384,16384,True,25103,16384,legacy,True,25103,16384,legacy
93,4,tie,not_loss,19779,19779,19779,19779,0,0,0,0,0,True,migration_B,migration_B,1,1,False,False,901,0.014492753623188406,24576,24576,True,19779,24576,legacy,True,19779,24576,legacy
93,5,tie,not_loss,15876,15876,15876,15876,0,0,0,0,0,True,migration_B,migration_B,1,1,False,False,901,0.014492753623188406,32768,32768,True,15876,32768,legacy,True,15876,32768,legacy
94,2,tie,not_loss,47498,47498,47498,47498,0,0,0,0,0,True,migration_B,migration_B,1,1,False,False,791,0.06800618238021638,106272,106272,True,47498,106272,legacy,True,47498,106272,legacy
94,3,tie,not_loss,32728,32728,32728,32728,0,0,0,0,0,True,migration_B,migration_B,1,1,False,False,791,0.06800618238021638,212544,212544,True,32728,212544,legacy,True,32728,212544,legacy
94,4,tie,not_loss,24668,24668,24668,24668,0,0,0,0,0,True,migration_B,migration_B,1,1,False,False,791,0.06800618238021638,318528,318528,True,24668,318528,legacy,True,24668,318528,legacy
94,5,tie,not_loss,21804,21804,21804,21804,0,0,0,0,0,True,migration_B,migration_B,1,1,False,False,791,0.06800618238021638,424800,424800,True,21804,424800,legacy,True,21804,424800,legacy
95,2,tie,not_loss,1042890,1042890,1042890,1042890,0,0,0,0,0,True,migration_B,migration_B,1,1,False,False,6006,0.0021645021645021645,0,0,True,1042890,0,legacy,True,1042890,0,legacy
95,3,tie,not_loss,695775,695775,695775,695775,0,0,0,0,0,True,migration_B,migration_B,1,1,False,False,6006,0.0021645021645021645,0,0,True,695775,0,legacy,True,695775,0,legacy
95,4,tie,not_loss,524422,524422,524422,524422,0,0,0,0,0,True,migration_B,migration_B,1,1,False,False,6006,0.0021645021645021645,0,0,True,524422,0,legacy,True,524422,0,legacy
95,5,tie,not_loss,420852,420852,420852,420852,0,0,0,0,0,True,migration_B,migration_B,1,1,False,False,6006,0.0021645021645021645,0,0,True,420852,0,legacy,True,420852,0,legacy
96,2,tie,not_loss,42443,42443,42443,42443,0,0,0,0,0,True,chains,chains,6,6,False,False,1362,0.3313856427378965,346520,346520,True,42443,346520,legacy,True,42443,346520,legacy
96,3,tie,not_loss,30876,30876,30876,30876,0,0,0,0,0,True,migration_B,migration_B,1,1,False,False,1362,0.3313856427378965,123264,123264,True,30876,123264,legacy,True,30876,123264,legacy
96,4,tie,not_loss,24217,24217,24217,24217,0,0,0,0,0,True,depth8,depth8,8,8,False,False,1362,0.3313856427378965,234168,234168,True,24217,234168,legacy,True,24217,234168,legacy
96,5,tie,not_loss,22456,22456,22137,22137,0,319,319,0,0,True,depth8,depth8,8,8,False,False,1362,0.3313856427378965,448896,448896,True,22137,448896,legacy,True,22137,448896,legacy
97,2,tie,not_loss,5153667,5153667,5153667,5153667,0,0,0,0,0,True,migration_B,migration_B,1,1,False,False,7488,0.015625,2490368,2490368,True,5153667,2490368,legacy,True,5153667,2490368,legacy
97,3,tie,not_loss,3444086,3444086,3444086,3444086,0,0,0,0,0,True,migration_B,migration_B,1,1,False,False,7488,0.015625,82444288,82444288,True,3444086,82444288,legacy,True,3444086,82444288,legacy
97,4,tie,not_loss,2622394,2622394,2622394,2622394,0,0,0,0,0,True,migration_B,migration_B,1,1,False,False,7488,0.015625,14221312,14221312,True,2622394,14221312,legacy,True,2622394,14221312,legacy
97,5,tie,not_loss,2102348,2102348,2102348,2102348,0,0,0,0,0,True,migration_B,migration_B,1,1,False,False,7488,0.015625,21311488,21311488,True,2102348,21311488,legacy,True,2102348,21311488,legacy
98,2,tie,not_loss,89620,89620,89620,89620,0,0,0,0,0,True,components_reuse,components_reuse,4,4,False,False,1553,0.28498168498168497,0,0,True,89620,0,legacy,True,89620,0,legacy
98,3,tie,not_loss,65476,65476,65476,65476,0,0,0,0,0,True,chains,chains,7,7,False,False,1553,0.28498168498168497,784240,784240,True,65476,784240,legacy,True,65476,784240,legacy
98,4,tie,not_loss,53735,53735,53735,53735,0,0,0,0,0,True,chains,chains,7,7,False,False,1553,0.28498168498168497,961274,961274,True,53735,961274,legacy,True,53735,961274,legacy
98,5,tie,not_loss,47355,47355,47355,47355,0,0,0,0,0,True,chains,chains,7,7,False,False,1553,0.28498168498168497,1166870,1166870,True,47355,1166870,legacy,True,47355,1166870,legacy
99,2,tie,not_loss,808277,808277,807983,807983,0,294,294,0,0,True,components_reuse,components_reuse,4,4,False,False,7054,0.01858322744599746,5906432,5906432,True,807983,5906432,legacy,True,807983,5906432,legacy
99,3,tie,not_loss,540063,540063,540063,540063,0,0,0,0,0,True,components_reuse,components_reuse,4,4,False,False,7054,0.01858322744599746,6479872,6479872,True,540063,6479872,legacy,True,540063,6479872,legacy
99,4,tie,not_loss,405336,405336,405336,405336,0,0,0,0,0,True,migration_B,migration_B,1,1,False,False,7054,0.01858322744599746,9838592,9838592,True,405336,9838592,legacy,True,405336,9838592,legacy
99,5,tie,not_loss,332266,332266,332266,332266,0,0,0,0,0,True,depth8,depth8,7,7,False,False,7054,0.01858322744599746,7084052,7084052,True,332266,7084052,legacy,True,332266,7084052,legacy
100,2,tie,not_loss,76850,76850,76850,76850,0,0,0,0,0,True,chains,chains,6,6,False,False,1654,0.19727403156384504,621700,621700,True,76850,621700,legacy,True,76850,621700,legacy
100,3,tie,not_loss,57811,57811,57811,57811,0,0,0,0,0,True,components_pipe,components_pipe,3,3,False,False,1654,0.19727403156384504,72192,72192,True,57811,72192,legacy,True,57811,72192,legacy
100,4,tie,not_loss,49623,49623,49623,49623,0,0,0,0,0,True,chains,chains,7,7,False,False,1654,0.19727403156384504,1207894,1207894,True,49623,1207894,legacy,True,49623,1207894,legacy
100,5,tie,not_loss,53383,53383,53383,53383,0,0,0,0,0,True,chains,chains,7,7,False,False,1654,0.19727403156384504,1599352,1599352,True,53383,1599352,legacy,True,53383,1599352,legacy
