case,cores,makespan,added,single,no_l2_makespan,no_l2_added,cache_hit_rate,same_plan_cache_ratio
1,1,233110,0,233110,233110,0,0.0,1.0
2,1,261945,0,261945,261945,0,0.0,1.0
3,1,602212,0,602212,602212,0,0.0,1.0
4,1,392357,0,392357,392357,0,0.0,1.0
5,1,95618,0,95618,95618,0,0.0,1.0
6,1,82837,16400,82837,82837,16400,0.029275126148920052,1.0
7,1,1012562,0,1012562,1012562,0,0.0,1.0
8,1,487605,0,487605,487605,0,0.0,1.0
9,1,153261,0,153261,153261,0,0.0,1.0
10,1,86969,0,86969,86969,0,0.0,1.0
11,1,184697,0,184697,184697,0,0.0,1.0
12,1,59088,0,59088,59088,0,0.0,1.0
13,1,263949,0,263949,263949,0,0.0,1.0
14,1,17689602,71010720,17698626,17698626,71010720,0.12291025483195864,1.0005101301883446
15,1,177362,180256,177362,177362,180256,0.1692685978123867,1.0
16,1,7715523,0,7715523,7715523,0,0.0,1.0
17,1,162810,22528,162810,162810,22528,0.040398388942088706,1.0
18,1,1003110,1970176,1004367,1004367,1970176,0.34375031576536474,1.0012531028501361
19,1,81144,0,81144,81144,0,0.0,1.0
20,1,532746,0,532746,532746,0,0.0,1.0
21,1,6558837,4501504,6567937,6567937,4501504,0.5005973715651135,1.0013874410966457
22,1,56780,0,56780,56780,0,0.0,1.0
23,1,122614,0,122614,122614,0,0.0,1.0
24,1,2555343,0,2555343,2555343,0,0.0,1.0
25,1,4863026,0,4863026,4863026,0,0.0,1.0
26,1,99203,0,99203,99203,0,0.0,1.0
27,1,2359515,1400832,2363952,2363952,1400832,0.2689393939393939,1.0018804711985303
28,1,43836040,277412256,43836040,43836040,277412256,0.0,1.0
29,1,37555,0,37555,37555,0,0.0,1.0
30,1,2807891,5519360,2808034,2808034,5519360,0.259867995341012,1.0000509279028282
31,1,1414159,3491328,1414369,1414369,3491328,0.26059362793218216,1.0001484981533193
32,1,41443,0,41443,41443,0,0.0,1.0
33,1,1774080,4592640,1774196,1774196,4592640,0.09627692445862406,1.000065386002886
34,1,842733,1079832,842996,842996,1079832,0.309046599146855,1.0003120798639664
35,1,169571,0,169571,169571,0,0.0,1.0
36,1,931510,0,931510,931510,0,0.0,1.0
37,1,210001,0,210001,210001,0,0.0,1.0
38,1,1363312,5627904,1364555,1364555,5627904,0.1736168151396097,1.0009117502083162
39,1,1435262,7929856,1435262,1435262,7929856,0.0,1.0
40,1,253454,0,253454,253454,0,0.0,1.0
41,1,6001575,30898176,6003957,6003957,30898176,0.10163681549404405,1.0003968958148486
42,1,1675633,6629376,1686740,1686740,6629376,0.3186917583766532,1.0066285397816825
43,1,677656,49160,677656,677656,49160,0.03320740032104811,1.0
44,1,107814,4438112,154407,154407,4438112,0.8199885718367201,1.4321609438477378
45,1,125614,0,125614,125614,0,0.0,1.0
46,1,244994,3176288,276455,276455,3176288,0.7530304668077024,1.1284153897646474
47,1,326508,0,326508,326508,0,0.0,1.0
48,1,222220,0,222220,222220,0,0.0,1.0
49,1,196276,0,196276,196276,0,0.0,1.0
50,1,149690,0,149690,149690,0,0.0,1.0
51,1,607628,0,607628,607628,0,0.0,1.0
52,1,180301,0,180301,180301,0,0.0,1.0
53,1,1428109,5405536,1472686,1472686,5405536,0.6248708378144704,1.0312140039730862
54,1,815051,0,815051,815051,0,0.0,1.0
55,1,118835,69632,118835,118835,69632,0.10014324257468461,1.0
56,1,277285,0,277285,277285,0,0.0,1.0
57,1,59726,94216,59726,59726,94216,0.21868152274837513,1.0
58,1,4539717,28696576,4539717,4539717,28696576,0.0,1.0
59,1,815938,1691648,829473,829473,1691648,0.6100443131462334,1.0165882701871956
60,1,887801,2068520,888789,888789,2068520,0.4231432279268349,1.001112862003985
61,1,77191,0,77191,77191,0,0.0,1.0
62,1,2854809,0,2854809,2854809,0,0.0,1.0
63,1,1070397,0,1070397,1070397,0,0.0,1.0
64,1,19116,0,19116,19116,0,0.0,1.0
65,1,53068,0,53068,53068,0,0.0,1.0
66,1,359070,0,359070,359070,0,0.0,1.0
67,1,63834834,264449408,63834834,63834834,264449408,0.0,1.0
68,1,362095,0,362095,362095,0,0.0,1.0
69,1,25144,0,25144,25144,0,0.0,1.0
70,1,117300,0,117300,117300,0,0.0,1.0
71,1,18919,0,18919,18919,0,0.0,1.0
72,1,23890756,108613680,23897828,23897828,108613680,0.026210198484652728,1.000296014073393
73,1,10081626,141570432,10081626,10081626,141570432,0.0,1.0
74,1,1678120,6070280,1682239,1682239,6070280,0.16680485013829857,1.002454532452983
75,1,1441809,0,1441809,1441809,0,0.0,1.0
76,1,6183098,28280832,6185113,6185113,28280832,0.13357661937269952,1.0003258884138664
77,1,495320,0,495320,495320,0,0.0,1.0
78,1,2296143,12644568,2296143,2296143,12644568,0.0,1.0
79,1,31052251,32448512,31052251,31052251,32448512,0.0,1.0
80,1,291826,548864,292138,292138,548864,0.1686143572621035,1.0010691302351402
81,1,151795,0,151795,151795,0,0.0,1.0
82,1,721041,0,721041,721041,0,0.0,1.0
83,1,946145,13934688,1057993,1057993,13934688,0.7958684091545202,1.1182144385902795
84,1,2507412,0,2507412,2507412,0,0.0,1.0
85,1,3187899,0,3187899,3187899,0,0.0,1.0
86,1,118403,0,118403,118403,0,0.0,1.0
87,1,3969779,7902720,3974071,3974071,7902720,0.18336776784760794,1.0010811684982968
88,1,243623,0,243623,243623,0,0.0,1.0
89,1,693092,0,693092,693092,0,0.0,1.0
90,1,1178363,21233592,1178363,1178363,21233592,0.0,1.0
91,1,9168820,53947008,9186769,9186769,53947008,0.10538579237748164,1.001957612866214
92,1,4333631,66000096,4815554,4815554,66000096,0.7935495964003455,1.111205361047122
93,1,74205,0,74205,74205,0,0.0,1.0
94,1,94892,0,94892,94892,0,0.0,1.0
95,1,2084853,0,2084853,2084853,0,0.0,1.0
96,1,84194,0,84194,84194,0,0.0,1.0
97,1,11491509,10584064,11491509,11491509,10584064,0.0,1.0
98,1,177430,0,177430,177430,0,0.0,1.0
99,1,1618902,5484544,1622999,1622999,5484544,0.25235465023466686,1.002530727616619
100,1,151223,0,151223,151223,0,0.0,1.0
1,2,116868,1152,233110,116868,1152,0.0,1.0
2,2,132388,230400,261945,132388,230400,0.04049493813273341,1.0
3,2,333370,4013282,602212,333443,4013282,0.09245765295088304,1.0002189759126496
4,2,199074,110592,392357,199074,110592,0.0,1.0
5,2,60660,882310,95618,60854,882310,0.12833539303420385,1.0031981536432575
6,2,38717,16256,82837,38717,16256,0.029053474406634257,1.0
7,2,506606,104448,1012562,506606,104448,0.01610305958132045,1.0
8,2,224747,1036416,487605,224747,1036416,0.0,1.0
9,2,89589,542126,153261,89590,542126,0.058752526245231,1.000011162084631
10,2,40452,286920,86969,40668,286920,0.12296788104565395,1.0053396618214179
11,2,92646,180224,184697,92646,180224,0.0,1.0
12,2,24280,70380,59088,24280,70380,0.020855327598626416,1.0
13,2,132198,8192,263949,132198,8192,0.0,1.0
14,2,8895264,74110392,17698626,8904271,74110392,0.22639090661363676,1.001012561291042
15,2,82522,183568,177362,82522,183568,0.07981708584493868,1.0
16,2,4026193,404200,7715523,4027025,404200,0.49653249554250156,1.0002066468249287
17,2,66218,87552,162810,66218,87552,0.022201165946649108,1.0
18,2,497046,3437568,1004367,498345,3437568,0.4602760466656753,1.0026134402047295
19,2,37458,387128,81144,37458,387128,0.11587288752324736,1.0
20,2,266580,0,532746,266580,0,0.0,1.0
21,2,3137119,7327744,6567937,3137808,7327744,0.399746192893401,1.0002196282640219
22,2,27826,145236,56780,27826,145236,0.07491573997457063,1.0
23,2,56835,74016,122614,57018,74016,0.14566121801557844,1.0032198469253102
24,2,1334413,396856,2555343,1335245,396856,0.4988455468555741,1.0006234951248227
25,2,2431840,27648,4863026,2431840,27648,0.0,1.0
26,2,44686,109756,99203,44686,109756,0.11555549394567395,1.0
27,2,1117252,1634304,2363952,1117252,1634304,0.10600706713780919,1.0
28,2,20474273,75738432,43836040,20486349,75738432,0.03827809052207227,1.000589813372128
29,2,18880,16388,37555,18880,16388,0.0,1.0
30,2,1390292,1292288,2808034,1390496,1292288,0.3450958599611003,1.0001467317657011
31,2,711649,5250048,1414369,712262,5250048,0.43054214277913205,1.0008613796970136
32,2,17378,6216,41443,17378,6216,0.0217820949497498,1.0
33,2,887618,6648864,1774196,889278,6648864,0.21012644786487564,1.0018701738811064
34,2,389539,943616,842996,390278,943616,0.28890929395706666,1.00189711428124
35,2,93683,801138,169571,93684,801138,0.15466443900384597,1.0000106742952297
36,2,466068,1152,931510,466068,1152,0.0,1.0
37,2,105374,204800,210001,105374,204800,0.0,1.0
38,2,674382,6790656,1364555,674500,6790656,0.2788309681150929,1.000174975014161
39,2,697932,9785344,1435262,701354,9785344,0.4137628111273792,1.0049030564582222
40,2,134149,1227916,253454,134642,1227916,0.1273465999855112,1.0036750180769145
41,2,2982392,31100928,6003957,2986252,31100928,0.16795909671921602,1.0012942631283883
42,2,839453,7262496,1686740,840111,7262496,0.412961965735256,1.000783843764928
43,2,342932,477184,677656,342932,477184,0.25007284428093784,1.0
44,2,46025,895072,154407,55792,895072,0.3793460954567334,1.2122107550244432
45,2,62983,0,125614,62983,0,0.0,1.0
46,2,112310,991840,276455,112310,991840,0.3339873769580431,1.0
47,2,197408,1264006,326508,197413,1264006,0.10642081584830353,1.000025328254174
48,2,149459,467846,222220,149459,467846,0.14522036592318724,1.0
49,2,125566,1047286,196276,125566,1047286,0.03429068148186911,1.0
50,2,86990,1022694,149690,87003,1022694,0.045964059629304645,1.000149442464651
51,2,318398,394084,607628,319230,394084,0.49972422242160675,1.0026130817404633
52,2,84815,102912,180301,84855,102912,0.08243989852742081,1.0004716146907977
53,2,722908,4636042,1472686,722906,4636042,0.2396489462378009,0.9999972333962275
54,2,465795,2620302,815051,465795,2620302,0.05590823839747427,1.0
55,2,49343,16384,118835,49447,16384,0.025517228490085284,1.0021076951137953
56,2,172799,3326338,277285,172793,3326338,0.04506471972725184,0.9999652775768378
57,2,29563,18208,59726,29563,18208,0.0513196315629263,1.0
58,2,2228121,55287808,4539717,2230952,55287808,0.07734039034072114,1.0012705773160435
59,2,369318,360448,829473,369318,360448,0.0,1.0
60,2,428579,2675840,888789,428990,2675840,0.4452390247662197,1.000958983057966
61,2,39173,34560,77191,39268,34560,0.05973079661802017,1.0024251397646338
62,2,1431735,2297856,2854809,1431735,2297856,0.0018730489073881373,1.0
63,2,536070,1049088,1070397,536070,1049088,0.005687973997833153,1.0
64,2,13858,47620,19116,13858,47620,0.025580545496827346,1.0
65,2,21281,13968,53068,21281,13968,0.029838565708602178,1.0
66,2,202704,1653418,359070,202704,1653418,0.09155976497918207,1.0
67,2,31763756,215908736,63834834,32105013,215908736,0.2374355335881185,1.0107435971992733
68,2,196325,1624576,362095,196346,1624576,0.10132439489303485,1.0001069654908952
69,2,14851,348422,25144,14880,348422,0.07725639964212747,1.0019527304558615
70,2,53223,129536,117300,53322,129536,0.235779786455622,1.0018600980778987
71,2,11204,162950,18919,11260,162950,0.07891665856267627,1.0049982149232417
72,2,11798958,114166560,23897828,11807716,114166560,0.10503271263130515,1.0007422689359518
73,2,5041517,85522816,10081626,5576908,85522816,0.1934909583799359,1.106196408739671
74,2,810220,3997696,1682239,810616,3997696,0.36301257796268493,1.0004887561403075
75,2,754663,4745798,1441809,754663,4745798,0.10445145176790809,1.0
76,2,3063843,31095808,6185113,3065214,31095808,0.27878156126940007,1.0004474772369212
77,2,247101,57344,495320,247101,57344,0.026082004763022353,1.0
78,2,1049840,2782080,2296143,1050081,2782080,0.3321265243902439,1.0002295587899108
79,2,15116703,193798144,31052251,15116703,193798144,0.0010918242718087271,1.0
80,2,145475,1794048,292138,145475,1794048,0.3798449612403101,1.0
81,2,76860,0,151795,76860,0,0.0,1.0
82,2,407358,3389412,721041,407392,3389412,0.07334800617247658,1.0000834646674424
83,2,425955,2180704,1057993,433526,2180704,0.19819672514073486,1.0177741780235001
84,2,1118852,24488448,2507412,1122732,24488448,0.05489970795538879,1.0034678402505426
85,2,1841833,17607566,3187899,1842459,17607566,0.07525368826063225,1.000339878805516
86,2,71886,1069062,118403,72593,1069062,0.14734914208598418,1.0098350165539882
87,2,1980853,9455616,3974071,1982000,9455616,0.259558353876274,1.0005790434726858
88,2,131481,1033770,243623,132030,1033770,0.09234703234047485,1.0041755082483401
89,2,329216,1475712,693092,329216,1475712,0.0799956659188252,1.0
90,2,452647,3196848,1178363,463664,3196848,0.3620185566395179,1.0243390544950037
91,2,4531465,52032556,9186769,4532609,52032556,0.3523235831250613,1.0002524569868685
92,2,2009155,20225120,4815554,2052957,20225120,0.5769645899395782,1.021801204984185
93,2,37559,28672,74205,37559,28672,0.01384083044982699,1.0
94,2,42420,243400,94892,42420,243400,0.059393306652746364,1.0
95,2,1033019,110592,2084853,1033019,110592,0.0,1.0
96,2,42003,346520,84194,42010,346520,0.27727468736524363,1.000166654762755
97,2,5152906,2490368,11491509,5152906,2490368,0.00902061855670103,1.0
98,2,89620,0,177430,89620,0,0.0,1.0
99,2,802533,6561792,1622999,803794,6561792,0.40980607391145263,1.0015712749506873
100,2,69982,462338,151223,70331,462338,0.2775868790160811,1.004986996656283
1,3,78545,2304,233110,78545,2304,0.0,1.0
2,3,90565,423936,261945,90565,423936,0.0,1.0
3,3,265160,9497892,602212,274348,9497892,0.21740145290564392,1.0346507768894253
4,3,134043,221184,392357,134043,221184,0.0,1.0
5,3,52419,1479690,95618,54077,1479690,0.24384526998545028,1.0316297525706328
6,3,26792,58776,82837,26792,58776,0.08783282912267346,1.0
7,3,338094,55296,1012562,338094,55296,0.0,1.0
8,3,157239,0,487605,157239,0,0.0,1.0
9,3,71649,740904,153261,71678,740904,0.08712334384720423,1.0004047509386034
10,3,29582,48384,86969,29582,48384,0.04794872150616702,1.0
11,3,63333,1658880,184697,63333,1658880,0.2081151832460733,1.0
12,3,17926,189892,59088,17926,189892,0.06728949502838776,1.0
13,3,88351,16384,263949,88351,16384,0.0,1.0
14,3,5906299,50501016,17698626,5918421,50501016,0.3900005323387868,1.0020523850892074
15,3,54286,208128,177362,54310,208128,0.13050585295759695,1.0004421029363004
16,3,2877209,341100,7715523,2877849,341100,0.4511892425296108,1.000222437786063
17,3,45302,175104,162810,45302,175104,0.10813520279574555,1.0
18,3,334510,3143680,1004367,335653,3143680,0.46289194295264885,1.0034169382081253
19,3,27188,24576,81144,27188,24576,0.0,1.0
20,3,177888,0,532746,177888,0,0.0,1.0
21,3,2090922,34854912,6567937,2090922,34854912,0.01654612107401169,1.0
22,3,18852,6912,56780,18852,6912,0.03135376408469871,1.0
23,3,38878,207264,122614,38878,207264,0.323150177895994,1.0
24,3,953897,332124,2555343,954537,332124,0.45342530541350096,1.0006709319769325
25,3,1622164,55296,4863026,1622164,55296,0.0,1.0
26,3,41510,95664,99203,41510,95664,0.16365409289196817,1.0
27,3,744579,6094848,2363952,744579,6094848,0.25254730713246,1.0
28,3,13683867,39800832,43836040,13694984,39800832,0.13229390799045654,1.0008124165486263
29,3,12743,0,37555,12743,0,0.0,1.0
30,3,932670,8620032,2808034,932659,8620032,0.49251510925151093,0.9999882059034814
31,3,473052,7544832,1414369,473822,7544832,0.4998098595921005,1.0016277280298995
32,3,11773,12360,41443,11773,12360,0.04239904499238464,1.0
33,3,587856,6964800,1774196,589213,6964800,0.326358727980613,1.002308388448872
34,3,261876,2288640,842996,261986,2288640,0.48839563071944636,1.000420046128702
35,3,75026,1254808,169571,75100,1254808,0.19619700925032632,1.0009863247407564
36,3,311345,2304,931510,311345,2304,0.0,1.0
37,3,72397,1687552,210001,72397,1687552,0.41920374707259955,1.0
38,3,449048,8107008,1364555,449590,8107008,0.3442319004855426,1.0012069979155904
39,3,475590,12500992,1435262,479217,12500992,0.27268268759195685,1.0076263167854664
40,3,105156,1985768,253454,105492,1985768,0.21786525106837606,1.0031952527673171
41,3,1985351,34842624,6003957,1986870,34842624,0.19030340461669112,1.0007651040042793
42,3,559213,8588864,1686740,563361,8588864,0.3929382033610412,1.0074175671881733
43,3,250445,4852554,677656,250648,4852554,0.32333000797563993,1.0008105572081694
44,3,37575,537536,154407,42170,537536,0.2595599375862147,1.1222887558216899
45,3,42214,0,125614,42214,0,0.0,1.0
46,3,83675,773312,276455,83842,773312,0.23554301833568406,1.0019958171496863
47,3,156551,1863980,326508,156780,1863980,0.2166838436370901,1.0014627820965691
48,3,113339,1177612,222220,113666,1177612,0.13288003795031114,1.002885149860154
49,3,83597,2408560,196276,83711,2408560,0.09888919933464879,1.0013636852997116
50,3,59766,1828552,149690,60161,1828552,0.12459260653156036,1.006609108857879
51,3,227941,328736,607628,228581,328736,0.4542765419503648,1.0028077441092214
52,3,57038,181248,180301,57038,181248,0.07592515626071833,1.0
53,3,494343,6090084,1472686,495343,6090084,0.25551366273555187,1.0020228869428716
54,3,359075,4093218,815051,359071,4093218,0.12093076534242156,0.9999888602659611
55,3,33849,74240,118835,34195,74240,0.10606744655195076,1.0102218677065793
56,3,121783,3274876,277285,121923,3274876,0.09399756935493206,1.0011495857385677
57,3,20565,14112,59726,20565,14112,0.0008212147134302823,1.0
58,3,1486029,32583680,4539717,1491108,32583680,0.19933138320100294,1.0034178337031108
59,3,253977,1171456,829473,254073,1171456,0.5072727272727273,1.0003779869830733
60,3,295328,3080448,888789,295948,3080448,0.4473233149874887,1.0020993607108029
61,3,26332,43008,77191,26332,43008,0.07326197014193143,1.0
62,3,955896,2268672,2854809,955896,2268672,0.0,1.0
63,3,358583,1262592,1070397,358583,1262592,0.013477801268498943,1.0
64,3,13031,41446,19116,13031,41446,0.13661617831867187,1.0
65,3,15330,27936,53068,15330,27936,0.08526015088995777,1.0
66,3,143677,2491906,359070,144914,2491906,0.21819224742873372,1.0086095895654836
67,3,20710881,161681152,63834834,21240727,161681152,0.6675914222581176,1.0255829773731016
68,3,179131,2355384,362095,180284,2355384,0.18474604526676608,1.0064366301756815
69,3,12339,361994,25144,12716,361994,0.20762658861202843,1.0305535294594375
70,3,39333,259072,117300,39333,259072,0.2729942703960644,1.0
71,3,8875,248488,18919,9349,248488,0.2714280400252948,1.0534084507042254
72,3,7926463,116640544,23897828,7933930,116640544,0.12640713422589445,1.0009420342970123
73,3,3445658,132268800,10081626,3784981,132268800,0.3442273954594676,1.0984784328566561
74,3,541942,8257536,1682239,544370,8257536,0.29067334814018064,1.0044801842263564
75,3,554461,12507404,1441809,557783,12507404,0.23354090438258052,1.0059914042646823
76,3,2045044,17794048,6185113,2046296,17794048,0.5505430242272348,1.0006122117665928
77,3,168923,114688,495320,168923,114688,0.025419025615838663,1.0
78,3,707111,7071360,2296143,718637,7071360,0.43861411455289306,1.0163001282684048
79,3,9962808,45273088,31052251,9964215,45273088,0.2715683130211674,1.0001412252449309
80,3,100325,2412544,292138,101086,2412544,0.4117647058823529,1.0075853476202343
81,3,51202,20496,151795,51202,20496,0.011579213201509217,1.0
82,3,287402,5338828,721041,288690,5338828,0.17250495013296135,1.00448152761637
83,3,290539,6672576,1057993,290539,6672576,0.24996330975373507,1.0
84,3,831104,0,2507412,831104,0,0.0,1.0
85,3,1264447,31684812,3187899,1276027,31684812,0.20041627636841708,1.0091581537225365
86,3,61666,2190284,118403,63144,2190284,0.18260977302672335,1.0239678266792074
87,3,1372337,11036160,3974071,1374975,11036160,0.26172484984232236,1.0019222683641118
88,3,118465,1620500,243623,121527,1620500,0.2169492476569238,1.0258472966699026
89,3,225282,3951872,693092,225282,3951872,0.125018340098792,1.0
90,3,308906,5730048,1178363,335455,5730048,0.4892127451498652,1.0859452390047457
91,3,3029129,60113508,9186769,3042680,60113508,0.4441209128989158,1.0044735631925876
92,3,1337343,20263104,4815554,1336815,20263104,0.13559404271217199,0.9996051873004906
93,3,25103,16384,74205,25103,16384,0.0,1.0
94,3,30976,212544,94892,30976,212544,0.24341397220532499,1.0
95,3,677299,703104,2084853,677299,703104,0.0,1.0
96,3,27764,66240,84194,27764,66240,0.03958047016274864,1.0
97,3,3444086,59834368,11491509,3444086,59834368,0.08789954337899543,1.0
98,3,64372,418684,177430,64378,418684,0.1725123976554244,1.0000932082271796
99,3,535436,7561216,1622999,536907,7561216,0.44794968681053937,1.0027472937942163
100,3,57811,72192,151223,57811,72192,0.01712718271224995,1.0
1,4,58984,3456,233110,58984,3456,0.0,1.0
2,4,68574,377856,261945,68574,377856,0.0,1.0
3,4,210143,7341394,602212,217719,7341394,0.30054447149270624,1.036051641025397
4,4,103972,331776,392357,103972,331776,0.0,1.0
5,4,48865,1502642,95618,52014,1502642,0.2987086130013318,1.0644428527575975
6,4,22211,309062,82837,22211,309062,0.18360631274538558,1.0
7,4,254398,82944,1012562,254398,82944,0.0,1.0
8,4,100137,1033728,487605,100137,1033728,0.0,1.0
9,4,60949,838982,153261,62725,838982,0.18672961188959317,1.0291391163103578
10,4,24531,1005300,86969,25602,1005300,0.34003556439642246,1.0436590436590436
11,4,46880,540672,184697,46880,540672,0.0,1.0
12,4,13549,39168,59088,13549,39168,0.074853228962818,1.0
13,4,66946,24576,263949,66982,24576,0.006,1.0005377468407373
14,4,4441943,95588760,17698626,4446784,95588760,0.1574084648020292,1.001089838388291
15,4,46137,231168,177362,46552,231168,0.11702594899834177,1.0089949498233521
16,4,2240364,605676,7715523,2244367,605676,0.5964281317421587,1.001786763222405
17,4,37813,255744,162810,38607,255744,0.26122382918891035,1.0209980694470155
18,4,253273,4320256,1004367,254107,4320256,0.5510118938998736,1.0032928894907867
19,4,21120,352868,81144,21120,352868,0.17538247077878122,1.0
20,4,133704,0,532746,133704,0,0.0,1.0
21,4,1550324,4608000,6567937,1550324,4608000,0.0,1.0
22,4,14245,13824,56780,14245,13824,0.060801182245210326,1.0
23,4,28698,547992,122614,28698,547992,0.19921317712161168,1.0
24,4,744432,595068,2555343,748435,595068,0.5988097339655988,1.0053772540675308
25,4,1217444,82944,4863026,1217444,82944,0.0,1.0
26,4,30464,539828,99203,31181,539828,0.21155840482700103,1.0235359768907564
27,4,559196,1843200,2363952,559196,1843200,0.0,1.0
28,4,10166935,79760256,43836040,10367033,79760256,0.5483286373746536,1.0196812510358333
29,4,9857,65600,37555,9857,65600,0.20245906703738029,1.0
30,4,697321,6002688,2808034,697351,6002688,0.7013660202463715,1.0000430217934064
31,4,358663,7823840,1414369,360157,7823840,0.4458673348158161,1.0041654700930958
32,4,10285,95460,41443,10285,95460,0.037321901399571304,1.0
33,4,441813,7131744,1774196,441987,7131744,0.35901619714374666,1.0003938317795085
34,4,196762,2951680,842996,202711,2951680,0.3908752549857942,1.0302344964983077
35,4,62988,1502522,169571,63882,1502522,0.29060586504755237,1.0141931796532673
36,4,233584,3456,931510,233584,3456,0.0,1.0
37,4,53320,614400,210001,53320,614400,0.0,1.0
38,4,337208,8947200,1364555,337826,8947200,0.3384203283577361,1.0018326967331737
39,4,355737,14848000,1435262,369254,14848000,0.5736400774027091,1.037997172068129
40,4,87298,1878644,253454,89275,1878644,0.2692013717125206,1.0226465669316593
41,4,1487676,39164928,6003957,1490603,39164928,0.34380222841225627,1.001967498299361
42,4,424220,8639328,1686740,429998,8639328,0.5264871030005264,1.0136202913582575
43,4,204016,5891482,677656,207784,5891482,0.3670643533349859,1.0184691396753196
44,4,34177,589088,154407,38436,589088,0.2701541459957477,1.1246159698042544
45,4,31871,0,125614,31871,0,0.0,1.0
46,4,63321,2347808,276455,76947,2347808,0.3152295075440901,1.215189273700668
47,4,142139,2257042,326508,142700,2257042,0.2813333272559038,1.0039468407685435
48,4,114072,1270930,222220,114384,1270930,0.19695770308722535,1.0027351146644226
49,4,75141,2607184,196276,75814,2607184,0.11894729747944467,1.008956495122503
50,4,56820,2040400,149690,57895,2040400,0.15272430171931559,1.0189193945793735
51,4,179791,591064,607628,183794,591064,0.5997153487993819,1.0222647407267327
52,4,43391,259584,180301,44506,259584,0.2168380034928031,1.0256965730220553
53,4,388744,8679750,1472686,394500,8679750,0.22210172934190833,1.0148066593953862
54,4,272727,7284480,815051,274306,7284480,0.14503722016206566,1.005789672456339
55,4,29269,74240,118835,29269,74240,0.09436345244966654,1.0
56,4,114420,3675902,277285,115534,3675902,0.13975434179674037,1.009736060129348
57,4,16345,28224,59726,16345,28224,0.07736587612249597,1.0
58,4,1118404,38928384,4539717,1130116,38928384,0.28450678895782755,1.0104720655505524
59,4,185216,1081344,829473,185216,1081344,0.0,1.0
60,4,217158,3320192,888789,217728,3320192,0.4509238003144538,1.0026248169535545
61,4,22085,53760,77191,22111,53760,0.07922435078187208,1.0011772696400272
62,4,722454,2582016,2854809,722454,2582016,0.0012282497441146367,1.0
63,4,270138,1420800,1070397,270138,1420800,0.008566978193146417,1.0
64,4,9994,131980,19116,10007,131980,0.22002024399339407,1.001300780468281
65,4,11338,41616,53068,11464,41616,0.10842102796071906,1.0111130710883753
66,4,112359,3806464,359070,116226,3806464,0.2231238084909997,1.0344164686406963
67,4,16091598,224860288,63834834,16614171,224860288,0.37848872057854255,1.032474897769631
68,4,152583,2646854,362095,156693,2646854,0.08761547141365571,1.02693615933623
69,4,13520,361896,25144,14177,361896,0.2932068709195992,1.048594674556213
70,4,29272,333312,117300,29290,333312,0.24404583294608123,1.0006149221098661
71,4,9541,223564,18919,10259,223564,0.2320725740804458,1.0752541662299548
72,4,5944202,125192992,23897828,5949999,125192992,0.14467310984278375,1.0009752360367297
73,4,2804718,138700416,10081626,3368258,138700416,0.36264634379820176,1.2009257258662012
74,4,408908,6623232,1682239,408908,6623232,0.41709238129158266,1.0
75,4,457083,11096688,1441809,462730,11096688,0.24657244027206435,1.0123544301581988
76,4,1526713,19563520,6185113,1527039,19563520,0.5526338403368566,1.000213530637389
77,4,126308,237568,495320,126549,237568,0.052931659231767264,1.0019080343287836
78,4,531949,6950784,2296143,540759,6950784,0.6987599895760945,1.0165617380613554
79,4,7456209,51107840,31052251,7459488,51107840,0.3447270895549239,1.0004397677157386
80,4,80643,1994752,292138,83835,1994752,0.2891304347826087,1.0395818607938694
81,4,38500,127080,151795,38500,127080,0.07470765211470182,1.0
82,4,232001,6416144,721041,235608,6416144,0.24412847662318887,1.0155473467786778
83,4,217945,6953760,1057993,220202,6953760,0.33219742598110696,1.0103558237169927
84,4,617896,9216,2507412,617896,9216,0.0,1.0
85,4,989911,27902578,3187899,995687,27902578,0.18629648396483525,1.0058348679830813
86,4,55397,2204494,118403,58950,2204494,0.2983684498999401,1.0641370471325162
87,4,1042938,12655552,3974071,1046832,12655552,0.2440615369495627,1.0037336831144326
88,4,107657,1823044,243623,108932,1823044,0.11184694304673388,1.0118431685816993
89,4,165365,1827200,693092,165365,1827200,0.10273485547355474,1.0
90,4,258453,7548576,1178363,296947,7548576,0.38474550409866254,1.1489400393882059
91,4,2289607,67112896,9186769,2314443,67112896,0.485452953876178,1.0108472764103185
92,4,1003903,18235168,4815554,1015537,18235168,0.21428102694571483,1.0115887690344585
93,4,19472,180224,74205,19511,180224,0.024242424242424242,1.0020028759244042
94,4,22561,318528,94892,25518,318528,0.3332658104768464,1.131066885333097
95,4,506597,0,2084853,506597,0,0.0,1.0
96,4,22385,368316,84194,22689,368316,0.21455058656066384,1.0135805226714318
97,4,2622413,14221312,11491509,2622394,14221312,0.09031471631205673,0.9999927547644097
98,4,53262,316638,177430,53273,316638,0.12419302461518478,1.000206526228831
99,4,403320,8929280,1622999,408342,8929280,0.5063313754829488,1.0124516512942576
100,4,46534,1418568,151223,50101,1418568,0.423464226595549,1.0766536296041604
1,5,47502,4608,233110,47502,4608,0.0,1.0
2,5,55153,514560,261945,55153,514560,0.0031088082901554403,1.0
3,5,187997,7908308,602212,199233,7908308,0.339472751437007,1.0597669111741146
4,5,83248,3231744,392357,85698,3231744,0.2301980198019802,1.0294301364597347
5,5,42856,1706228,95618,46279,1706228,0.28247209919868616,1.0798721299234646
6,5,20637,296160,82837,21324,296160,0.16608035695449463,1.033289722343364
7,5,203834,110592,1012562,203834,110592,0.0,1.0
8,5,92069,516864,487605,92069,516864,0.0,1.0
9,5,53324,898504,153261,56088,898504,0.23491969948212474,1.0518340709624183
10,5,20828,563780,86969,22516,563780,0.2911981871881047,1.0810447474553486
11,5,41082,839680,184697,41774,839680,0.4557926829268293,1.0168443600603672
12,5,11971,47232,59088,13248,47232,0.08889424235124066,1.106674463286275
13,5,54117,32768,263949,54363,32768,0.00597609561752988,1.0045457065247518
14,5,3563208,59885976,17698626,3606343,59885976,0.4879734574315547,1.0121056643339372
15,5,38214,317952,177362,39126,317952,0.07366391835227547,1.0238655989951326
16,5,2086755,444880,7715523,2088965,444880,0.5162722893194698,1.0010590605988725
17,5,30911,336384,162810,30911,336384,0.3551385997966729,1.0
18,5,200642,3372672,1004367,201988,3372672,0.5907789871563831,1.0067084658247027
19,5,17271,267360,81144,17271,267360,0.2459414271074915,1.0
20,5,107256,0,532746,107256,0,0.0,1.0
21,5,1241101,5120000,6567937,1241101,5120000,0.2493150684931507,1.0
22,5,11479,20736,56780,11479,20736,0.08851098704092608,1.0
23,5,24361,280992,122614,24361,280992,0.2554669605125896,1.0
24,5,693639,432232,2555343,695849,432232,0.518754165024978,1.0031860953608434
25,5,975282,110592,4863026,975282,110592,0.0,1.0
26,5,26486,316400,99203,26487,316400,0.23771693472798208,1.0000377557955147
27,5,455888,17268736,2363952,457150,17268736,0.25540175557056044,1.0027682237742603
28,5,8163258,73953792,43836040,8334300,73953792,0.5994954509582502,1.020952663752634
29,5,8458,45076,37555,8458,45076,0.014487934974073104,1.0
30,5,559431,8979968,2808034,559420,8979968,0.549993247197587,0.9999803371640112
31,5,283939,7900160,1414369,284862,7900160,0.48481516191532564,1.0032506982133487
32,5,9936,12288,41443,9937,12288,0.04216247375138963,1.0001006441223832
33,5,355844,5639232,1774196,356282,5639232,0.28173030204685,1.0012308764514788
34,5,160224,3487744,842996,165651,3487744,0.5578293567241729,1.033871330137807
35,5,57848,1058710,169571,58308,1058710,0.2729764849369094,1.0079518738763658
36,5,187182,4608,931510,187182,4608,0.0,1.0
37,5,43013,860160,210001,43013,860160,0.32794117647058824,1.0
38,5,272531,9538560,1364555,275163,9538560,0.40789878613396174,1.0096576169316518
39,5,299122,12238848,1435262,312806,12238848,0.3440458395615346,1.0457472201977789
40,5,76698,1927588,253454,77348,1927588,0.3176595773460361,1.0084747972567734
41,5,1192741,39894016,6003957,1195788,39894016,0.274584900467847,1.0025546199887485
42,5,335061,9936736,1686740,335450,9936736,0.5091240875912408,1.001160982627044
43,5,182034,6592822,677656,199245,6592822,0.3902518413104529,1.094548271202083
44,5,35982,452992,154407,38879,452992,0.18835540973973508,1.080512478461453
45,5,25722,0,125614,25722,0,0.0,1.0
46,5,67778,750976,276455,69320,750976,0.19632028808543223,1.0227507450795243
47,5,134070,2575320,326508,135565,2575320,0.3311661851349157,1.011150891325427
48,5,101557,1273560,222220,101604,1273560,0.17038360356156235,1.0004627942928601
49,5,74586,2894220,196276,76843,2894220,0.15363603364893982,1.030260370578929
50,5,55970,1337182,149690,56538,1337182,0.13999428316976847,1.0101482937287833
51,5,167806,427456,607628,170016,427456,0.5197015376809897,1.0131699700845023
52,5,36766,304128,180301,38113,304128,0.17990759056949915,1.0366371103737149
53,5,331284,9857696,1472686,357373,9857696,0.4510577602975308,1.0787511621448667
54,5,252882,8198466,815051,256867,8198466,0.1662299802643483,1.015758337880909
55,5,24831,173568,118835,24831,173568,0.16527287741160573,1.0
56,5,115035,4129054,277285,117211,4129054,0.16686025580937244,1.0189159820924067
57,5,14028,14112,59726,14028,14112,0.040239520958083835,1.0
58,5,905225,40996864,4539717,931102,40996864,0.27937381730603816,1.0285862630837637
59,5,150736,2072576,829473,150782,2072576,0.5441558441558442,1.0003051693026217
60,5,166686,3510656,888789,168515,3510656,0.5135622735045416,1.010972727163649
61,5,17886,110592,77191,18351,110592,0.14357779889055747,1.0259979872525997
62,5,579973,2746368,2854809,579973,2746368,0.0,1.0
63,5,218333,1563648,1070397,218333,1563648,0.0038402457757296467,1.0
64,5,11313,159314,19116,11362,159314,0.23099387510260783,1.004331300274021
65,5,10530,55728,53068,10829,55728,0.11789066192523238,1.028395061728395
66,5,99989,3969404,359070,105645,3969404,0.227324573969413,1.0565662222844512
67,5,12923295,228327936,63834834,13558894,228327936,0.4946759796146472,1.0491824259989422
68,5,116565,3414178,362095,128131,3414178,0.1918447990941641,1.0992236091451122
69,5,11650,443024,25144,12831,443024,0.2851089034272945,1.10137339055794
70,5,25262,449024,117300,25367,449024,0.26929318365439725,1.004156440503523
71,5,9550,309518,18919,10080,309518,0.3075268956075889,1.0554973821989528
72,5,4771746,121799344,23897828,4779320,121799344,0.11397953305814819,1.0015872596739224
73,5,2480426,93595904,10081626,2939947,93595904,0.4118401864111475,1.1852589031077727
74,5,328279,7151616,1682239,328499,7151616,0.47151320735655944,1.0006701616612699
75,5,364732,12427608,1441809,378054,12427608,0.2614902071052464,1.0365254488226971
76,5,1226477,31962112,6185113,1230397,31962112,0.35713074444632864,1.0031961463606738
77,5,111222,172032,495320,111222,172032,0.07436674661045817,1.0
78,5,435870,10766304,2296143,470359,10766304,0.6982409818960917,1.0791268038635373
79,5,5993296,54609920,31052251,5999242,54609920,0.2972579059756635,1.000992108515915
80,5,71493,2920448,292138,97924,2920448,0.44227504244482174,1.3697005301218301
81,5,30943,0,151795,30943,0,0.0,1.0
82,5,200449,7712376,721041,206876,7712376,0.3264437434699402,1.032063018523415
83,5,177046,7756160,1057993,200940,7756160,0.4414169567046143,1.1349592761203302
84,5,495240,0,2507412,495240,0,0.0,1.0
85,5,846640,38398484,3187899,890475,38398484,0.27615046809613364,1.0517752527638666
86,5,48379,2221332,118403,52595,2221332,0.30553890004632683,1.0871452489716613
87,5,829449,12648960,3974071,832912,12648960,0.2783871926036017,1.0041750607933702
88,5,108035,1831812,243623,110791,1831812,0.08251792115261923,1.0255102513074466
89,5,133139,2186320,693092,133148,2186320,0.14290179840051964,1.00006759852485
90,5,225215,8826240,1178363,274501,8826240,0.5726089424992089,1.2188397753257998
91,5,1837577,71035764,9186769,1872567,71035764,0.5335926924845926,1.0190413789462973
92,5,801052,20375936,4815554,819013,20375936,0.27076757378080374,1.0224217653785272
93,5,15628,61440,74205,15876,61440,0.036303630363036306,1.015868953160993
94,5,19391,424800,94892,20178,424800,0.39176546207684615,1.0405858387911917
95,5,412506,629376,2084853,412506,629376,0.0,1.0
96,5,21963,448896,84194,22134,448896,0.3090141067292039,1.0077858216090698
97,5,2102250,21311488,11491509,2102348,21311488,0.24523466282236103,1.0000466167201807
98,5,45067,1175058,177430,47066,1175058,0.3074583354730143,1.0443561807974793
99,5,324458,9244672,1622999,330667,9244672,0.45904062248690475,1.0191365292272034
100,5,41579,1468656,151223,45651,1468656,0.4113724219225773,1.097934053248034
