case,problem,cores,method,makespan,baseline_makespan,speedup,original_graph_copy_bytes,scheduled_copy_bytes,added_copy_bytes,partition_added_copy_bytes,spill_added_copy_bytes,cache_hit_rate,cache_hit_bytes,cache_miss_bytes,cache_hits,cache_accesses,physical_ddr_bytes_derived,peak_L1,peak_UB,evaluation_seconds,solver_seconds,official_task_count,executed_task_count_derived,subgraph_count,status,plan_sha256,reused_singlecore
case_074,1,2,component_round_robin,840941,1682239,2.0004245244315593,3776728,11022552,7245824,2285568,4960256,0.0,0,0,0,0,11022552,524288,122892,50.72474430000875,0.0,,2,2,ok,aa7181eaeffc29c53bc775f1042db4ad547eeaae35cb4ff10fca93d76cbf9363,False
case_074,1,2,component_lpt,831845,1682239,2.022298625344866,3776728,10211544,6434816,2285568,4149248,0.0,0,0,0,0,10211544,524288,122892,53.93035159999272,0.0,,2,2,ok,5bc2c918b1a89c5a91574538f6583c98e8e8539ae22c1dc8ce56aca65e4c7b02,False
case_074,1,2,component_pipe_balance,826889,1682239,2.034419371886674,3776728,9945304,6168576,2285568,3883008,0.0,0,0,0,0,9945304,524288,122892,94.67288700002246,0.0,,2,2,ok,c28f3de41468dbec9c045cff897140b525a9b2a041a43c2651e3cbd51ad40427,False
case_074,1,2,component_batches,845862,1682239,1.988786586937349,3776728,14262488,10485760,10485760,0,0.0,0,0,0,0,14262488,339968,114698,18.589581399981398,0.0,,17,17,ok,4e4fc280b7b8077d2def8e0f3aa9c08b44430fccdf30f97095525c89bac27f33,False
case_074,1,2,component_batches_128,853131,1682239,1.9718413701998871,3776728,15638744,11862016,11862016,0,0.0,0,0,0,0,15638744,126976,65542,8.041233099997044,0.0,,32,32,ok,579ce5eeedf6be4e98340d641a456989f9df7d93fbb9d5dd4e184e86dce6e066,False
case_074,1,2,component_batches_512,842593,1682239,1.9965024632295783,3776728,12136664,8359936,7823360,536576,0.0,0,0,0,0,12136664,524288,122892,15.298403299995698,0.0,,8,8,ok,0cb5c50bb840791d23c0a1f28cefe47bc435c5f83bff9986ad53de0f6f4cfde7,False
case_074,1,2,component_pipe_lpt,889915,1682239,1.8903367175516763,3776728,18178264,14401536,14401536,0,0.0,0,0,0,0,18178264,98304,65542,7.2452897999901325,0.0,,73,73,ok,a3ae494bad52a3d42c97d78ae78ed20e60ef76db7ef3a2457134cc3de4f01347,False
case_074,1,2,component_comm,878606,1682239,1.9146682358190132,3776728,18178264,14401536,14401536,0,0.0,0,0,0,0,18178264,98304,65542,17.63869920000434,0.0,,73,73,ok,6353a1a33d09778a5910c5058ebbeea6332b43435db57337f86fffe092b74a4d,False
case_074,1,2,scene_a_peft,875209,1682239,1.9220997498883123,3776728,18587872,14811144,14811144,0,0.0,0,0,0,0,18587872,98304,65542,21.379109200031962,0.0,,125,125,ok,9c0df3f35d3d20603605bc577213d158ea9d1c349dfa69ebf8cce0abd91e685e,False
case_074,1,2,scene_a_spine,872520,1682239,1.9280234263971026,3776728,18587872,14811144,14811144,0,0.0,0,0,0,0,18587872,98304,65542,19.142505199997686,0.0,,125,125,ok,5b0343f9cf0ab0a7f4b7eb8a7ce9f460d0deaee653c93bddef2e73fff8c1b98a,False
case_074,1,2,whole_graph,1682239,1682239,1.0,3776728,9847008,6070280,0,6070280,0.0,0,0,0,0,9847008,524288,122900,0.0,0.0,,1,1,ok,5fa369af94b74a66c0a7458baf40110eb18e48d2016dc6a5194e2aeb27160429,True
case_074,1,3,component_round_robin,585586,1682239,2.872744566980768,3776728,11686104,7909376,4571136,3338240,0.0,0,0,0,0,11686104,524288,114698,18.503995599981863,0.0,,3,3,ok,0ed81fc0e0b4998cd64b28e090517f10402d08b9959776ca17eaffaee57c67a3,False
case_074,1,3,component_lpt,563098,1682239,2.987471097393349,3776728,11415768,7639040,4571136,3067904,0.0,0,0,0,0,11415768,524288,122892,24.01255810004659,0.0,,3,3,ok,c709c5764ea8c394230449f6359384365010dbd0071e2b742fe3f64353a35a1d,False
case_074,1,3,component_pipe_balance,548347,1682239,3.06783660711192,3776728,11403480,7626752,4571136,3055616,0.0,0,0,0,0,11403480,524288,122892,55.66469469998265,0.0,,3,3,ok,60ae0c728f5ca4031caea61e76ae69be564b628dd7c09b55e9828a9935c0b800,False
case_074,1,3,component_batches,570626,1682239,2.9480587985826094,3776728,14524632,10747904,10747904,0,0.0,0,0,0,0,14524632,446464,114696,18.723369000013918,0.0,,19,19,ok,2d7b63c02433585da0ba4a2efa924280f7a292ca12a32274b46d036c8ede4130,False
case_074,1,3,component_batches_128,575808,1682239,2.921527661998444,3776728,15958232,12181504,12181504,0,0.0,0,0,0,0,15958232,126976,114696,4.568913399998564,0.0,,33,33,ok,26956ca533c865c2e4367003709460bc345831f73c655a4de71e66de7c016488,False
case_074,1,3,component_batches_512,544371,1682239,3.0902436022492012,3776728,12079320,8302592,7979008,323584,0.0,0,0,0,0,12079320,524288,122892,24.207741800055373,0.0,,9,9,ok,6d5efba8d7e3d16dd555b91dd60e4ca5982edfeac7409e1f53d1977740fa69d9,False
case_074,1,3,component_pipe_lpt,579661,1682239,2.902108301231237,3776728,18178264,14401536,14401536,0,0.0,0,0,0,0,18178264,98304,65542,15.409989300009329,0.0,,73,73,ok,916ce68ed904992e861c39c4b44c945a2883210c7b2b6ce4a554cc17737b8110,False
case_074,1,3,component_comm,600108,1682239,2.803227085791224,3776728,18178264,14401536,14401536,0,0.0,0,0,0,0,18178264,98304,65542,7.5509766000323,0.0,,73,73,ok,74ba5904d31ad9e6569544a3816bde2661c3844b0b4bea2deebcf9de4b35896f,False
case_074,1,3,scene_a_peft,590401,1682239,2.849315973380804,3776728,18587872,14811144,14811144,0,0.0,0,0,0,0,18587872,98304,65542,12.026613000023644,0.0,,125,125,ok,f33378eec34a2075e9e24b57164055cd1ad5a4c4418868bf39ec07e2cb07daa3,False
case_074,1,3,scene_a_spine,589146,1682239,2.855385592026425,3776728,18587872,14811144,14811144,0,0.0,0,0,0,0,18587872,98304,65542,20.324491000035778,0.0,,125,125,ok,c7dcc81c4b0dfa0258112b7c16c4213be6d0091df4a51d5b4137d16d03f6c041,False
case_074,1,3,whole_graph,1682239,1682239,1.0,3776728,9847008,6070280,0,6070280,0.0,0,0,0,0,9847008,524288,122900,0.0,0.0,,1,1,ok,c346bf1f22c91bf89e3ab5c3ff668d611eeb91dc903a4dc8ca586de5fb1a7d70,True
case_074,1,4,component_round_robin,427693,1682239,3.933286259069005,3776728,12644568,8867840,6856704,2011136,0.0,0,0,0,0,12644568,524288,98312,24.47130599996308,0.0,,4,4,ok,178b4ff1d7e2ddf0c62ba50b9dc4055b001899aea6314357a469c20b8faa5613,False
case_074,1,4,component_lpt,418987,1682239,4.015014785661608,3776728,11628760,7852032,5791744,2060288,0.0,0,0,0,0,11628760,524288,114696,26.089366399974097,0.0,,4,4,ok,970c5972a960fdd85ca2029a2696a91e2050385d7b27be51525ee0c7d0917d8b,False
case_074,1,4,component_pipe_balance,424418,1682239,3.9636372632640464,3776728,11784408,8007680,6217728,1789952,0.0,0,0,0,0,11784408,524288,122892,40.41483809996862,0.0,,4,4,ok,0ed50a2e3059c1d4a3fdc91f5505b28515b4cae3d5802ffd3b6adff825bdf840,False
case_074,1,4,component_batches,433943,1682239,3.8766358715315143,3776728,14508248,10731520,10690560,40960,0.0,0,0,0,0,14508248,339968,122892,23.689333299989812,0.0,,19,19,ok,eaa231b5167e0e1110f8992f56ea71fbd2e66a44fd71ffde281fa00d8e4ab99f,False
case_074,1,4,component_batches_128,434652,1682239,3.870312341827485,3776728,16326872,12550144,12550144,0,0.0,0,0,0,0,16326872,225280,65542,15.1433049000334,0.0,,35,35,ok,18376b54aa866db568fd221d6a056b712df6553f991432006ebacbe6945fa84d,False
case_074,1,4,component_batches_512,415803,1682239,4.045759650603771,3776728,12878040,9101312,8773632,327680,0.0,0,0,0,0,12878040,524288,122892,25.273334600031376,0.0,,9,9,ok,b73dd2408a1b70ef8d2c263ebd1b600b08e90736d710615424e34c53dfe80ba4,False
case_074,1,4,component_pipe_lpt,448476,1682239,3.7510123172700434,3776728,18178264,14401536,14401536,0,0.0,0,0,0,0,18178264,98304,65542,14.26601020002272,0.0,,73,73,ok,47f9d4aabaf8cee64a588ca6cbff13b02e8ef11df4065d6f5b3fd2a2ade647b1,False
case_074,1,4,component_comm,461490,1682239,3.6452339162278706,3776728,18178264,14401536,14401536,0,0.0,0,0,0,0,18178264,98304,65542,17.87215730000753,0.0,,73,73,ok,84164f112ed90ec98c70224643616bea51ed4bbe3b25d1b5eb3c1fe6856efec4,False
case_074,1,4,scene_a_peft,450300,1682239,3.735818343326671,3776728,18587872,14811144,14811144,0,0.0,0,0,0,0,18587872,98304,65542,22.389667699986603,0.0,,125,125,ok,879bc65eb93a64c6b9544488c0da3b4c24eec36b2bc35c93011f968c23a2f756,False
case_074,1,4,scene_a_spine,441861,1682239,3.8071678650073215,3776728,18587872,14811144,14811144,0,0.0,0,0,0,0,18587872,98304,65542,6.054050200036727,0.0,,125,125,ok,36b65d22b06c1bc423911863fd6c303dda6b333b3a5b33cc85d7a45d055584a2,False
case_074,1,4,whole_graph,1682239,1682239,1.0,3776728,9847008,6070280,0,6070280,0.0,0,0,0,0,9847008,524288,122900,0.0,0.0,,1,1,ok,c8af4186e55e3ea8050678ac87a1861a9a51a7a5149e03bfcbd844cd24685758,True
case_074,1,5,component_round_robin,334111,1682239,5.034970414024082,3776728,13312216,9535488,9142272,393216,0.0,0,0,0,0,13312216,524288,98312,16.639089000003878,0.0,,5,5,ok,165c339bffd0fc6f86af96979eb9da0850e8c02b43e9764eb155a8ea810a806f,False
case_074,1,5,component_lpt,337275,1682239,4.987737009858424,3776728,11759832,7983104,6799360,1183744,0.0,0,0,0,0,11759832,524288,114696,27.28017490002094,0.0,,5,5,ok,9b1399f80a124573336e31408ef8610a3912d521c3b6efeb0d0d63d153a13742,False
case_074,1,5,component_pipe_balance,345470,1682239,4.869421367991432,3776728,12169440,8392712,7118848,1273864,0.0,0,0,0,0,12169440,524288,122892,58.428458100010175,0.0,,5,5,ok,63cc3fd9664e511ff42741265db2e9f0aa599f6a773d126c1c8b382ab6dab110,False
case_074,1,5,component_batches,357661,1682239,4.703445441353684,3776728,15089880,11313152,11272192,40960,0.0,0,0,0,0,15089880,339968,122892,32.535130300035235,0.0,,18,18,ok,222f1ca4f08b90a91e499b3d70ddff423a144fff5d7cba27e2d505df36aaeb39,False
case_074,1,5,component_batches_128,361198,1682239,4.657387360948842,3776728,16802008,13025280,13025280,0,0.0,0,0,0,0,16802008,126976,65542,21.45366300002206,0.0,,36,36,ok,f0bfe88f57b9fc2b0583aa6b5b8a69ddb22f3b45b201159f2c3e01d1c19f801d,False
case_074,1,5,component_batches_512,339785,1682239,4.950892476124608,3776728,13545696,9768968,9355264,413704,0.0,0,0,0,0,13545696,524288,122892,41.2384973000153,0.0,,10,10,ok,0ea922694ba60350e789ac6e78a0409c71fbd5dc30db26d696f97339bd957c6f,False
case_074,1,5,component_pipe_lpt,358140,1682239,4.697154743954878,3776728,18178264,14401536,14401536,0,0.0,0,0,0,0,18178264,98304,65542,15.096976600005291,0.0,,73,73,ok,384df5634f2d667385efac7511cdfec491e98ecfa07c78a46d13d2860995fca2,False
case_074,1,5,component_comm,385452,1682239,4.364328113487542,3776728,18178264,14401536,14401536,0,0.0,0,0,0,0,18178264,98304,65542,21.252863699977752,0.0,,73,73,ok,4de1b4d66e5d88a3d42ecdae3a3c9e633f9cc181a075cdf9025d50ea882c7b12,False
case_074,1,5,scene_a_peft,367580,1682239,4.576524838130475,3776728,18587872,14811144,14811144,0,0.0,0,0,0,0,18587872,98304,65542,10.475835199991707,0.0,,125,125,ok,8ab07df0b6c35d8d239dfdbf22a10d310a28debea18f029a9237d525ae139149,False
case_074,1,5,scene_a_spine,360288,1682239,4.669150790478728,3776728,18587872,14811144,14811144,0,0.0,0,0,0,0,18587872,98304,65542,20.505249899986666,0.0,,125,125,ok,ed15e9cff88b5ed039fe60fb156a251a19ccb614cb6178eac5d43d73be6584eb,False
case_074,1,5,weighted_window_20_s1.0,924273,1682239,1.820067231218482,3776728,43762328,39985600,39985600,0,0.0,0,0,0,0,43762328,24576,24576,90.24149410001701,0.0,,2582,2582,ok,39f7788ca30297c181a94f53f5543864f9af2e5818402ef60c83b5854fdcea5e,False
case_074,1,5,weighted_window_15_s0.65,825622,1682239,2.037541393034585,3776728,39961064,36184336,36184336,0,0.0,0,0,0,0,39961064,28672,32768,63.5874569999869,0.0,,2154,2154,ok,fee97e23658df0daf69cbd8630410437a5ea2136368d9850581d5d8b3b46e42a,False
case_074,1,5,weighted_window_10_s0.35,752748,1682239,2.2347970369898027,3776728,36643356,32866628,32866628,0,0.0,0,0,0,0,36643356,40960,32768,38.47722670005169,0.0,,1886,1886,ok,b09c6383a0717d5885cdd5bb1c78189d185d3b9fca509e4bde20158abb53fe6c,False
case_074,1,5,critical_cut_b0.16_s1.0,545493,1682239,3.0838874192702748,3776728,27992300,24215572,24215572,0,0.0,0,0,0,0,27992300,98304,49156,40.98005120002199,0.0,,1135,1135,ok,b7e3aa152cebc774ea3e3d7c85f3c9a117b50dc4c9cf15dc73b263214e792005,False
case_074,1,5,critical_cut_b0.06_s0.35,647348,1682239,2.5986625431761587,3776728,28713196,24936468,24936468,0,0.0,0,0,0,0,28713196,98304,49156,57.808827799977735,0.0,,1223,1223,ok,08b6beebdbc4a8b99e64b3e6dd7f3a7a232c8e26ba9771a2cc47ca2c6d318adf,False
case_074,1,5,win_w5,670610,1682239,2.508520600647172,3776728,30589698,26812970,26812970,0,0.0,0,0,0,0,30589698,49152,32772,61.65899329999229,0.0,,1515,1515,ok,b45b0cf196bb1acf6776bde640862db7274873e546335a1b3648b751bc4c3913,False
case_074,1,5,win_w7,569566,1682239,2.9535453310064153,3776728,28131852,24355124,24355124,0,0.0,0,0,0,0,28131852,49152,49156,40.97765600000275,0.0,,1219,1219,ok,48dcfb59133b0c55481be843a71b8897f4385259c9f85c88e366a0d8340d9ebf,False
case_074,1,5,win_w14,511827,1682239,3.2867336033464434,3776728,23757196,19980468,19980468,0,0.0,0,0,0,0,23757196,98304,65540,41.94171220000135,0.0,,754,754,ok,c5419797f14948fefcfaefc768d507d35e17a1c438d416cb6d49550b01d6d926,False
case_074,1,5,stageU4_k5,687763,1682239,2.4459574010233176,3776728,31981904,28205176,28205176,0,0.0,0,0,0,0,31981904,90112,32774,70.05593700002646,0.0,,1547,1547,ok,90efe9cf59e05a117d2c48796445a5eea6af37a0a6f0ebee08220a00196974c5,False
case_074,1,5,stageC5_k4,697205,1682239,2.4128326675798366,3776728,29262172,25485444,25485444,0,0.0,0,0,0,0,29262172,90112,32774,71.51284460001625,0.0,,1335,1335,ok,c302ace722635f16a91d1bd00ed1738d6234bd3d0f8977ffaee9256f932c2e68,False
case_074,1,5,stageU12_k5,665602,1682239,2.5273947494148157,3776728,32727492,28950764,28950764,0,0.0,0,0,0,0,32727492,90112,32774,55.205107300018426,0.0,,1643,1643,ok,08bc8ef6f0c7075150b7f31899ed2ba1c78c7c2af73c4468fd4bda15b0d07a38,False
case_074,1,5,component_group3,349460,1682239,4.813824185886797,3776728,14852312,11075584,11051008,24576,0.0,0,0,0,0,14852312,135168,122892,20.83020609995583,0.0,,25,25,ok,244445e4b89fdb2ab6035224f7d18788e78df77d6d6bfa75841e643cf0edf005,False
case_074,1,5,component_group4,345915,1682239,4.863157133978,3776728,13951192,10174464,10149888,24576,0.0,0,0,0,0,13951192,339968,122892,15.907036399992649,0.0,,19,19,ok,ae8266ad9445bf59e154d35b0685d3e5e2c8028c46780796db0afa6e12bbb2ee,False
case_074,1,5,component_group8,402015,1682239,4.184517990622241,3776728,12042456,8265728,8192000,73728,0.0,0,0,0,0,12042456,524288,122892,31.01576430001296,0.0,,10,10,ok,c8047c145d706c57e8923b78839e2584ea364ee3e07289342066708347ae2908,False
case_074,1,5,pipevec_merge,354503,1682239,4.745344891298522,3776728,18178264,14401536,14401536,0,0.0,0,0,0,0,18178264,98304,65542,17.309646599984262,0.0,,73,73,ok,f5b93564429fec49bd687ad69cdcccf831b2d39c2ce42bfd0f45544fd1c462fe,False
case_074,1,5,membatch_70,368497,1682239,4.565136215491578,3776728,17735896,13959168,13959168,0,0.0,0,0,0,0,17735896,98304,65542,13.360494799970184,0.0,,64,64,ok,3282c1031c255e56cc2517e4e4393c025946e10c3149dfbcc2acbc078af9efc4,False
case_074,1,5,kios_pipe_vector_lpt,379037,1682239,4.438192049852653,3776728,12103896,8327168,6799360,1527808,0.0,0,0,0,0,12103896,524288,114696,50.52410700003384,0.0,,5,5,ok,0b84500600c020657ee4f6d0b24369cac72ce490b9f4cbb9a98cc5642eb59e29,False
case_074,1,5,kios_adaptive_batch_t8,363872,1682239,4.623161441385982,3776728,17440984,13664256,13664256,0,0.0,0,0,0,0,17440984,98304,65542,16.76994540001033,0.0,,58,58,ok,960dd3fa81154fb270edd8510fde9e5a9f159fa5b9be20df720c5c0854f5f550,False
case_074,1,5,kios_adaptive_batch_t4,358493,1682239,4.692529561246663,3776728,15155416,11378688,11378688,0,0.0,0,0,0,0,15155416,331776,114696,11.910787899978459,0.0,,23,23,ok,bba95c51233b7408d50c05ad473f8edf9f0ae082f6054686ef42a8a9996c05a5,False
case_074,1,5,kios_adaptive_batch_t2,340564,1682239,4.939567893259417,3776728,14188768,10412040,10313728,98312,0.0,0,0,0,0,14188768,520192,122892,17.876587999984622,0.0,,13,13,ok,0f14bdf7fac85d2cf3acbfd79f1ce867b3d1b95acf3de093779fd10fe391acfe,False
case_074,1,5,component_group2,352537,1682239,4.771808349194552,3776728,15130840,11354112,11354112,0,0.0,0,0,0,0,15130840,331776,114696,9.656259400013369,0.0,,37,37,ok,08a8496b846e473136062af6989d5fab72837bab3c2fc555e7f501ec0d1b7225,False
case_074,1,5,component_group7,379089,1682239,4.437583258812574,3776728,13369568,9592840,9469952,122888,0.0,0,0,0,0,13369568,438272,122896,32.112563300004695,0.0,,11,11,ok,b0851d17c58703722a367386ee89dc2a73dfd61f51a00013698c3d1fed8d6567,False
case_074,1,5,pipe_seg_0.5,1670768,1682239,1.0068657048734475,3776728,14393692,10616964,10616964,0,0.0,0,0,0,0,14393692,200704,65540,15.129599599982612,0.0,,10,10,ok,51529da2e749c49ebc3f35ccea879fff874c78ff60879a2af07043eb494e080c,False
case_074,1,5,pipe_seg_0.5_peftins,1662668,1682239,1.0117708406007693,3776728,14393692,10616964,10616964,0,0.0,0,0,0,0,14393692,200704,65540,15.304331699968316,0.0,,10,10,ok,ca816fac4f39ea9d6caaf9ff658da212e087c53e9b296ef01121a25277c06443,False
case_074,1,5,pipe_seg_1.0,1731243,1682239,0.9716943259842783,3776728,12157276,8380548,5513348,2867200,0.0,0,0,0,0,12157276,524288,65540,20.096649899962358,0.0,,5,5,ok,6364805a7f3d02ace43fa642d4fd1adbad14c676302d8bd653c277e507bd8f27,False
case_074,1,5,pipe_seg_1.0_peftins,1727643,1682239,0.9737191074776445,3776728,12157276,8380548,5513348,2867200,0.0,0,0,0,0,12157276,524288,65540,15.216092599963304,0.0,,5,5,ok,34a42552c0e641e326df48576cbdbc8cb6778a61c7a595b49903938f4c7ce19a,False
case_074,1,5,pipe_seg_2.0,1739436,1682239,0.9671175024548186,3776728,11211100,7434372,3522692,3911680,0.0,0,0,0,0,11211100,524288,65540,12.619320800004061,0.0,,3,3,ok,da70c7f8bbd863e74d47d98806cac7806efafe58b81439c5308d1f656c7865ca,False
case_074,1,5,pipe_seg_2.0_peftins,1737636,1682239,0.9681193299402177,3776728,11211100,7434372,3522692,3911680,0.0,0,0,0,0,11211100,524288,65540,16.368536599969957,0.0,,3,3,ok,afd5a18a48a4c75c980225c0a4558c28dc408b115fd13fee84d15b45ce854796,False
case_074,1,5,lightcut_s8_m32_b262144_peftins,356445,1682239,4.719491085581225,3776728,18850044,15073316,15073316,0,0.0,0,0,0,0,18850044,98304,65540,15.32154370000353,0.0,,127,127,ok,af22e75aef913d020850e6dff860ab70faf265548e2c22411cb6cf8ce5f1cad9,False
case_074,1,5,vws32_64_t60_x,350984,1682239,4.792922184487042,3776728,18178264,14401536,14401536,0,0.0,0,0,0,0,18178264,98304,65542,13.277224800025579,0.0,,73,73,ok,6bda6d21ffd1369d5720db598890824654cf9b785a165f79d9e8340cff20756c,False
case_074,1,5,segs0.06_x,1660020,1682239,1.0133847784966445,3776728,15266192,11489464,11489464,0,0.0,0,0,0,0,15266192,204800,65540,10.259852799994405,0.0,,17,17,ok,f17f244c86dc9f850ac402b93afad0ec515eed24b61ddb26c280f4303520386c,False
case_074,1,5,segs0.12_x,1665302,1682239,1.0101705276280217,3776728,12517732,8741004,8732812,8192,0.0,0,0,0,0,12517732,524288,65540,6.789493400021456,0.0,,9,9,ok,d41b1d9ab03f1c61e69397e45475d8d5808a1c5c9c91ebcd440b07a8fa3f24e7,False
case_074,1,5,segs0.25_x,1750048,1682239,0.9612530627731354,3776728,11231586,7454858,3604618,3850240,0.0,0,0,0,0,11231586,524288,65540,15.460743400035426,0.0,,4,4,ok,194d40e24beca86773881b3ccf5548aa3e35fae6b6ecfa13a4c2fe89b8b01125,False
case_074,1,5,hyb24_4_x,639223,1682239,2.631693477862968,3776728,32235984,28459256,28459256,0,0.0,0,0,0,0,32235984,49152,32770,59.37265859998297,0.0,,1575,1575,ok,9123796abafd790208f05a6998eb7ffd3a13fc89154da95704f943379017c5d9,False
case_074,1,5,hyb24_6_x,616468,1682239,2.728834262281254,3776728,29193800,25417072,25417072,0,0.0,0,0,0,0,29193800,90112,49156,44.822061599988956,0.0,,1276,1276,ok,312c45bc331c7284f1726dca180cac09070317d0edc1d1ff06aafe231d53e7e4,False
case_074,1,5,rebal0_component_batches,354720,1682239,4.742441926026162,3776728,15089880,11313152,11272192,40960,0.0,0,0,0,0,15089880,339968,122892,19.473381599993445,0.0,,18,18,ok,062b788b9b757ae91b0b20f789f20bbe7c41e6aff143898922b568c4bd3051b0,False
case_074,1,5,rebal0.5_component_batches,358013,1682239,4.698820992533791,3776728,15089880,11313152,11272192,40960,0.0,0,0,0,0,15089880,339968,122892,15.258864900039043,0.0,,18,18,ok,ebf9fc0362ce416572c1745b3169ac27f54e7163347930d6a3fa30cb56155925,False
case_074,1,5,whole_graph,1682239,1682239,1.0,3776728,9847008,6070280,0,6070280,0.0,0,0,0,0,9847008,524288,122900,0.0,0.0,,1,1,ok,3ca6818e8c875b4d8b997a35387f2693ea8bfd25e8468f131547108f1522212d,True
